pred_id,Unnamed: 0,pickup_hour,pickup_day,pickup_month,pickup_weekday,passenger_count,trip_distance,PULocationID,DOLocationID,PU_DO,prediction,prediction_time,actual_duration
337d219f-6ebf-44bc-b7e1-90aa0cb9e7ef,15126,18,14,1,2,2.0,2.41,74,151,74_151,15.924678383636381,2026-09-16 07:31:37.022926,17.066666666666666
0a4c1c9b-21ef-499e-b618-a8be2bc93220,20006,10,19,1,0,1.0,4.05,41,230,41_230,21.864216731232577,2026-09-16 07:31:37.022926,19.783333333333335
474714f6-e95b-47a9-9046-622fa988c592,30,0,1,1,3,1.0,3.11,255,233,255_233,16.34166462252551,2026-09-16 07:31:37.022926,39.3
8a2b1569-674f-482f-bb25-48534fe75b9b,1136,12,2,1,4,1.0,4.87,134,92,134_92,16.445427883311762,2026-09-16 07:31:37.022926,10.733333333333333
0284efbe-65e1-4670-a4ac-41a70c69e35a,32985,13,30,1,4,1.0,0.64,24,151,24_151,5.820460478706275,2026-09-16 07:31:37.022926,5.466666666666667
28e0a045-a315-498c-91a2-d809269e4cee,4668,21,5,1,0,1.0,1.53,74,152,74_152,7.86464485880616,2026-09-16 07:31:37.022926,6.583333333333333
6ee9daea-f3c0-45ba-b738-1128bc0fc423,19538,16,18,1,6,1.0,3.31,65,256,65_256,19.288683230628216,2026-09-16 07:31:37.022926,12.816666666666666
80291f25-c426-420c-8b9d-86aff6c423c9,29157,17,27,1,1,1.0,1.5,75,74,75_74,12.933431426281642,2026-09-16 07:31:37.022926,15.466666666666669
4943f204-dbf9-4f7e-ad17-56d399db51f8,14904,17,14,1,2,1.0,5.92,244,143,244_143,21.109755040121836,2026-09-16 07:31:37.022926,28.4
e86fac07-5aa1-44f9-9f00-94efceb8e289,7991,17,8,1,3,1.0,2.49,74,263,74_263,17.137581314599345,2026-09-16 07:31:37.022926,18.8
cb62ef0d-4413-4ea3-b1f6-da9cab4903ae,13350,13,13,1,1,2.0,1.77,65,61,65_61,14.58059388377414,2026-09-16 07:31:37.022926,13.883333333333333
9bf812be-715b-458d-a858-dfcb496e36b8,30629,17,28,1,2,1.0,5.1,82,258,82_258,30.00348963943641,2026-09-16 07:31:37.022926,54.61666666666667
95aa6e8e-2434-41f3-96af-5dc8bb744e12,9160,16,9,1,4,1.0,1.77,75,238,75_238,13.049869157003243,2026-09-16 07:31:37.022926,14.966666666666669
f11f07fe-7939-490f-a60a-c045e48b8404,34642,19,31,1,5,1.0,1.91,82,70,82_70,13.64616826706639,2026-09-16 07:31:37.022926,19.466666666666665
4a050c31-fedf-4bae-b968-7c108374088c,20747,20,19,1,0,1.0,1.85,66,97,66_97,13.771379708582899,2026-09-16 07:31:37.022926,11.85
2ed5fa71-7773-4dd5-bb11-b4ac1a18a73f,13265,11,13,1,1,1.0,1.21,74,75,74_75,9.583000168697135,2026-09-16 07:31:37.022926,6.15
123453c8-9c1e-4f1c-a28e-43235f7fa8ef,20582,17,19,1,0,1.0,6.6,130,82,130_82,24.80552204724334,2026-09-16 07:31:37.022926,27.2
576ef978-de74-4649-a496-6cc26c47d9f1,17141,11,16,1,4,2.0,8.55,130,265,130_265,25.794585033768794,2026-09-16 07:31:37.022926,20.466666666666665
469bcea6-4a09-41ae-bc27-393bfb6fe095,18840,20,17,1,5,1.0,1.16,83,129,83_129,8.218662127397785,2026-09-16 07:31:37.022926,9.133333333333333
8ec8a8c8-00d6-4496-90d1-7a75b70ffbaa,9868,11,10,1,5,2.0,8.1,43,209,43_209,25.814285905294188,2026-09-16 07:31:37.022926,21.833333333333332
09ed649d-0634-44a3-b7c6-8951083910da,1046,11,2,1,4,1.0,4.49,74,237,74_237,26.26040819745388,2026-09-16 07:31:37.022926,17.45
05294787-a7ae-40e7-bb9c-e48fbfd64126,16519,19,15,1,3,1.0,1.58,95,96,95_96,9.572888395804268,2026-09-16 07:31:37.022926,10.233333333333333
3b45abc5-8070-4301-aef7-53bbc0cb0485,6804,17,7,1,2,1.0,2.28,74,263,74_263,16.21678780996588,2026-09-16 07:31:37.022926,13.083333333333334
98a422c5-2544-4e5c-9cb7-5713d0b7343a,15590,7,15,1,3,2.0,3.65,74,243,74_243,15.189003801992772,2026-09-16 07:31:37.022926,19.433333333333337
21140927-40d4-4d91-9506-726e49c68324,8508,7,9,1,4,1.0,1.95,41,238,41_238,13.20621411898435,2026-09-16 07:31:37.022926,17.383333333333333
ec9acac3-ccf9-4213-b393-2daaf25850a9,28638,10,27,1,1,2.0,10.2,244,13,244_13,35.1630244260696,2026-09-16 07:31:37.022926,44.63333333333333
4f69d405-b476-4d28-aca4-7e53d565538c,12687,19,12,1,0,2.0,1.9,97,17,97_17,13.899726732281946,2026-09-16 07:31:37.022926,17.1
fed8cad4-2aa2-4f3b-8d5b-11f8df49fb1a,100,2,1,1,3,1.0,3.82,198,49,198_49,15.580842613595442,2026-09-16 07:31:37.022926,20.916666666666668
a7540296-e05c-4dcd-9beb-0fa430c686dc,11505,20,11,1,6,1.0,0.93,75,236,75_236,5.903319753296429,2026-09-16 07:31:37.022926,5.266666666666667
8c9c8790-fd1a-4820-a025-eb0e00b77fa3,10729,1,11,1,6,1.0,0.0,92,264,92_264,-0.024531676886037537,2026-09-16 07:31:37.022926,0.6666666666666666
723eeec1-fa60-4aa1-9e76-7b96ca99383a,19478,15,18,1,6,1.0,0.62,82,82,82_82,6.007317405572796,2026-09-16 07:31:37.022926,4.183333333333334
60988f6e-321b-4795-8e7a-0f44e5e27966,7773,15,8,1,3,2.0,2.42,43,152,43_152,17.44127711593734,2026-09-16 07:31:37.022926,14.95
b97389f9-8d03-4ed1-8429-5125f8e844dc,9832,10,10,1,5,1.0,2.33,74,262,74_262,12.381201782980582,2026-09-16 07:31:37.022926,10.7
4b33743d-a6fb-46a7-8858-21711948aa79,12128,12,12,1,0,1.0,0.67,75,75,75_75,5.5512760410596815,2026-09-16 07:31:37.022926,5.65
30137bf7-a87c-4041-990b-a5ef91b775ca,8368,21,8,1,3,1.0,1.11,74,41,74_41,6.514577294256107,2026-09-16 07:31:37.022926,6.516666666666667
c6daca1a-3fe0-4867-ac73-dc08b4d93333,27246,18,24,1,5,2.0,0.3,166,166,166_166,3.5496883900182894,2026-09-16 07:31:37.022926,4.666666666666667
5f33db9c-4bd9-416e-9475-de2a61f79342,14086,23,13,1,1,1.0,1.91,130,28,130_28,9.432844581124694,2026-09-16 07:31:37.022926,9.8
b2bc1571-7457-48e4-ba55-f71f66170d66,12434,16,12,1,0,1.0,1.7,82,56,82_56,12.50475995173987,2026-09-16 07:31:37.022926,13.25
f234bb58-e008-4d0f-957b-b2322b8d6ac1,14503,11,14,1,2,1.0,2.6,75,142,75_142,17.164473869193916,2026-09-16 07:31:37.022926,30.7
30410c05-817e-4d4a-897f-001036667c43,18126,2,17,1,5,1.0,0.61,255,256,255_256,4.310064054280746,2026-09-16 07:31:37.022926,5.616666666666666
15ad5f8e-616f-44a6-a91f-885aa8cfa0fb,34413,13,1,2,6,5.0,2.32,82,138,82_138,11.117943607628378,2026-09-16 07:31:37.022926,12.333333333333334
ff5eec57-1673-47a7-aa25-59311b076658,10294,16,10,1,5,1.0,1.58,92,171,92_171,10.280001224541696,2026-09-16 07:31:37.022926,12.616666666666667
c3605273-ad10-4d67-b26b-45ff4cafaacf,12055,11,12,1,0,1.0,1.6,74,166,74_166,11.725528810363194,2026-09-16 07:31:37.022926,8.95
6ec8b1f9-5452-463d-9ad7-af6339095798,34571,18,31,1,5,1.0,3.43,74,237,74_237,22.36629649426582,2026-09-16 07:31:37.022926,17.816666666666666
46334e27-cd0e-49cb-ab47-fdba862a974c,501,16,1,1,3,2.0,2.06,74,151,74_151,11.797307067916188,2026-09-16 07:31:37.022926,10.95
02026fa1-6d50-4442-92f4-fff88c854908,33111,14,30,1,4,1.0,0.89,74,41,74_41,9.298105923951487,2026-09-16 07:31:37.022926,6.166666666666667
2709b4d1-9611-4a9b-b690-884fddb4855a,9669,1,10,1,5,1.0,0.92,255,255,255_255,5.248939525768093,2026-09-16 07:31:37.022926,5.033333333333333
efa9a6d3-75d2-40e3-993c-ca4fd29f313f,30983,21,28,1,2,1.0,0.07,236,264,236_264,0.24332841813031195,2026-09-16 07:31:37.022926,0.05
6bf1aa24-61b1-469f-991b-27d52b5aa64d,8093,18,8,1,3,1.0,1.49,74,43,74_43,9.86068487654261,2026-09-16 07:31:37.022926,7.9
c58daccb-d1c3-47c3-8f56-d6f38d434527,7224,7,8,1,3,1.0,3.5,74,140,74_140,19.201653022103805,2026-09-16 07:31:37.022926,16.566666666666666
9039bfa9-0793-4bd0-87b4-0a8383cb18a4,10984,12,11,1,6,1.0,0.5,75,75,75_75,3.926437804033544,2026-09-16 07:31:37.022926,3.0166666666666666
b4bbae2c-91e7-4810-934a-b4fc0bc7f641,12087,12,12,1,0,1.0,4.33,130,132,130_132,19.806374948272286,2026-09-16 07:31:37.022926,22.716666666666665
2d7d1a4c-a141-4332-b8c0-ac67ebf8fe73,21845,17,20,1,1,1.0,2.24,152,75,152_75,14.079211442233813,2026-09-16 07:31:37.022926,15.5
3621bf85-813d-4adf-8ece-c3cc7a42917a,10605,21,10,1,5,1.0,3.18,260,223,260_223,12.73667801831836,2026-09-16 07:31:37.022926,9.966666666666669
ddac610c-8efe-44b2-a0f5-63bed8b01d5e,23800,8,22,1,3,1.0,1.65,74,75,74_75,16.157574479878797,2026-09-16 07:31:37.022926,10.533333333333331
9a724f53-a734-4fc3-99af-14dac584dabd,22352,8,21,1,2,1.0,1.94,74,166,74_166,13.89092463338126,2026-09-16 07:31:37.022926,15.366666666666667
0e62874c-5323-4b32-ba9c-ef5fe26f4bb8,28513,8,27,1,1,2.0,2.22,236,74,236_74,20.95737014526364,2026-09-16 07:31:37.022926,20.983333333333334
392776b5-0de6-444a-a246-7c3c5fb3506c,10512,19,10,1,5,1.0,1.55,97,33,97_33,13.004039700010665,2026-09-16 07:31:37.022926,11.5
25755ca3-e505-4429-9e2a-d97a4dd9892d,7371,9,8,1,3,1.0,1.45,166,152,166_152,10.139464310648577,2026-09-16 07:31:37.022926,10.216666666666669
87bc3077-ef1c-4b43-9625-ca8ec9d4c5f2,6981,18,7,1,2,1.0,2.07,43,237,43_237,15.218739166399544,2026-09-16 07:31:37.022926,12.4
6f16f226-dd19-4286-9ecd-87360c4dc993,2651,22,3,1,5,2.0,2.76,129,223,129_223,12.762221347174416,2026-09-16 07:31:37.022926,10.55
02f93880-f468-47d6-8ef9-4488ac207fe2,22365,7,21,1,2,1.0,2.86,74,119,74_119,17.429446564493308,2026-09-16 07:31:37.022926,19.716666666666665
59df2def-d60b-4869-a210-55ed5b97ecff,10910,11,11,1,6,2.0,10.0,244,264,244_264,26.608485193602185,2026-09-16 07:31:37.022926,19.416666666666668
7786b646-b06f-461f-a84c-d7ab942c3c10,32761,10,30,1,4,1.0,5.92,65,228,65_228,26.949360363411426,2026-09-16 07:31:37.022926,37.416666666666664
22b9a531-42f7-4680-92c8-4b43e967c35a,15959,14,15,1,3,1.0,0.05,92,92,92_92,1.9929018115595378,2026-09-16 07:31:37.022926,0.2333333333333333
21038701-3f8f-41e5-a4d8-c63fc0beb0f7,6028,7,7,1,2,5.0,1.36,263,74,263_74,9.205626889533661,2026-09-16 07:31:37.022926,5.483333333333333
36189112-cd26-4fb8-a3c2-f3b4af9354a6,19624,18,18,1,6,1.0,1.0,43,236,43_236,6.244179157430119,2026-09-16 07:31:37.022926,5.433333333333334
e50efd8d-f4cc-4cb8-aa5f-6111cb7ff387,2451,18,3,1,5,2.0,3.44,129,95,129_95,17.773414555757665,2026-09-16 07:31:37.022926,19.2
73a2f48a-e219-4301-b774-2cca8d2dfa0a,4447,17,5,1,0,2.0,0.42,75,236,75_236,4.427322547179032,2026-09-16 07:31:37.022926,4.566666666666666
a9c5a0ea-80ab-4b09-9792-e0f5b4a39265,28765,12,27,1,1,1.0,3.12,74,238,74_238,28.128897007297265,2026-09-16 07:31:37.022926,29.916666666666668
c7b2f72d-03aa-4595-9e58-1f9de89b4cea,9155,16,9,1,4,2.0,1.6,75,166,75_166,12.48564681542989,2026-09-16 07:31:37.022926,11.516666666666667
ff257c9e-4015-4c7e-8277-83e189302080,7377,9,8,1,3,1.0,1.53,74,236,74_236,12.427508859532837,2026-09-16 07:31:37.022926,10.483333333333333
2877fb34-7de3-4df3-b11f-92e11b588531,9141,16,9,1,4,1.0,6.72,182,74,182_74,28.984892193313346,2026-09-16 07:31:37.022926,42.05
977ae7c0-c1e6-41ad-a3a4-1fa95227cf63,14589,13,14,1,2,1.0,3.33,41,237,41_237,26.413169339064847,2026-09-16 07:31:37.022926,24.716666666666665
d835773e-7373-4eca-a513-2f16fc748b5e,30827,19,28,1,2,1.0,1.24,49,97,49_97,10.25722984457145,2026-09-16 07:31:37.022926,7.016666666666667
44b8a55d-a35e-488d-a672-443f01fa65e5,5137,12,6,1,1,1.0,1.86,152,244,152_244,12.203097967255886,2026-09-16 07:31:37.022926,15.033333333333331
ef6d7e49-4e08-459e-9a8b-1a8eb7066dd4,6996,20,7,1,2,1.0,2.94,97,89,97_89,16.655945005107192,2026-09-16 07:31:37.022926,18.066666666666663
96d3072c-6c1f-43c5-a9ba-1f102dd54fee,5354,15,6,1,1,1.0,2.49,74,238,74_238,17.97158158558823,2026-09-16 07:31:37.022926,20.15
039e7cb2-4d00-4c45-b886-c3dd85d575e3,31012,22,28,1,2,1.0,1.34,75,74,75_74,6.460992502729213,2026-09-16 07:31:37.022926,3.6333333333333337
62ed8392-7941-45bf-840a-8e91f0e999f4,11021,12,11,1,6,1.0,2.43,74,168,74_168,13.390595740679416,2026-09-16 07:31:37.022926,13.316666666666666
2f81b784-9d51-4c01-b01e-84f4d3b42c09,21730,16,20,1,1,6.0,1.43,75,74,75_74,8.724161330724526,2026-09-16 07:31:37.022926,8.55
8ad1e743-c52d-48cd-9fcc-6b9e8883aa64,10695,0,11,1,6,2.0,6.91,112,238,112_238,21.338610970402787,2026-09-16 07:31:37.022926,32.18333333333333
53450838-5540-48cb-9cd3-df4cfbc7ba04,2436,18,3,1,5,2.0,4.4,65,35,65_35,24.358718176419575,2026-09-16 07:31:37.022926,23.716666666666665
9fa6abc2-d9e2-419a-8866-33c0c1224439,23659,7,22,1,3,1.0,0.7,74,75,74_75,7.3789497094707555,2026-09-16 07:31:37.022926,5.95
0f937444-06b7-4351-96b9-14e945a94dd1,25172,9,23,1,4,1.0,2.4,74,151,74_151,16.91757720094235,2026-09-16 07:31:37.022926,19.3
aaa5f555-413e-4901-8d81-fdd703c3e4c1,15987,14,15,1,3,1.0,6.42,244,142,244_142,26.919407194354555,2026-09-16 07:31:37.022926,17.85
6a983013-147d-4171-841f-ebd1144941c3,14317,9,14,1,2,1.0,4.03,95,198,95_198,20.037008034698843,2026-09-16 07:31:37.022926,21.933333333333337
f2331689-5aae-4759-81b1-1748da777b86,33124,14,30,1,4,1.0,1.88,74,236,74_236,20.805172950187803,2026-09-16 07:31:37.022926,24.083333333333332
ec7d2dd4-4a06-4fae-803d-5acdcdd0985e,9072,15,9,1,4,6.0,1.33,43,237,43_237,11.098629392555853,2026-09-16 07:31:37.022926,11.066666666666666
ea233021-03a9-4b2a-90e6-89ab040d4f0f,24851,20,22,1,3,1.0,1.56,75,74,75_74,7.929976006267189,2026-09-16 07:31:37.022926,7.016666666666667
f74c684e-1fdd-4803-a09d-4db5687b978a,5744,19,6,1,1,5.0,2.3,66,40,66_40,13.472564137708698,2026-09-16 07:31:37.022926,11.583333333333334
e7f87c40-9173-483d-a08b-ad1ce7f62b83,16162,16,15,1,3,1.0,0.79,75,74,75_74,5.25300889894681,2026-09-16 07:31:37.022926,3.466666666666667
91e28c9c-7737-4d18-b05a-80e9032b9c10,24712,18,22,1,3,1.0,1.98,74,166,74_166,14.048596222888667,2026-09-16 07:31:37.022926,14.216666666666669
13d59a16-9e5c-4cd7-b1f5-0d706ff94ce4,8762,12,9,1,4,1.0,1.83,74,75,74_75,14.07382257587277,2026-09-16 07:31:37.022926,14.283333333333331
d95a4f24-417f-47c3-a0c8-d26efecc578b,10355,17,10,1,5,1.0,1.93,74,74,74_74,10.604656752931849,2026-09-16 07:31:37.022926,9.616666666666667
117b8481-0fbd-46c6-badc-e0db25f29474,30665,18,28,1,2,2.0,1.2,97,49,97_49,11.954869282051304,2026-09-16 07:31:37.022926,9.45
f4b585a7-b283-4e0a-b723-e444e65496c9,28831,13,27,1,1,5.0,1.88,74,263,74_263,17.738051050026566,2026-09-16 07:31:37.022926,19.55
6813cbbe-c0be-4230-9477-57af29b02676,6453,13,7,1,2,5.0,5.37,226,95,226_95,27.506991260210604,2026-09-16 07:31:37.022926,36.11666666666667
90641484-fa8f-495a-8672-b3908d3c5767,20978,7,20,1,1,1.0,0.0,92,192,92_192,1.9942725551500657,2026-09-16 07:31:37.022926,8.616666666666667
680c1304-bdf8-4a75-ad61-9f6edd1e3fc3,34632,19,31,1,5,1.0,2.31,74,238,74_238,15.626184692531783,2026-09-16 07:31:37.022926,15.3
1b13966f-4105-4980-86bf-9804381326bc,8345,22,8,1,3,1.0,0.73,75,75,75_75,4.983223594578684,2026-09-16 07:31:37.022926,5.866666666666666
7c7ede02-bf4d-4ab4-8ad8-21880c0d3e5e,18698,17,17,1,5,1.0,1.29,74,75,74_75,7.858781452878037,2026-09-16 07:31:37.022926,7.316666666666666
19e64640-804c-4225-9028-102a607927d6,31780,15,29,1,3,1.0,1.4,74,75,74_75,14.683810716417554,2026-09-16 07:31:37.022926,19.5
79d5482b-c4cb-4f9f-919a-b6fd96d93e2f,2649,22,3,1,5,1.0,2.23,197,10,197_10,12.91420849681502,2026-09-16 07:31:37.022926,9.483333333333333
f6f4a14c-34bc-42a2-933e-2ea5584ac2e3,31956,17,29,1,3,1.0,5.6,244,74,244_74,24.46225983461477,2026-09-16 07:31:37.022926,25.716666666666665
603f86fd-7341-4e7e-99ae-7d44ae60e19e,21266,10,20,1,1,1.0,1.5,75,262,75_262,13.552273838710468,2026-09-16 07:31:37.022926,8.4
1014970d-3029-4712-8bc1-7cfd2d591079,24497,17,22,1,3,1.0,1.42,43,238,43_238,10.005491659375386,2026-09-16 07:31:37.022926,9.516666666666667
98e3af40-5b96-4209-ab3d-f02c19993ad8,15262,20,14,1,2,1.0,0.97,75,43,75_43,5.838468912506965,2026-09-16 07:31:37.022926,4.8
372b0f8d-62be-4d11-9243-f7ef58468891,10270,16,11,1,6,1.0,2.22,74,263,74_263,12.509720243848665,2026-09-16 07:31:37.022926,9.45
f7fd2bb1-fd53-4f3f-b262-01a358cca767,22472,7,21,1,2,6.0,1.22,74,41,74_41,9.13074915392561,2026-09-16 07:31:37.022926,9.5
daef18e5-82f8-4675-a09c-729d7ea4e3bd,23365,19,21,1,2,1.0,0.53,75,236,75_236,3.591396046617613,2026-09-16 07:31:37.022926,2.6666666666666665
56986ce0-e08d-44f2-8807-a5c2d4038934,28727,11,27,1,1,1.0,1.69,244,235,244_235,15.05987989442063,2026-09-16 07:31:37.022926,17.55
09460bd4-9a90-4df5-99de-968bd92cb486,5311,14,6,1,1,1.0,3.32,74,141,74_141,22.495813126394996,2026-09-16 07:31:37.022926,25.616666666666667
367e92fc-3a1c-4c89-8e5d-0b692b2e2c20,7189,7,8,1,3,1.0,3.36,74,140,74_140,19.201653022103805,2026-09-16 07:31:37.022926,17.05
20d85d37-aa85-4d36-8242-a3469f56e2d8,27188,17,24,1,5,1.0,2.29,43,239,43_239,13.145187540992149,2026-09-16 07:31:37.022926,10.35
9db50575-d784-481b-933c-bb0ee9c494ea,16960,8,16,1,4,1.0,10.8,129,216,129_216,32.3500042127991,2026-09-16 07:31:37.022926,30.566666666666663
bbfb6e81-4cfb-4698-9920-6c2ad8c4f2ea,11702,7,12,1,0,1.0,1.21,74,75,74_75,9.122966578446116,2026-09-16 07:31:37.022926,12.116666666666667
8122cdc9-0f35-4083-8eca-43f53cd17b70,5889,22,6,1,1,2.0,1.01,74,75,74_75,5.120857036367844,2026-09-16 07:31:37.022926,3.6666666666666665
67fd2d2a-62c1-45cb-9a34-82d60195c56f,6688,16,7,1,2,1.0,2.5,74,264,74_264,18.71366513215662,2026-09-16 07:31:37.022926,21.333333333333332
af3ea3a9-1bd7-4885-bd5f-972d895465c5,28344,3,27,1,1,1.0,0.32,138,138,138_138,2.12770500097843,2026-09-16 07:31:37.022926,6.866666666666666
ad84daa7-b93b-46b9-a25d-210c67b2d643,12376,16,12,1,0,1.0,1.81,95,95,95_95,12.727249874829678,2026-09-16 07:31:37.022926,16.3
dca98a8f-5574-450d-bf5f-dc1eb591a917,13082,9,13,1,1,1.0,2.99,179,129,179_129,17.47242181898208,2026-09-16 07:31:37.022926,12.216666666666669
1990e6ac-5e36-4d60-8d29-65f689b40552,1361,16,2,1,4,1.0,1.12,65,49,65_49,11.447895445167521,2026-09-16 07:31:37.022926,8.533333333333333
148bf5ca-b52a-4dc4-9545-befdc7ec9c8a,13481,15,13,1,1,3.0,1.23,95,95,95_95,9.39800997681519,2026-09-16 07:31:37.022926,10.033333333333331
a3c2587e-8194-4292-bbff-1e6096e5b85f,11092,14,11,1,6,1.0,1.3,75,236,75_236,8.190341375445422,2026-09-16 07:31:37.022926,8.816666666666666
c6e54ec7-a1b2-41b4-8a1e-88ae252de676,27091,16,24,1,5,1.0,3.07,74,239,74_239,17.938651042902848,2026-09-16 07:31:37.022926,16.25
138b472d-428e-4d5f-ba38-e19cd4ecdfe8,28629,10,27,1,1,1.0,4.14,74,140,74_140,34.45578376568556,2026-09-16 07:31:37.022926,42.0
d0fee3a0-f0e9-47b5-88d4-f218792abc1d,31558,13,29,1,3,1.0,1.47,75,74,75_74,13.868727912604548,2026-09-16 07:31:37.022926,12.7
53329428-05a6-4827-9a7c-096da43179f8,18604,15,17,1,5,1.0,2.48,74,263,74_263,14.128293972244013,2026-09-16 07:31:37.022926,10.75
78dfb867-3376-42ed-a379-d396fc4be72c,26834,13,24,1,5,2.0,11.52,130,265,130_265,32.64664526129853,2026-09-16 07:31:37.022926,24.383333333333333
17105b6c-3e31-4746-ae73-f721b4ebcd9c,22373,7,21,1,2,2.0,0.07,130,130,130_130,1.3746700589377034,2026-09-16 07:31:37.022926,0.7666666666666667
f285833b-56fe-419a-8ef8-337585a4215d,9499,20,9,1,4,1.0,6.56,75,75,75_75,24.09350922635085,2026-09-16 07:31:37.022926,27.766666666666666
d1c2d852-c821-494a-a9cb-6c21e4359f72,33050,13,30,1,4,1.0,3.28,75,140,75_140,32.26504632434398,2026-09-16 07:31:37.022926,30.15
5abbd748-59cc-4445-8a90-08654db04e1c,31652,14,29,1,3,1.0,6.26,43,68,43_68,33.279176960433674,2026-09-16 07:31:37.022926,37.766666666666666
99f311fb-cb14-400d-893e-f1240ea135c9,13053,8,14,1,2,1.0,3.49,74,244,74_244,21.67244168651272,2026-09-16 07:31:37.022926,21.6
42d32dd7-5d69-4712-85e3-aeaad153abec,7947,17,8,1,3,1.0,0.94,43,151,43_151,5.74485085524865,2026-09-16 07:31:37.022926,4.283333333333333
185eef4d-faaf-44d7-b403-76545a30041b,32180,19,29,1,3,1.0,0.0,236,236,236_236,2.603272449069179,2026-09-16 07:31:37.022926,6.15
922ab49c-a873-4a2d-a5f9-02490d994398,3094,14,4,1,6,1.0,2.78,74,238,74_238,14.67999944401168,2026-09-16 07:31:37.022926,11.733333333333333
317d30ff-8284-4fa6-ab1a-fd940432cb6a,9689,2,10,1,5,1.0,1.61,112,256,112_256,8.189132303008488,2026-09-16 07:31:37.022926,8.266666666666667
1a7d3c7f-0bb4-4d23-b3c3-ea877088d010,11125,13,11,1,6,1.0,1.66,75,237,75_237,10.811259972718426,2026-09-16 07:31:37.022926,10.816666666666666
e70503fe-558f-4b02-95e9-f81868f0c9e3,16767,23,15,1,3,1.0,1.73,66,97,66_97,11.32095592642726,2026-09-16 07:31:37.022926,13.2
2b310934-6b2c-48b3-80ae-2d53800901d7,19002,0,18,1,6,1.0,0.0,74,75,74_75,20.163210922616514,2026-09-16 07:31:37.022926,5.1
5e9b4138-7d43-4ba5-b0ef-61e32f07a441,14041,20,13,1,1,1.0,1.29,260,129,260_129,8.147121270879639,2026-09-16 07:31:37.022926,6.566666666666666
8e29e8ee-60ad-474e-8dc4-b5ac74a8e2b9,1976,9,3,1,5,1.0,2.56,95,102,95_102,12.393881844849803,2026-09-16 07:31:37.022926,11.133333333333333
93b3b121-75e4-4ca8-a7fb-f07a9cd055fd,20992,7,20,1,1,2.0,1.2,74,75,74_75,9.73297882544871,2026-09-16 07:31:37.022926,10.3
ec60be94-29d6-438b-b1f6-048034132265,13787,18,13,1,1,1.0,1.75,75,237,75_237,12.65257929978146,2026-09-16 07:31:37.022926,12.683333333333334
d45a9d0c-764c-49e3-a1da-fa1b3608aa5c,9282,18,9,1,4,5.0,1.85,134,197,134_197,11.565295009508366,2026-09-16 07:31:37.022926,8.283333333333333
fff7fc9a-e0a7-4b78-ade3-a27c9249294e,31632,14,29,1,3,1.0,3.65,82,138,82_138,12.542631916702597,2026-09-16 07:31:37.022926,12.716666666666669
5d7f4b9a-aa93-4d98-a110-9015f2a3472f,23781,8,22,1,3,1.0,1.35,74,41,74_41,11.349511870757036,2026-09-16 07:31:37.022926,10.816666666666666
dee03a2d-0312-4bb1-82a3-b01c68a7ff03,7526,12,8,1,3,1.0,2.51,41,42,41_42,15.872969104914068,2026-09-16 07:31:37.022926,14.616666666666667
61a99418-d804-464c-a060-b9dac684e716,16917,8,16,1,4,1.0,1.25,236,262,236_262,10.79914301441753,2026-09-16 07:31:37.022926,14.633333333333333
3407990d-03df-48c4-88fa-ce3255e6f41c,31695,15,29,1,3,1.0,1.92,74,263,74_263,19.063995889644062,2026-09-16 07:31:37.022926,18.283333333333335
b26b9bfb-1984-41a1-a058-672787798eb4,20298,14,19,1,0,1.0,2.85,74,262,74_262,16.82896924043077,2026-09-16 07:31:37.022926,13.316666666666666
f2ef51c3-bd18-4d89-99a5-b97b3f64d06f,12691,19,12,1,0,1.0,0.78,43,236,43_236,5.319413326651289,2026-09-16 07:31:37.022926,5.016666666666667
2b73d238-f2fb-4382-ba0c-b0e7cea03992,5794,20,6,1,1,1.0,1.12,75,236,75_236,6.822380899303222,2026-09-16 07:31:37.022926,6.95
97fa212d-b458-4b43-af24-d01a760b0907,19254,11,18,1,6,1.0,1.61,41,151,41_151,9.320335659602371,2026-09-16 07:31:37.022926,8.116666666666667
a243b634-9760-47d5-9a8e-a55985628bef,29249,18,27,1,1,1.0,0.9,95,95,95_95,8.542400894764503,2026-09-16 07:31:37.022926,18.166666666666668
f931e4b1-48b1-427b-aca1-ea254df6e9eb,2497,17,3,1,5,2.0,2.14,74,263,74_263,12.419643695421676,2026-09-16 07:31:37.022926,11.066666666666666
df8684f6-e233-4bc8-b2cd-dcda77344185,31893,16,29,1,3,1.0,2.68,130,205,130_205,22.521091359152557,2026-09-16 07:31:37.022926,30.416666666666668
f9f03f38-1bdc-47e6-bf1d-451f84b6f979,2078,12,3,1,5,1.0,7.39,95,145,95_145,26.382727519244103,2026-09-16 07:31:37.022926,30.816666666666663
fca34f96-be79-4b08-a00f-63ee670ca4b5,16226,16,15,1,3,1.0,1.09,75,238,75_238,8.086414373727525,2026-09-16 07:31:37.022926,9.283333333333331
7e74099d-0fdf-4f2f-bf86-49051e07028b,27526,23,24,1,5,1.0,2.53,74,237,74_237,11.137516317905812,2026-09-16 07:31:37.022926,11.733333333333333
e5bf2540-3eea-4c7b-a5dc-bb262930fad3,32400,21,29,1,3,1.0,1.76,95,135,95_135,10.201749206784825,2026-09-16 07:31:37.022926,11.816666666666666
341beb1f-2d00-4dfb-935d-e939dc535a4d,18558,15,17,1,5,1.0,0.72,41,41,41_41,5.531669408510674,2026-09-16 07:31:37.022926,5.65
6e6af846-b510-4793-9dc9-85c2df1e7da7,5002,10,6,1,1,1.0,2.05,43,239,43_239,13.632990310996963,2026-09-16 07:31:37.022926,11.55
764344c3-2b38-4cc1-87d7-eee797a7aec1,16406,18,15,1,3,1.0,1.96,95,102,95_102,13.432138517180856,2026-09-16 07:31:37.022926,16.4
33f7e87d-fcd5-4d59-bb9e-2e7d770a732d,15299,21,14,1,2,2.0,1.3,166,152,166_152,6.971887512383557,2026-09-16 07:31:37.022926,5.583333333333333
723f191b-bf9e-4737-8a50-7101a93eb753,10862,9,11,1,6,2.0,0.89,83,83,83_83,5.6061421440475,2026-09-16 07:31:37.022926,5.566666666666666
b6b037b6-864b-4cb2-935f-fa455b045c29,16065,15,15,1,3,1.0,0.71,75,236,75_236,6.36368823395458,2026-09-16 07:31:37.022926,8.05
95fb04cb-f3de-4c4c-9183-230f9b90d315,33669,20,30,1,4,5.0,1.58,75,74,75_74,9.057068577769842,2026-09-16 07:31:37.022926,13.883333333333333
dfc73fec-3bfb-4cab-83fa-e44f264450a1,20571,17,19,1,0,1.0,0.79,74,74,74_74,5.7752790596593995,2026-09-16 07:31:37.022926,4.983333333333333
1748e8d7-7c19-4b86-b138-fe3bf15fbf98,15306,21,14,1,2,1.0,2.27,75,238,75_238,11.623058856945327,2026-09-16 07:31:37.022926,13.0
4b5f8563-8c87-4db4-8f2d-05c978a8cb31,32282,20,29,1,3,1.0,1.49,260,7,260_7,10.930004818754263,2026-09-16 07:31:37.022926,12.8
8c488da8-d762-4963-b709-d9991f76a555,5359,15,6,1,1,1.0,1.58,75,238,75_238,12.247700821762862,2026-09-16 07:31:37.022926,12.233333333333333
d0daddad-3654-4f7c-a7bf-79df155b9657,3612,7,5,1,0,1.0,1.36,74,75,74_75,9.270063967056723,2026-09-16 07:31:37.022926,11.033333333333331
91df3df3-981d-4a6c-bdc6-5966124de275,7623,13,8,1,3,1.0,1.67,52,49,52_49,14.378484208209574,2026-09-16 07:31:37.022926,13.7
3357b529-d60c-42b4-93a0-6d927fe2b12b,8663,10,9,1,4,1.0,5.67,244,75,244_75,18.363222094194533,2026-09-16 07:31:37.022926,20.65
dacc8587-74c4-4244-ad1a-29d8c94a1708,26678,11,24,1,5,1.0,0.72,41,41,41_41,5.109729460346895,2026-09-16 07:31:37.022926,4.683333333333334
dc838b9b-d5fd-4bfc-8549-9a598639d632,22830,11,21,1,2,1.0,3.48,41,140,41_140,21.140177224454607,2026-09-16 07:31:37.022926,29.183333333333337
bde9814f-2c7a-4fb5-bffe-ac6e461780b3,22244,23,20,1,1,2.0,5.92,129,92,129_92,22.766906088445598,2026-09-16 07:31:37.022926,13.916666666666666
66a538be-0103-45b0-bee8-a5c40388d334,20812,21,19,1,0,1.0,2.4,74,116,74_116,11.702527227434905,2026-09-16 07:31:37.022926,12.583333333333334
d256b001-68e9-426e-9cf7-823d71e80348,17365,14,16,1,4,1.0,0.65,75,75,75_75,5.64918292999322,2026-09-16 07:31:37.022926,6.1
a24208e4-7d4b-4fe0-969f-74ddb3411cdb,3054,13,4,1,6,1.0,0.75,236,75,236_75,5.581247828683557,2026-09-16 07:31:37.022926,4.133333333333334
a6c741c2-9992-4be4-8cfc-a860ce55f1c4,3056,13,4,1,6,1.0,2.7,75,161,75_161,18.86198941446939,2026-09-16 07:31:37.022926,14.683333333333334
8506ab8b-95dd-4eaf-a0ba-492c2cf6cc63,5399,15,6,1,1,2.0,0.55,166,166,166_166,4.300987877521664,2026-09-16 07:31:37.022926,2.783333333333333
cd9ba42e-41c4-4f15-9af9-1b45d707055b,29101,16,27,1,1,1.0,1.87,74,151,74_151,17.88523657225334,2026-09-16 07:31:37.022926,16.216666666666665
1e992b10-6613-4080-8e76-b69a8d6a3e0e,12878,23,12,1,0,1.0,1.6,74,236,74_236,8.115266224686085,2026-09-16 07:31:37.022926,4.9
79f8fb0d-0253-4ee0-857c-f3fe45df6b37,7617,13,8,1,3,2.0,1.91,75,263,75_263,13.047638741852278,2026-09-16 07:31:37.022926,13.466666666666669
911f8eba-a87e-413b-9780-72be09eeee59,30096,11,28,1,2,1.0,2.8,43,264,43_264,23.043612467341966,2026-09-16 07:31:37.022926,32.266666666666666
444c1cc5-c5aa-45c0-a228-b39c93968975,7903,16,8,1,3,1.0,2.47,95,56,95_56,17.003481579681672,2026-09-16 07:31:37.022926,24.516666666666666
64994008-0c28-448a-a67c-eac75862797e,237,6,1,1,3,1.0,0.0,129,138,129_138,5.166929169835295,2026-09-16 07:31:37.022926,9.583333333333334
cd49d064-da84-4089-af7e-277b30ba976a,3090,14,4,1,6,2.0,0.38,260,260,260_260,3.683994222931871,2026-09-16 07:31:37.022926,1.7666666666666666
a2dc8c75-9e12-4c64-bb1e-c985480bc074,4407,18,5,1,0,1.0,1.43,75,262,75_262,8.834827599847968,2026-09-16 07:31:37.022926,11.283333333333331
1df64e58-7bcb-469d-bbee-4491418748df,19132,7,18,1,6,2.0,1.35,74,75,74_75,6.977839680973411,2026-09-16 07:31:37.022926,6.866666666666666
b941eaa6-5cfd-4372-9ab4-9db11dd4b963,17044,9,16,1,4,1.0,0.58,75,263,75_263,4.34977154119892,2026-09-16 07:31:37.022926,3.8333333333333335
f97696b5-c58d-4144-b7e8-dc3059b1a99d,30347,15,28,1,2,1.0,5.0,166,262,166_262,34.526829322620756,2026-09-16 07:31:37.022926,40.71666666666667
7560e6c7-4005-4f77-a617-db0741baa78a,6395,13,7,1,2,1.0,0.46,41,42,41_42,3.663146002715021,2026-09-16 07:31:37.022926,2.2
051bd7d7-5a49-4aea-b4aa-4563f6c26ac1,18260,10,17,1,5,3.0,2.42,166,43,166_43,12.976370858986455,2026-09-16 07:31:37.022926,14.516666666666667
891d4581-55f1-4f26-9137-9f2e3a46de8b,20947,6,20,1,1,1.0,1.38,74,75,74_75,8.439547784011665,2026-09-16 07:31:37.022926,5.9
ef126783-ddba-4f9e-85f9-75cb2425b3e8,20732,19,19,1,0,1.0,2.35,74,263,74_263,12.440356487385014,2026-09-16 07:31:37.022926,11.666666666666666
a43d2e34-81f2-4082-8361-99dffba8b777,9365,17,9,1,4,3.0,1.67,75,151,75_151,12.581653741273538,2026-09-16 07:31:37.022926,9.916666666666666
a3dfc747-3ae3-4b5e-bc62-341865a98380,34785,22,31,1,5,5.0,9.9,97,143,97_143,29.172778391620795,2026-09-16 07:31:37.022926,36.4
2c905a12-8840-4e7e-9fbe-330c851687b3,30978,21,28,1,2,1.0,0.77,95,95,95_95,6.45121589607599,2026-09-16 07:31:37.022926,6.116666666666666
a09d12b6-dd6b-40e6-bcb5-2c9ccce7e0af,23264,18,21,1,2,1.0,2.12,75,239,75_239,13.13842990857825,2026-09-16 07:31:37.022926,9.933333333333334
a10de89c-d681-48b8-8425-a31b67e7c576,15336,22,14,1,2,1.0,1.28,223,223,223_223,6.984674982655453,2026-09-16 07:31:37.022926,6.666666666666667
a402229f-3b70-4ea1-8eb4-1fb2278ff1d9,4780,6,6,1,1,1.0,1.7,166,75,166_75,9.861153435286605,2026-09-16 07:31:37.022926,9.916666666666666
4d478028-2273-48a0-a6f6-4ecc1fe581de,30881,20,28,1,2,1.0,1.96,74,236,74_236,10.478426861343204,2026-09-16 07:31:37.022926,12.716666666666669
14e5b305-2a63-44f0-863c-d374a9177646,28480,8,27,1,1,1.0,4.77,24,243,24_243,26.563062695048014,2026-09-16 07:31:37.022926,37.93333333333333
d3c654f4-3b0e-4f00-8580-0ca3622c62c3,33986,9,31,1,5,1.0,2.68,41,263,41_263,15.378677934578999,2026-09-16 07:31:37.022926,17.066666666666666
6bd6fa7c-cd46-4d8a-a1b1-d245f344c30a,31522,12,29,1,3,1.0,1.48,97,49,97_49,15.231615024905947,2026-09-16 07:31:37.022926,12.983333333333333
496b7adc-905c-46d2-b189-cd38c46f65c2,14468,10,14,1,2,1.0,0.0,92,92,92_92,2.0875329243791674,2026-09-16 07:31:37.022926,12.116666666666667
6e321937-c884-4b64-adee-80022d3c7466,20703,19,19,1,0,1.0,0.0,192,264,192_264,0.6948045138231351,2026-09-16 07:31:37.022926,0.05
b6bc6091-43cc-4d38-9701-0af56372f842,6206,10,7,1,2,1.0,1.1,74,43,74_43,9.235740991670417,2026-09-16 07:31:37.022926,8.05
2fba3476-870b-4883-9491-b0de236b8216,28396,7,27,1,1,1.0,1.0,74,75,74_75,12.328185656080308,2026-09-16 07:31:37.022926,11.383333333333333
8cfdf755-2969-4db4-a886-b2585361f560,12660,18,12,1,0,1.0,1.02,43,236,43_236,7.046081862451077,2026-09-16 07:31:37.022926,7.05
72185ac0-6c74-4a20-8d6c-40b4f38276d8,15065,18,14,1,2,1.0,0.0,228,264,228_264,0.8850901621591734,2026-09-16 07:31:37.022926,0.0333333333333333
88277513-9a0c-4a7f-b24b-2802cd9e1f0b,9306,18,9,1,4,2.0,1.47,43,238,43_238,8.649843384208882,2026-09-16 07:31:37.022926,9.316666666666666
014f4a01-15dc-49a5-b224-ca6a877b97b5,9380,19,9,1,4,1.0,1.9,65,17,65_17,14.083191530333758,2026-09-16 07:31:37.022926,10.433333333333334
781e3761-f5cf-4b8d-98c2-1d305b63df99,817,2,2,1,4,5.0,0.22,95,264,95_264,0.5753197908110022,2026-09-16 07:31:37.022926,0.05
989db9c9-b159-42ab-a319-12bd7e017f72,5284,14,6,1,1,1.0,2.0,75,239,75_239,12.758629177373285,2026-09-16 07:31:37.022926,12.066666666666666
b0fcf51c-fa50-4630-8047-fd62d621a8ad,9624,23,9,1,4,1.0,0.86,97,66,97_66,10.896273598377162,2026-09-16 07:31:37.022926,10.316666666666666
89dcbdd1-f992-4459-951e-07dbc7f1d3e8,19422,14,18,1,6,1.0,2.8,74,238,74_238,15.155080574621643,2026-09-16 07:31:37.022926,15.933333333333334
a6ff8dda-74ec-4ec7-b00a-05cea5b4ff33,17697,17,16,1,4,1.0,2.99,166,43,166_43,18.972300885653826,2026-09-16 07:31:37.022926,17.9
63badfef-51b5-4d45-bb26-6c10cd00a255,31944,17,29,1,3,1.0,0.9,75,151,75_151,8.769408851861968,2026-09-16 07:31:37.022926,17.966666666666665
3aacfe2a-a4b0-42af-8204-75e42cd7aeb4,15170,19,14,1,2,1.0,6.1,75,186,75_186,25.872160217674683,2026-09-16 07:31:37.022926,24.083333333333332
a42dd431-8ffa-4dd1-af6c-c05aa1c8e11f,928,9,2,1,4,1.0,1.49,74,75,74_75,8.580673386260033,2026-09-16 07:31:37.022926,6.866666666666666
1b32887d-5733-4434-b290-35c64d5556ca,3762,9,5,1,0,1.0,2.1,135,135,135_135,12.673875683901244,2026-09-16 07:31:37.022926,11.2
b6b97016-a298-4bee-84d5-6a9a76ad81bf,2521,19,3,1,5,1.0,0.0,10,10,10_10,2.6335762520637136,2026-09-16 07:31:37.022926,0.15
05565889-cde5-45d9-915c-4fb4927ec005,18386,12,17,1,5,2.0,4.3,41,230,41_230,31.792588676956218,2026-09-16 07:31:37.022926,27.183333333333337
c811b31d-0c58-4b1f-b8be-429a8bc8a536,20914,23,19,1,0,1.0,16.59,150,265,150_265,24.470266140419618,2026-09-16 07:31:37.022926,18.883333333333333
cd95d8c9-3f70-489f-982e-d56b72feb9d6,30238,14,28,1,2,1.0,2.22,134,216,134_216,17.995324457575705,2026-09-16 07:31:37.022926,21.0
dcbd1e43-c961-4558-8188-01caa1f7c2f2,8097,17,8,1,3,2.0,2.31,75,141,75_141,17.108021850185793,2026-09-16 07:31:37.022926,15.866666666666667
e35178e2-5c47-4775-af58-08f2f6f6ec38,25518,13,23,1,4,1.0,2.24,74,75,74_75,16.639142376097336,2026-09-16 07:31:37.022926,25.3
7b81322e-d46a-4659-94d3-b1f079a48108,34505,17,31,1,5,1.0,7.5,74,79,74_79,32.948111328338385,2026-09-16 07:31:37.022926,24.883333333333333
d66e6845-a658-4c7c-b845-5a9c48f4cbdb,18273,10,17,1,5,3.0,0.0,138,138,138_138,0.9305032910659894,2026-09-16 07:31:37.022926,0.0666666666666666
bbac1a7e-38e8-4069-8e71-096fbbbf5157,7118,23,7,1,2,1.0,1.18,97,97,97_97,9.17997075866873,2026-09-16 07:31:37.022926,8.416666666666666
702e05c6-983f-4049-91c5-97da69bbe2f6,19551,15,18,1,6,2.0,2.29,74,151,74_151,12.393751770962613,2026-09-16 07:31:37.022926,9.65
a385c5af-3b00-436f-826e-009091e9020d,12382,16,12,1,0,1.0,0.35,75,75,75_75,4.128180390693435,2026-09-16 07:31:37.022926,4.0
06c97aba-4236-4399-ac5b-1d3f18d96170,3292,17,4,1,6,1.0,0.81,166,151,166_151,5.291186884408113,2026-09-16 07:31:37.022926,6.733333333333333
ebc6dfdb-6af8-44f0-a6b3-ac616f970f35,393,14,1,1,3,1.0,6.39,74,107,74_107,31.704237391317,2026-09-16 07:31:37.022926,20.45
65b8a609-8158-4474-909b-d5ec24dc19ba,30150,12,28,1,2,1.0,2.96,74,239,74_239,25.81056547783882,2026-09-16 07:31:37.022926,27.45
eeb57275-3895-4449-be43-e2e11cdccaa8,20877,21,19,1,0,1.0,2.17,181,228,181_228,10.994279406522308,2026-09-16 07:31:37.022926,10.25
a4d996a3-1e53-41cd-8b36-df2fffaa95ab,5082,11,6,1,1,5.0,0.73,43,43,43_43,6.190419302099613,2026-09-16 07:31:37.022926,6.733333333333333
78f87b8c-b658-482d-b92e-f1f608d42515,11534,20,12,1,0,1.0,0.32,74,74,74_74,3.382557983946201,2026-09-16 07:31:37.022926,2.0166666666666666
9600f5ac-2ebd-4984-b73b-04f3b7f0e5a8,4794,7,6,1,1,1.0,2.06,74,263,74_263,19.528015441926236,2026-09-16 07:31:37.022926,20.683333333333337
b583c036-267a-4a97-bcd7-c4ea6da3c34b,15778,11,15,1,3,1.0,3.13,74,237,74_237,22.878349823332044,2026-09-16 07:31:37.022926,27.183333333333337
50026592-3893-4b99-996a-4bfeef1b8558,27362,19,24,1,5,1.0,0.56,134,28,134_28,3.966891997196862,2026-09-16 07:31:37.022926,4.8
31c77ac2-183a-4c19-a786-d6314e4961ab,28261,21,26,1,0,1.0,1.59,95,135,95_135,8.050707542447567,2026-09-16 07:31:37.022926,10.766666666666667
93d14bff-aea8-4801-b748-97dde70a5f9f,2503,18,3,1,5,1.0,2.55,95,135,95_135,13.36719717530561,2026-09-16 07:31:37.022926,10.333333333333334
b9da7d58-8ab8-4bd0-8f21-34e55f107021,24467,16,22,1,3,1.0,0.33,95,95,95_95,4.054848203802927,2026-09-16 07:31:37.022926,4.133333333333334
79f3efe0-bc25-40b6-8480-763091944d8a,21193,9,20,1,1,1.0,8.62,244,249,244_249,25.51462059582486,2026-09-16 07:31:37.022926,25.733333333333334
c026625d-cf1b-4c56-8ab7-4f6284aec1eb,28958,15,27,1,1,1.0,2.7,75,166,75_166,25.07088775366549,2026-09-16 07:31:37.022926,20.433333333333337
06cf5af6-aaec-4093-9e9b-d550e51713ba,6513,14,7,1,2,1.0,0.78,24,151,24_151,6.457533002440786,2026-09-16 07:31:37.022926,3.966666666666667
9c57e054-2869-43e9-ac4c-0cf8710bc443,27674,9,25,1,6,1.0,2.5,146,163,146_163,13.308311801919944,2026-09-16 07:31:37.022926,14.033333333333331
05b8ae5f-aab7-4c40-be6d-4843d2fc07d7,6801,17,7,1,2,1.0,1.32,82,157,82_157,10.471677378037084,2026-09-16 07:31:37.022926,11.566666666666666
461c7fd6-88ff-45a1-9703-338f05eca19d,21674,15,20,1,1,1.0,6.29,74,107,74_107,31.8868688249531,2026-09-16 07:31:37.022926,30.9
7df24472-7df5-455f-b7c0-05971ed54423,26965,15,24,1,5,1.0,0.67,41,74,41_74,5.338526999684997,2026-09-16 07:31:37.022926,6.083333333333333
d54b582e-46c3-4adc-82f1-6f0a2204243d,29629,0,28,1,2,2.0,14.48,130,263,130_263,29.456427355704157,2026-09-16 07:31:37.022926,25.183333333333337
ffadfa88-4c3e-4ead-a427-3ebdec1c6f93,24406,16,22,1,3,1.0,0.45,95,95,95_95,4.459485656934481,2026-09-16 07:31:37.022926,8.8
156e075f-aa1a-44f2-8fe7-94c077635c75,5257,14,6,1,1,1.0,1.09,75,236,75_236,8.813357534609434,2026-09-16 07:31:37.022926,9.416666666666666
95df3e34-ef50-46de-b182-67fc26338a4e,15335,21,14,1,2,1.0,1.3,65,97,65_97,10.908172266450393,2026-09-16 07:31:37.022926,8.916666666666666
cf9a9780-3682-40d0-a3a6-016544a5fb82,11913,9,12,1,0,1.0,8.39,75,138,75_138,21.677579987588896,2026-09-16 07:31:37.022926,24.383333333333333
7730795e-f93d-4b63-8e76-8de3bd04614d,33777,22,30,1,4,1.0,0.0,25,65,25_65,1.8481810011899353,2026-09-16 07:31:37.022926,0.2833333333333333
dc0edd69-c89a-4fdb-86fa-f7d0e85b480b,26729,12,24,1,5,1.0,9.56,75,32,75_32,32.23868409352486,2026-09-16 07:31:37.022926,22.8
9f9386e4-d0d3-4a26-8231-3e4c677daa33,29062,16,27,1,1,1.0,1.2,152,166,152_166,11.144035127433998,2026-09-16 07:31:37.022926,6.716666666666667
976d37a0-de5e-418a-985a-eefc2a49e845,9284,18,9,1,4,2.0,1.68,65,49,65_49,14.069626022381412,2026-09-16 07:31:37.022926,17.333333333333332
77a201df-35ba-4144-9351-ef09d42cedca,8889,13,9,1,4,1.0,2.18,74,116,74_116,15.86362377890741,2026-09-16 07:31:37.022926,15.666666666666666
7ba758e6-1c39-43d0-a757-3f5dd5ddd43e,30891,20,28,1,2,2.0,0.86,41,42,41_42,6.468225051963773,2026-09-16 07:31:37.022926,6.25
2fa202a5-9f77-4e8a-980c-15429db06cb0,24660,18,22,1,3,6.0,1.3,75,74,75_74,6.915534982462746,2026-09-16 07:31:37.022926,8.45
d6b9d668-1f95-46cc-a526-aceaee82aede,11771,7,12,1,0,1.0,0.96,55,55,55_55,7.016304107111866,2026-09-16 07:31:37.022926,4.45
6b323a8b-9396-48cb-8659-6fbf65cca7fc,5506,16,6,1,1,1.0,0.0,75,74,75_74,6.960890414411211,2026-09-16 07:31:37.022926,5.933333333333334
ebf01da2-fc39-4679-9263-5266685e0f75,9585,22,9,1,4,3.0,7.52,66,43,66_43,24.842194585280115,2026-09-16 07:31:37.022926,18.25
7bbd8637-6cc3-4501-9bca-597e58956c76,9354,18,10,1,5,1.0,0.63,75,75,75_75,4.87955171838475,2026-09-16 07:31:37.022926,2.05
c7a3191c-0cea-4ff7-97ef-ceb7bfd07002,4866,8,6,1,1,1.0,1.9,75,237,75_237,14.565392465198338,2026-09-16 07:31:37.022926,11.216666666666669
73f05d5e-593e-4aaa-9803-b68b595abd7a,20497,16,19,1,0,2.0,3.25,83,95,83_95,21.293483388649317,2026-09-16 07:31:37.022926,18.3
6ce70c55-d7ab-4111-b7ef-64903f3f7cc5,16365,18,15,1,3,1.0,3.21,130,205,130_205,19.64053377964614,2026-09-16 07:31:37.022926,16.933333333333334
c76ee403-e189-464f-a8f1-1534e7dd9ae2,20030,10,19,1,0,1.0,2.65,74,262,74_262,14.593805209793196,2026-09-16 07:31:37.022926,10.833333333333334
faa6c107-575c-458c-858c-8a0cec95114e,31714,15,29,1,3,1.0,0.0,193,193,193_193,1.613410690616066,2026-09-16 07:31:37.022926,0.1166666666666666
b168d943-f337-4229-9a90-c44bd4eff6f0,6406,13,7,1,2,1.0,5.09,166,246,166_246,20.939348199091558,2026-09-16 07:31:37.022926,17.733333333333334
fcb7c1a6-20a9-4b51-b49a-c2c278ccb1be,4795,7,6,1,1,1.0,1.37,74,75,74_75,10.28034602506788,2026-09-16 07:31:37.022926,8.716666666666667
27a9ef5b-b213-4b43-8e3f-529ae2ae3958,6918,19,7,1,2,1.0,1.56,75,237,75_237,9.28244154248175,2026-09-16 07:31:37.022926,11.35
20abcf86-093a-4185-b2f8-2ac9ddcce906,34740,21,1,2,6,1.0,1.07,130,28,130_28,6.058829563972892,2026-09-16 07:31:37.022926,6.433333333333334
b9c177b4-89de-4e98-a4be-deb1704c1ca1,17548,16,16,1,4,1.0,2.89,82,138,82_138,13.942641975154562,2026-09-16 07:31:37.022926,14.95
66dd17dc-ebe0-42c4-b49b-005c30632bc3,30802,19,28,1,2,1.0,3.98,75,229,75_229,23.121618626426507,2026-09-16 07:31:37.022926,13.383333333333333
0c025555-35e9-4e19-806a-c737c8a2754c,3720,8,5,1,0,1.0,6.1,244,262,244_262,20.886726265617817,2026-09-16 07:31:37.022926,22.883333333333333
f68e2d7f-d92e-4d20-a2ae-a2a554ff3a2b,25135,8,23,1,4,1.0,2.08,116,166,116_166,13.186225040605548,2026-09-16 07:31:37.022926,5.816666666666666
bce57ef2-a9cc-4580-bfae-bd56fabe9bca,11553,21,11,1,6,1.0,3.05,75,142,75_142,14.669959414985012,2026-09-16 07:31:37.022926,12.966666666666669
dab887a7-069d-4984-b797-707953cf49fc,178,3,1,1,3,6.0,3.71,80,76,80_76,15.606499629121682,2026-09-16 07:31:37.022926,17.016666666666666
37938413-8844-4806-a411-e567643242b2,1438,16,2,1,4,1.0,1.74,74,236,74_236,10.764168317482815,2026-09-16 07:31:37.022926,12.566666666666666
87714a49-9fd6-443e-a126-41e4168ea307,13762,17,13,1,1,1.0,0.8,65,52,65_52,11.4748513927195,2026-09-16 07:31:37.022926,5.583333333333333
04c22413-d7f9-4861-a9eb-ec72a0f23302,4169,15,5,1,0,1.0,4.5,223,83,223_83,23.873956424810952,2026-09-16 07:31:37.022926,14.983333333333333
6666acd7-5988-43cb-b585-fd3994b02bd3,22605,9,21,1,2,1.0,3.36,74,140,74_140,21.264778646601616,2026-09-16 07:31:37.022926,24.75
adc76cf8-6e24-4191-a7eb-06c81c3f2ab1,17766,17,16,1,4,1.0,1.19,95,95,95_95,9.387535307809205,2026-09-16 07:31:37.022926,9.55
875e89a7-8209-4da2-b925-a65455a15afe,28487,8,27,1,1,1.0,0.43,41,41,41_41,4.027642816240046,2026-09-16 07:31:37.022926,6.45
3ae2559f-2bf8-4be6-8e0a-e1e1f8c72f1b,16962,8,16,1,4,1.0,0.48,130,130,130_130,4.0145067208726335,2026-09-16 07:31:37.022926,3.683333333333333
e98738a4-1b0e-4832-8f7a-2f2cf6bd1cd5,25207,9,23,1,4,1.0,0.0,74,75,74_75,22.583151125910735,2026-09-16 07:31:37.022926,15.233333333333333
19096b02-9017-45ba-82b4-0586dc9bfdc1,121,2,1,1,3,1.0,1.47,145,7,145_7,8.155110752301884,2026-09-16 07:31:37.022926,10.683333333333334
2e89eefa-0988-486f-ad50-b307994382de,197,4,1,1,3,1.0,4.55,256,89,256_89,17.684769430077772,2026-09-16 07:31:37.022926,22.416666666666668
fb78a935-1c9b-4d20-bd3a-08542d839011,23003,15,21,1,2,1.0,0.6,75,236,75_236,5.576457044592772,2026-09-16 07:31:37.022926,3.933333333333333
f185b88e-3557-4c1d-a9cc-89ecb3033369,33473,18,30,1,4,2.0,1.9,41,75,41_75,15.926216203541145,2026-09-16 07:31:37.022926,15.033333333333331
e123387b-ff62-41ae-8670-ef162dfde8b8,25250,10,23,1,4,1.0,3.02,74,238,74_238,20.13686258851454,2026-09-16 07:31:37.022926,18.316666666666663
6663fd24-e28f-48ce-a00f-962cfec4ac49,8693,10,9,1,4,1.0,3.0,75,42,75_42,17.389933985245488,2026-09-16 07:31:37.022926,15.166666666666666
c2aa257a-e065-44d1-9771-9c2e15a98827,23869,9,22,1,3,1.0,1.38,74,152,74_152,11.374698314871468,2026-09-16 07:31:37.022926,11.516666666666667
67c06dd3-c567-4967-b398-c06db99ea644,1769,22,2,1,4,1.0,3.25,82,70,82_70,10.839248874074482,2026-09-16 07:31:37.022926,11.8
426e249a-447e-4d8e-a4e0-32978f184e52,16056,15,15,1,3,1.0,2.96,42,75,42_75,19.25673273881165,2026-09-16 07:31:37.022926,22.733333333333334
6b7dd259-aac8-44f5-99d4-b14b27f64a76,24935,23,22,1,3,1.0,2.03,92,171,92_171,10.692242427271688,2026-09-16 07:31:37.022926,10.15
e34ca7e6-c659-4fec-b527-81f2c0d533f5,28289,22,26,1,0,1.0,2.77,95,258,95_258,13.860287467019527,2026-09-16 07:31:37.022926,11.216666666666669
bfe4dfb1-4502-4149-9a13-6d8367c6cf01,21621,15,20,1,1,2.0,1.94,74,263,74_263,14.34497473863979,2026-09-16 07:31:37.022926,14.633333333333333
7090d3ce-d0e3-482a-8e19-ffd0ab3b730a,33406,16,30,1,4,2.0,1.75,75,262,75_262,18.17470628437291,2026-09-16 07:31:37.022926,15.2
ff5392e4-bf63-453c-9f37-c16af5c0bdfd,27533,23,24,1,5,1.0,2.97,74,238,74_238,13.602303005935921,2026-09-16 07:31:37.022926,18.333333333333332
478cb5da-877c-45f4-8f7e-59c9ed4bf119,26664,10,24,1,5,1.0,5.42,24,229,24_229,21.167644623904874,2026-09-16 07:31:37.022926,22.016666666666666
4397dbba-692d-407c-8f9d-7e0de5fe4e0e,10778,6,11,1,6,1.0,21.38,195,265,195_265,42.788883224323094,2026-09-16 07:31:37.022926,41.233333333333334
c436adde-a548-410b-864e-2f37da8d7661,14596,13,14,1,2,6.0,0.97,43,236,43_236,8.143013147845872,2026-09-16 07:31:37.022926,10.45
ef8fbd3e-c6fb-4d67-bf0f-e1815ca355da,19752,21,18,1,6,1.0,2.6,65,228,65_228,14.759309750701519,2026-09-16 07:31:37.022926,17.05
b795887c-f766-4a5e-84f6-24c625e9f0a2,25434,12,23,1,4,1.0,1.84,82,173,82_173,14.460472917935979,2026-09-16 07:31:37.022926,19.716666666666665
4abca781-e2a4-4942-b29d-486dc23b824f,14151,7,14,1,2,1.0,1.28,74,75,74_75,10.072918080111585,2026-09-16 07:31:37.022926,12.3
b3213a2f-9965-425a-b332-fc2b6f109bdb,1522,17,2,1,4,1.0,0.85,95,95,95_95,6.444256177033545,2026-09-16 07:31:37.022926,5.45
b1e40d86-a4fd-4446-832e-d366f9a361b8,6423,13,7,1,2,1.0,1.91,95,95,95_95,13.319020040553012,2026-09-16 07:31:37.022926,13.033333333333331
af36b828-96a9-4d4e-ae73-c6274c9b6bcf,18695,17,17,1,5,1.0,0.96,65,181,65_181,11.74901138262425,2026-09-16 07:31:37.022926,5.45
9d60f5ae-7eb8-4836-9250-72dcc70ff350,14018,21,13,1,1,1.0,1.34,75,74,75_74,4.879230217793235,2026-09-16 07:31:37.022926,5.1
3c1bfd3f-db62-4bb6-bb44-df4bcf6a5f61,31308,9,29,1,3,1.0,3.4,74,237,74_237,34.84601793021614,2026-09-16 07:31:37.022926,39.166666666666664
f45e8d2c-3e1b-4ad3-a643-9e910966a187,1071,11,2,1,4,1.0,0.9,74,75,74_75,6.679376355397276,2026-09-16 07:31:37.022926,7.733333333333333
bc5337f6-3953-417e-9f26-cf2fbc93597e,28766,12,27,1,1,1.0,18.0,130,50,130_50,48.79417314237538,2026-09-16 07:31:37.022926,48.416666666666664
ea4c944e-f8b8-4294-957f-7024947c1f4a,2561,20,3,1,5,1.0,1.88,7,260,7_260,10.52883369815539,2026-09-16 07:31:37.022926,15.216666666666669
62e9dad0-70b8-4239-9330-1ed7e9c6bda3,11800,8,12,1,0,1.0,4.23,152,262,152_262,21.38092300966529,2026-09-16 07:31:37.022926,24.083333333333332
c6fd111d-18f8-44a6-afaf-112626407d85,8480,7,9,1,4,1.0,1.3,75,74,75_74,4.663898701537458,2026-09-16 07:31:37.022926,5.25
c4a83016-aae7-47d1-8932-45e1dc3ff78a,7490,11,8,1,3,1.0,0.5,166,24,166_24,3.5164666806047205,2026-09-16 07:31:37.022926,2.0833333333333335
7cd74b53-f5a9-42f4-8561-a1ce472e013a,28538,9,27,1,1,1.0,3.98,41,230,41_230,29.511821170689057,2026-09-16 07:31:37.022926,34.15
8bd3ad9b-5e2d-4aa5-b91c-7fcb0c39c988,2866,9,4,1,6,1.0,2.42,74,236,74_236,11.070223668133485,2026-09-16 07:31:37.022926,8.466666666666667
97bc114b-89ed-429c-8546-233e4fef0805,9314,18,9,1,4,1.0,0.7,42,42,42_42,5.705621320563606,2026-09-16 07:31:37.022926,5.966666666666667
979991d8-afd8-4b6f-981d-6faf6f29fa1b,15450,7,15,1,3,1.0,4.13,43,246,43_246,18.285989345744472,2026-09-16 07:31:37.022926,22.916666666666668
2502a7be-8897-4efe-bd2e-25238df453c8,27568,0,25,1,6,1.0,0.09,29,29,29_29,0.9322257120839399,2026-09-16 07:31:37.022926,0.1166666666666666
67be2d73-42a8-4f58-911e-b094368ebcc7,27071,16,24,1,5,1.0,3.35,74,239,74_239,18.839887152733862,2026-09-16 07:31:37.022926,17.783333333333335
d0b490fd-3fd5-4ec3-bdc9-46530d980182,26385,23,23,1,4,1.0,1.81,95,135,95_135,8.64087287243718,2026-09-16 07:31:37.022926,10.833333333333334
c08c4141-cc74-43ca-980b-6f5fdd980f1a,11233,16,11,1,6,1.0,1.58,74,236,74_236,9.208968876246901,2026-09-16 07:31:37.022926,7.35
f8b00dad-9aa3-4537-918e-f461ff35fa23,26123,19,23,1,4,1.0,1.5,74,236,74_236,9.491741117391854,2026-09-16 07:31:37.022926,9.333333333333334
08d062c1-4994-4014-84e6-750af284dfd4,9290,18,9,1,4,1.0,0.93,43,236,43_236,6.80419170017818,2026-09-16 07:31:37.022926,7.066666666666666
36cdc22b-0375-4140-9712-a003ac2bb772,31901,16,29,1,3,1.0,0.15,166,166,166_166,2.1670251421101185,2026-09-16 07:31:37.022926,0.4166666666666667
6b5a8db5-505a-4115-a0d8-de4705828051,29016,15,27,1,1,1.0,1.27,74,168,74_168,15.617226311411086,2026-09-16 07:31:37.022926,8.65
3d721ea1-c182-409e-b4a5-ab94f7b0bd0e,13468,14,13,1,1,1.0,1.55,74,236,74_236,12.376469590661715,2026-09-16 07:31:37.022926,16.033333333333335
038f5515-9037-43e1-94db-50bfc8e3d3f9,3950,11,5,1,0,1.0,1.06,43,238,43_238,6.064908688843744,2026-09-16 07:31:37.022926,8.6
2e85d765-a296-4a3c-9b45-dc8eb45689d2,924,10,2,1,4,1.0,3.21,74,239,74_239,17.456500267802465,2026-09-16 07:31:37.022926,17.266666666666666
8884fd46-745f-474a-80f3-49a7e246ef33,32426,22,29,1,3,1.0,1.13,95,95,95_95,7.489577916372742,2026-09-16 07:31:37.022926,5.25
f9c048c1-d876-46c0-9c2a-0a1b326342e2,29784,8,28,1,2,2.0,3.36,74,244,74_244,28.415270751547837,2026-09-16 07:31:37.022926,28.2
498dc027-0a52-4aee-8900-861decb926e2,23667,7,22,1,3,2.0,0.03,74,74,74_74,2.3994209335286816,2026-09-16 07:31:37.022926,0.2666666666666666
3576711c-de90-4016-b86c-2b4371df6522,22211,22,20,1,1,1.0,0.38,260,7,260_7,3.075754730483833,2026-09-16 07:31:37.022926,10.183333333333334
da438eca-216a-4094-b377-9d3f60a18c27,13571,16,13,1,1,1.0,4.44,244,238,244_238,16.452500059496423,2026-09-16 07:31:37.022926,15.35
18a8c2c0-ed25-4a17-89b4-24312de81557,23108,15,21,1,2,1.0,0.89,75,151,75_151,6.767763753210796,2026-09-16 07:31:37.022926,3.716666666666667
ca65e5fe-70c1-4e32-827c-4a7af204b948,25021,6,23,1,4,1.0,1.41,74,75,74_75,8.471271529777406,2026-09-16 07:31:37.022926,5.666666666666667
65627ef8-1ae6-46e8-b561-f2a541a95d7a,3808,9,6,1,1,1.0,1.52,75,263,75_263,12.376427154063927,2026-09-16 07:31:37.022926,11.45
2dddbe84-59a9-4cff-8fb3-42774565769d,1870,3,3,1,5,1.0,0.0,92,92,92_92,1.2438889636340782,2026-09-16 07:31:37.022926,4.25
377ae833-7f9e-4ed8-a479-b7f169f4c2c6,30668,18,28,1,2,1.0,1.4,65,97,65_97,14.281056271448927,2026-09-16 07:31:37.022926,12.483333333333333
0b9551b3-3131-4e50-954a-e5a2ade44f40,12019,11,12,1,0,1.0,2.52,74,43,74_43,17.148527340856596,2026-09-16 07:31:37.022926,22.05
c273a6cd-318f-491f-9909-0c4545499823,22561,9,21,1,2,1.0,4.81,244,238,244_238,14.765082494789642,2026-09-16 07:31:37.022926,14.883333333333333
d27a1a8d-25b0-47eb-98d6-f927178bb84d,4761,6,6,1,1,1.0,1.42,74,75,74_75,7.651124617131288,2026-09-16 07:31:37.022926,10.366666666666667
09a0e4b6-b40f-4fed-99ca-8514712f5ef4,1922,7,3,1,5,1.0,23.56,195,1,195_1,41.75072950985236,2026-09-16 07:31:37.022926,44.766666666666666
c3f584b3-7c9e-47c7-a900-8a71fc74c3b7,3262,16,4,1,6,1.0,1.22,75,238,75_238,7.681188780423219,2026-09-16 07:31:37.022926,7.3
b8b681b0-81a9-4e61-a915-1dae8fa3307c,26601,9,24,1,5,1.0,0.55,41,166,41_166,4.202606330514677,2026-09-16 07:31:37.022926,4.516666666666667
66d89fc6-aaf2-4625-97b7-7974ab6a20c9,27191,17,24,1,5,1.0,1.78,74,236,74_236,10.797674831843114,2026-09-16 07:31:37.022926,8.983333333333333
395464dc-68ba-4ad1-abe7-30a431a385f0,28088,17,26,1,0,2.0,1.55,74,236,74_236,9.50574621515679,2026-09-16 07:31:37.022926,9.583333333333334
c47290e5-c888-4011-b81e-bd2564cb7936,24011,11,22,1,3,1.0,1.1,24,74,24_74,8.271894194365505,2026-09-16 07:31:37.022926,7.866666666666666
a54ef44d-441c-479e-b873-dab833dac8b4,3062,13,4,1,6,1.0,0.69,82,160,82_160,5.312279091652906,2026-09-16 07:31:37.022926,6.55
f25495df-face-4d74-97a6-48e14041e00d,25569,14,23,1,4,1.0,2.28,74,236,74_236,17.51407493751133,2026-09-16 07:31:37.022926,17.483333333333334
f13c5e63-d6d9-4fc7-94e0-a026453e0663,14240,8,14,1,2,2.0,1.33,127,244,127_244,9.224815126579182,2026-09-16 07:31:37.022926,10.35
60472546-7b1c-4f81-9d3d-9e1ea025043e,1683,20,2,1,4,1.0,4.19,24,48,24_48,18.40548523818691,2026-09-16 07:31:37.022926,14.1
34efae01-d818-4c5d-a95e-7ffc2eba72cc,4908,8,6,1,1,1.0,1.77,24,74,24_74,13.708267334710412,2026-09-16 07:31:37.022926,12.05
78188182-841a-4936-9f9c-6da829ad3e87,18856,20,17,1,5,1.0,4.68,181,36,181_36,22.803619878065383,2026-09-16 07:31:37.022926,23.316666666666663
da8dd9f8-dcc4-456c-ae2b-5913a7ba642e,15266,20,14,1,2,1.0,16.21,130,239,130_239,31.405663479631894,2026-09-16 07:31:37.022926,35.95
657cc389-007e-4053-8152-3da4efc4498b,5947,4,7,1,2,1.0,1.64,244,152,244_152,8.986631143137624,2026-09-16 07:31:37.022926,5.75
293fb41a-e042-4f4b-b44b-33c673e5d4b7,27282,18,24,1,5,1.0,4.65,171,82,171_82,25.164756444546356,2026-09-16 07:31:37.022926,51.95
85411fd8-a9c2-4d27-8ba6-3e192b09f04d,2848,8,4,1,6,1.0,1.47,74,43,74_43,8.652523913989798,2026-09-16 07:31:37.022926,6.716666666666667
10b4f221-f38a-4a31-bb32-4a47d4e05ab0,34537,18,31,1,5,1.0,5.6,244,263,244_263,24.272395049314543,2026-09-16 07:31:37.022926,19.383333333333333
5c3fda60-399a-4540-b59e-e7c180d39738,10791,7,11,1,6,2.0,0.31,195,195,195_195,2.656700450011623,2026-09-16 07:31:37.022926,1.1
20291aa0-d488-43e6-a1f0-0045d4f61972,5166,12,6,1,1,1.0,1.35,43,151,43_151,9.348906217081375,2026-09-16 07:31:37.022926,10.116666666666667
dc63ad87-1787-4a83-9de6-c46720383e2a,31164,7,29,1,3,2.0,1.39,74,75,74_75,20.0073604939901,2026-09-16 07:31:37.022926,17.033333333333335
cd5df8de-cf86-4182-a9af-78770b306c79,1131,13,2,1,4,1.0,6.09,130,56,130_56,24.895808766731335,2026-09-16 07:31:37.022926,21.916666666666668
4adbc850-1a91-40f1-8478-ee791f00fa47,7324,9,8,1,3,1.0,0.43,74,75,74_75,16.30488185337287,2026-09-16 07:31:37.022926,6.25
c4f5197b-a560-4c12-800b-528bcdbb2808,11450,19,11,1,6,1.0,1.28,75,263,75_263,8.45127757653412,2026-09-16 07:31:37.022926,7.4
6e7e16c3-4c3a-49cf-bc36-c3352f31a44b,34484,17,31,1,5,1.0,6.51,129,217,129_217,35.18997222872704,2026-09-16 07:31:37.022926,21.133333333333333
6f345f33-97bf-4cbf-a6a6-f69a98b8d7e2,11486,19,11,1,6,1.0,2.13,74,24,74_24,11.826443541824812,2026-09-16 07:31:37.022926,16.733333333333334
6d8efbe2-a4da-4d8d-bdba-bf45fc270fc6,290,10,1,1,3,1.0,9.6,75,144,75_144,25.169691510504066,2026-09-16 07:31:37.022926,34.75
3eecb06d-9f65-45c0-a3c7-0dc0cbe7c290,34689,20,31,1,5,1.0,2.28,74,263,74_263,13.019991625428302,2026-09-16 07:31:37.022926,10.733333333333333
e6a4579c-58e4-4f4f-9fe8-1c90af9d561c,30854,19,28,1,2,1.0,4.73,74,243,74_243,18.815806430202638,2026-09-16 07:31:37.022926,16.266666666666666
e8cfe1b3-ae6c-4522-a0b6-214d943a14c0,31680,14,29,1,3,6.0,2.37,24,43,24_43,20.63857851491506,2026-09-16 07:31:37.022926,15.05
ddb190a8-7363-400d-b5aa-7ed22e53a13b,22152,20,20,1,1,1.0,3.94,74,142,74_142,18.593407666936518,2026-09-16 07:31:37.022926,16.566666666666666
cfcebdcc-4468-4c73-9db4-6b53be1c0b1f,12504,17,12,1,0,6.0,1.49,75,74,75_74,8.733665633363099,2026-09-16 07:31:37.022926,11.233333333333333
412aaac3-e611-44d5-b8ba-90f546d8af55,30597,17,28,1,2,1.0,1.44,75,74,75_74,11.608171995036306,2026-09-16 07:31:37.022926,6.166666666666667
48a6f0c3-2a03-4f9d-b3c8-96afd100ff9a,26744,12,24,1,5,6.0,0.71,75,75,75_75,5.40961679506499,2026-09-16 07:31:37.022926,2.45
ff863d1d-70e3-482a-9395-5925c1231a7f,3539,23,4,1,6,1.0,1.41,25,211,25_211,6.951079152465127,2026-09-16 07:31:37.022926,10.05
38f32f18-74fc-41ea-a40b-448c6f3591cc,7999,17,8,1,3,1.0,0.81,75,236,75_236,6.690113339629664,2026-09-16 07:31:37.022926,4.466666666666667
3aad371e-b5b8-4860-b21a-1c222711f5a1,9154,15,9,1,4,2.0,1.54,75,263,75_263,12.48879069669385,2026-09-16 07:31:37.022926,15.433333333333334
789bf96e-644e-4caf-8e46-d1bc64b9616d,29298,18,27,1,1,1.0,1.8,74,24,74_24,15.808209288055673,2026-09-16 07:31:37.022926,15.283333333333331
2f313d46-e01d-49c4-a14a-54bc6707a73f,7929,17,8,1,3,1.0,1.26,75,74,75_74,6.823891690939407,2026-09-16 07:31:37.022926,7.833333333333333
4bbdbe84-e55e-457f-8ae8-6f6f58c0b19c,13652,16,13,1,1,2.0,1.6,65,189,65_189,14.463252158021097,2026-09-16 07:31:37.022926,10.25
f682cdaf-7b2f-482c-8e45-70f24681e003,34222,13,31,1,5,1.0,10.59,65,138,65_138,23.275461568669588,2026-09-16 07:31:37.022926,16.2
fae958fe-0b59-4d0f-9a1c-9ae87683ca40,8366,22,8,1,3,1.0,2.91,75,229,75_229,13.815841755359425,2026-09-16 07:31:37.022926,17.0
6054d651-b8cb-4d32-8766-dd401e5acdf0,19507,15,18,1,6,1.0,2.0,166,42,166_42,11.183720835353236,2026-09-16 07:31:37.022926,12.9
a6562929-197f-471e-a324-d14e6e9b2ad8,1340,15,2,1,4,1.0,1.35,74,41,74_41,8.80866048135163,2026-09-16 07:31:37.022926,8.883333333333333
63ffd300-cb48-4d44-834f-b200d1ac04a6,26004,18,23,1,4,1.0,1.26,145,226,145_226,9.764057722517423,2026-09-16 07:31:37.022926,7.666666666666667
0fc475f0-5597-4c0a-aef6-b99daa2bda18,30122,12,28,1,2,1.0,1.54,41,116,41_116,14.525762436020809,2026-09-16 07:31:37.022926,18.383333333333333
fb286bfb-29eb-498a-80fe-c2b31e5a564a,29608,23,27,1,1,1.0,2.14,181,133,181_133,12.123657468463596,2026-09-16 07:31:37.022926,11.7
27f5a312-8935-4869-8713-3c93c97d451e,8367,22,8,1,3,1.0,1.97,82,223,82_223,8.01018540782269,2026-09-16 07:31:37.022926,9.983333333333333
ff8c466e-c8ee-4449-a3a3-71352adc2073,17724,18,16,1,4,1.0,2.31,74,151,74_151,15.74912562259635,2026-09-16 07:31:37.022926,18.266666666666666
71643d99-7ab6-45e3-bbb6-05ccbd4af6a4,9736,7,10,1,5,1.0,0.0,130,264,130_264,0.015335759737117633,2026-09-16 07:31:37.022926,0.05
4f13a9b6-ddae-4789-99dd-c98a378ad779,21906,17,20,1,1,1.0,0.48,95,95,95_95,4.282986637456697,2026-09-16 07:31:37.022926,4.566666666666666
47c7179a-3a9e-4d4d-80c5-0e2d1e709c28,25478,13,23,1,4,1.0,2.29,43,142,43_142,14.343197809478468,2026-09-16 07:31:37.022926,15.583333333333334
28f14d9b-3159-413e-ad6e-7ed9e0aa875e,9367,19,9,1,4,1.0,2.55,130,130,130_130,15.033183814400578,2026-09-16 07:31:37.022926,13.633333333333333
d126a77d-e271-4e7a-a4a6-d2e869a6fd6b,5583,17,6,1,1,1.0,0.56,97,97,97_97,6.147915179804861,2026-09-16 07:31:37.022926,7.1
71f9271e-35f9-4403-90fd-90089d46555d,5565,17,6,1,1,1.0,1.95,43,239,43_239,12.810075119355876,2026-09-16 07:31:37.022926,12.95
86a01937-8cce-4f1f-8c03-dad317426280,28763,12,27,1,1,1.0,0.5,244,244,244_244,5.0155688505073845,2026-09-16 07:31:37.022926,8.683333333333334
a7fe711e-105a-477f-a059-462a7f30db68,33646,20,30,1,4,1.0,1.22,223,179,223_179,9.824025713271539,2026-09-16 07:31:37.022926,7.0
e604a14f-15ee-4556-94b0-31be02f43242,7580,12,8,1,3,1.0,0.0,43,263,43_263,4.767056411325078,2026-09-16 07:31:37.022926,9.866666666666667
f8797420-a52d-4904-96bb-070f3e12a5a9,34618,19,31,1,5,1.0,3.0,24,168,24_168,18.340098656911195,2026-09-16 07:31:37.022926,25.966666666666665
1a39ef17-9df0-4dd9-8f94-ec04851de76b,4525,18,5,1,0,1.0,7.3,75,129,75_129,30.221998668323224,2026-09-16 07:31:37.022926,21.366666666666667
9ecadac7-cfb8-4791-b14f-a390688f8905,4631,20,5,1,0,1.0,14.15,130,45,130_45,28.983111410540534,2026-09-16 07:31:37.022926,36.86666666666667
2e9fb6fa-bd11-4dfd-b47b-b9c73e16a9bd,4821,7,6,1,1,1.0,1.2,166,74,166_74,7.974589936874121,2026-09-16 07:31:37.022926,8.116666666666667
332aadd1-3c7d-4895-93be-7e2041ef6399,13069,8,13,1,1,2.0,1.14,74,74,74_74,9.172735574193348,2026-09-16 07:31:37.022926,11.166666666666666
ac19f5fe-255f-4022-a25a-24d16fe6b192,29589,22,27,1,1,1.0,1.32,74,168,74_168,8.929306119615973,2026-09-16 07:31:37.022926,6.616666666666666
b152b234-c951-496c-9123-51fd30697a87,33381,17,30,1,4,1.0,1.69,41,75,41_75,18.281950912115846,2026-09-16 07:31:37.022926,12.966666666666669
826c6eb2-632f-40d3-b1a0-fdc3bab7438f,7082,22,7,1,2,1.0,2.67,42,75,42_75,13.550455307814131,2026-09-16 07:31:37.022926,12.233333333333333
6583563c-f6ca-4de1-8804-c14b2bcd66e9,13437,14,14,1,2,5.0,1.76,129,223,129_223,12.098973922213533,2026-09-16 07:31:37.022926,9.1
d41c9ffa-c93e-45da-8af5-6616a56abec8,18592,15,17,1,5,1.0,3.44,74,239,74_239,18.997296235938286,2026-09-16 07:31:37.022926,18.283333333333335
8ac37190-905b-490c-924f-ded2b80d411d,15097,18,14,1,2,1.0,1.3,75,74,75_74,6.318092313615463,2026-09-16 07:31:37.022926,4.483333333333333
369d9747-eb9d-4929-8fd9-ba889f5e9f1b,24946,23,22,1,3,1.0,1.36,75,74,75_74,3.921334065016154,2026-09-16 07:31:37.022926,4.016666666666667
12d7fd95-cbfb-49ea-8498-d601e81d3a9a,15107,18,14,1,2,1.0,1.2,43,43,43_43,8.440129796788016,2026-09-16 07:31:37.022926,3.85
caecc3f5-863f-4252-8c99-50d324a05377,12215,14,12,1,0,1.0,0.0,225,264,225_264,1.1572264389219222,2026-09-16 07:31:37.022926,0.0333333333333333
c15c56a2-bbf6-478d-832e-230751650975,20051,10,19,1,0,1.0,1.03,244,152,244_152,6.448443277361437,2026-09-16 07:31:37.022926,3.05
40088165-fed6-4f47-ba8c-3675af758e87,21769,16,20,1,1,1.0,0.76,82,129,82_129,7.1948001831792405,2026-09-16 07:31:37.022926,7.016666666666667
63c02c45-cbfa-4550-8e29-0957451947b2,8106,18,8,1,3,2.0,2.04,43,43,43_43,14.090500840614245,2026-09-16 07:31:37.022926,17.95
13100312-dca1-4c29-80a2-49007910d69f,32674,8,30,1,4,1.0,3.8,82,138,82_138,9.93552385492367,2026-09-16 07:31:37.022926,13.616666666666667
e762a7ce-0b3c-40ee-a09e-70d719572175,4234,15,5,1,0,1.0,1.43,74,75,74_75,9.751019215004842,2026-09-16 07:31:37.022926,9.183333333333334
501c2fd3-f9a0-4f03-baad-37a406828492,9652,0,10,1,5,1.0,5.23,95,198,95_198,18.777847348070527,2026-09-16 07:31:37.022926,15.283333333333331
4a71727e-180a-433d-9288-d7e2a4a83853,14025,21,13,1,1,5.0,1.27,223,223,223_223,7.445228751936984,2026-09-16 07:31:37.022926,7.266666666666667
ce2b4d3b-8911-4858-98bd-fb0f9fe2658c,19025,1,18,1,6,1.0,2.95,83,95,83_95,14.28943438112239,2026-09-16 07:31:37.022926,18.183333333333337
69d6b9df-6444-4604-aca8-d68820bbf8dd,1993,10,3,1,5,3.0,1.37,75,74,75_74,3.900610610070063,2026-09-16 07:31:37.022926,4.866666666666666
26c9313e-7c3c-4c3e-9bf7-51f35ca8afdb,14836,16,14,1,2,1.0,0.76,75,75,75_75,6.583790236709324,2026-09-16 07:31:37.022926,5.05
589a16d1-29c4-45f1-b4e9-f55534e968cc,1368,16,2,1,4,2.0,2.63,74,238,74_238,14.436516003033615,2026-09-16 07:31:37.022926,15.733333333333333
ecdc7112-e41d-4b35-b1fb-979eba4b3334,29657,7,28,1,2,1.0,12.58,74,93,74_93,36.47153636207495,2026-09-16 07:31:37.022926,37.75
a0d82e6c-4b7d-40b4-8c80-f1ad972f00a2,28651,10,27,1,1,1.0,0.82,152,166,152_166,6.809657485998355,2026-09-16 07:31:37.022926,4.733333333333333
3d2ef668-3539-4d0f-a27f-25a863f38e19,13068,8,13,1,1,1.0,0.9,24,41,24_41,6.737189587673377,2026-09-16 07:31:37.022926,6.383333333333334
5f9ae32b-05fe-4755-a131-0c535756fdb0,19054,2,18,1,6,1.0,4.88,112,25,112_25,17.115486978572882,2026-09-16 07:31:37.022926,14.7
7b08b5b2-62f0-4b33-8a2d-fca9890436f5,10064,14,10,1,5,1.0,1.8,116,74,116_74,10.83275623913786,2026-09-16 07:31:37.022926,16.516666666666666
2a9a2aae-4679-4240-a17f-68cc9987c67d,33748,21,30,1,4,2.0,3.3,65,61,65_61,25.499258955280126,2026-09-16 07:31:37.022926,21.766666666666666
37841afb-dbd7-43f2-90bf-4345e7f842cb,5275,14,6,1,1,1.0,1.04,116,42,116_42,8.09073407627431,2026-09-16 07:31:37.022926,7.266666666666667
1a1c755c-bf8b-4835-97a2-d9b7bf2920cc,3364,18,4,1,6,2.0,7.93,181,165,181_165,30.629372449615353,2026-09-16 07:31:37.022926,42.61666666666667
c76c7119-1237-4e98-9c4d-2fde6591e60b,17715,18,16,1,4,1.0,1.88,66,181,66_181,15.543104759586754,2026-09-16 07:31:37.022926,16.616666666666667
f5226bcd-6e46-436b-a8a1-a3b4ad4e9c9c,1066,11,2,1,4,1.0,0.92,42,42,42_42,5.640287229904232,2026-09-16 07:31:37.022926,4.7
d7e8e548-ff90-4a73-811f-cc4ac48c3e55,12102,12,12,1,0,1.0,1.26,41,238,41_238,9.056371292282574,2026-09-16 07:31:37.022926,7.1
96ac03ed-a059-497f-8a60-ebf08ca32096,34289,14,31,1,5,1.0,5.74,82,124,82_124,28.231366621472826,2026-09-16 07:31:37.022926,27.783333333333335
59d7782c-7c7f-4317-8949-59bb3f1bdc22,2210,14,3,1,5,1.0,3.52,66,190,66_190,18.0906524612694,2026-09-16 07:31:37.022926,22.95
64b518c0-01a7-4640-a388-8400edd4be99,13175,9,13,1,1,1.0,3.17,75,229,75_229,19.584740159214306,2026-09-16 07:31:37.022926,16.816666666666666
da5e7bb6-d58f-45ae-848c-69abeb69d3a5,19518,16,18,1,6,2.0,1.15,97,97,97_97,10.974655727301492,2026-09-16 07:31:37.022926,11.366666666666667
d9edbc5a-d684-4371-a016-88684f873964,10237,16,10,1,5,1.0,2.41,74,263,74_263,13.854136838917325,2026-09-16 07:31:37.022926,13.95
7a7e6b87-48d1-4ca3-9a74-34921403ea18,33365,17,30,1,4,1.0,2.3,74,238,74_238,21.795516276202193,2026-09-16 07:31:37.022926,28.766666666666666
d9f12b21-f922-4a64-908a-54d93ffbb522,18972,23,17,1,5,1.0,5.82,66,80,66_80,22.83693476882085,2026-09-16 07:31:37.022926,26.85
4145d82a-90a1-40ef-9556-2c8cba30d245,10027,13,10,1,5,1.0,1.22,75,74,75_74,6.776757772965811,2026-09-16 07:31:37.022926,4.85
74c1ccf3-0c9f-454f-be34-7aee7f8b721d,19712,19,18,1,6,1.0,2.43,74,262,74_262,13.46750608582074,2026-09-16 07:31:37.022926,10.733333333333333
ce57a4bd-9d12-4fa1-9ff7-212857284ed5,19056,2,18,1,6,1.0,7.11,226,90,226_90,21.519746889552316,2026-09-16 07:31:37.022926,25.033333333333335
31e862a7-6931-4aea-bf40-fbcfcefa26a3,28058,17,26,1,0,2.0,1.7,65,49,65_49,12.680809273961673,2026-09-16 07:31:37.022926,11.766666666666667
41b9e2dd-d54c-4a92-b6b1-2edd2ad1593d,11130,14,11,1,6,1.0,2.35,74,263,74_263,13.14326539883191,2026-09-16 07:31:37.022926,12.883333333333333
f26d6064-5416-4e76-83f9-327da97e0d57,12763,20,12,1,0,1.0,5.67,82,112,82_112,23.171989398330304,2026-09-16 07:31:37.022926,16.466666666666665
cc45df5b-e406-49ff-a0fb-2bf98f0aed85,14702,14,14,1,2,1.0,2.36,74,116,74_116,17.524309912737504,2026-09-16 07:31:37.022926,16.216666666666665
28efb8af-adad-46d8-ba5d-099eb7665228,19550,16,18,1,6,1.0,5.33,258,61,258_61,28.770987214208628,2026-09-16 07:31:37.022926,24.2
e3c316ed-9306-4c16-b2a9-c4c98d2a971b,15940,13,15,1,3,1.0,0.7,43,264,43_264,6.352856942984144,2026-09-16 07:31:37.022926,6.4
6ce70607-9f2e-4b5c-913e-b2db2c93cd9f,18324,11,17,1,5,2.0,1.93,97,17,97_17,12.624435539007376,2026-09-16 07:31:37.022926,13.483333333333333
3e12b391-f389-444f-ad6c-b0194e9b075a,32927,5,30,1,4,1.0,11.34,260,132,260_132,29.680684759540597,2026-09-16 07:31:37.022926,33.416666666666664
db729c56-545f-41d7-8423-2eaeef0f8d20,2267,15,3,1,5,1.0,1.47,97,97,97_97,12.255258662437813,2026-09-16 07:31:37.022926,10.033333333333331
72f7e546-d25f-49a8-b346-9de05c1f61f6,10500,19,10,1,5,2.0,0.7,166,151,166_151,4.897861019719719,2026-09-16 07:31:37.022926,2.8666666666666667
befe8498-592d-445b-b793-55872e537b41,803,1,2,1,4,1.0,0.0,264,264,264_264,-0.024957021231849882,2026-09-16 07:31:37.022926,0.0333333333333333
2dd57f7f-7be1-49c2-91e5-541d92afef71,29877,9,28,1,2,1.0,2.04,75,41,75_41,20.416753500408706,2026-09-16 07:31:37.022926,16.166666666666668
01325e91-a575-49a1-ad1e-d3cc65d6b798,31642,14,29,1,3,1.0,2.45,42,151,42_151,21.340816219774762,2026-09-16 07:31:37.022926,17.0
b605b4b4-e729-4c3f-acf9-37a5688a6f0b,34133,12,31,1,5,1.0,0.0,95,95,95_95,2.1079207592095064,2026-09-16 07:31:37.022926,0.5
138141d2-f75d-46bf-8c31-10bcd08cce14,8120,19,8,1,3,1.0,0.8,75,236,75_236,5.675371814287593,2026-09-16 07:31:37.022926,5.616666666666666
1ab3f7dc-ea85-48da-9a7f-fd6955febcd3,225,5,1,1,3,1.0,3.42,25,231,25_231,14.230179565789905,2026-09-16 07:31:37.022926,18.483333333333334
1d22e111-7d77-4a88-a9f0-282611e0c1e8,1444,17,2,1,4,1.0,9.61,82,132,82_132,27.882081114540462,2026-09-16 07:31:37.022926,30.166666666666668
a37b2674-e9d3-4006-afab-56eec0f92cd1,1303,15,2,1,4,2.0,0.8,74,41,74_41,6.198057424133528,2026-09-16 07:31:37.022926,4.016666666666667
5e45914f-2be5-4b55-b57d-dbde0f447fbe,13504,15,13,1,1,1.0,1.6,236,237,236_237,14.244969666348977,2026-09-16 07:31:37.022926,14.05
45eacd68-e62e-4551-bd82-a977fa70d6b2,4742,3,6,1,1,1.0,3.77,82,138,82_138,9.35983888754251,2026-09-16 07:31:37.022926,8.65
872ac9d4-a8ab-4078-bec2-e07c65f039ed,13173,10,13,1,1,1.0,1.78,75,151,75_151,12.642991173619292,2026-09-16 07:31:37.022926,10.816666666666666
b2f27fca-b598-4790-8be2-7b7e2ae2483f,5186,12,6,1,1,2.0,0.0,75,151,75_151,11.182722821430877,2026-09-16 07:31:37.022926,9.4
6100c788-825a-4fbe-908f-b42679885a38,3798,9,5,1,0,1.0,2.64,166,239,166_239,14.733836533501997,2026-09-16 07:31:37.022926,12.9
7e2d62f3-fffa-401c-ac80-4d71f29bcd1a,9482,20,9,1,4,1.0,1.15,166,41,166_41,7.125365993499852,2026-09-16 07:31:37.022926,5.583333333333333
788ad707-92b8-4c61-a1c6-14262b708a73,18766,18,17,1,5,1.0,0.85,196,95,196_95,5.7910747630778365,2026-09-16 07:31:37.022926,5.133333333333334
134c3e3a-7ae4-42d0-9479-a1da8fc85ac9,21090,8,20,1,1,1.0,0.8,41,74,41_74,6.1963542390461415,2026-09-16 07:31:37.022926,8.116666666666667
87951e78-09c4-4804-bebb-669dfe321639,12130,12,12,1,0,1.0,1.94,236,237,236_237,16.426893219718156,2026-09-16 07:31:37.022926,15.883333333333333
481dacff-34fc-4fa6-8863-ffb23bf6b5b6,9932,12,10,1,5,1.0,6.44,166,249,166_249,26.54927525740158,2026-09-16 07:31:37.022926,31.766666666666666
26940757-8f54-4def-876e-4a4e7271dcdb,17122,11,16,1,4,1.0,3.63,82,92,82_92,20.449923015344037,2026-09-16 07:31:37.022926,17.316666666666666
92064a0b-2c67-45d3-aec3-3bea9bff5017,32577,7,30,1,4,2.0,7.33,130,252,130_252,27.36058501505579,2026-09-16 07:31:37.022926,25.5
4115f87f-fc2d-4d0f-ae6f-434e441257a2,5823,19,6,1,1,2.0,1.6,75,263,75_263,10.702664985635549,2026-09-16 07:31:37.022926,6.35
9df893de-7d16-4402-9ebd-08aec3c0dd6e,4574,19,5,1,0,1.0,1.5,75,236,75_236,8.058327335489913,2026-09-16 07:31:37.022926,8.533333333333333
bb1af210-3a73-46dc-95d9-d97f1f45d19b,30441,16,28,1,2,2.0,3.43,74,239,74_239,28.541094617769424,2026-09-16 07:31:37.022926,27.516666666666666
ee5273a5-8189-45cd-8816-3b93182f47c4,27342,19,24,1,5,1.0,0.51,95,95,95_95,4.330966437421659,2026-09-16 07:31:37.022926,2.283333333333333
e45eb568-c0e4-4924-9eed-fe1c88015f42,11251,16,11,1,6,1.0,2.33,33,195,33_195,13.486085330418906,2026-09-16 07:31:37.022926,10.733333333333333
1f89490c-d99f-4e29-a1aa-de1918783776,24393,16,22,1,3,1.0,2.03,41,236,41_236,14.803013899093513,2026-09-16 07:31:37.022926,17.066666666666666
3bbe0946-9623-4d76-a513-36c0d8d4b9e2,33245,16,30,1,4,5.0,1.34,75,74,75_74,12.46670009043779,2026-09-16 07:31:37.022926,16.133333333333333
09045e53-1e23-4683-b028-5c2599ad79c7,22387,7,21,1,2,1.0,1.47,74,42,74_42,10.664834265639074,2026-09-16 07:31:37.022926,12.516666666666667
3161ece8-fe5d-4433-8c31-9e02096202a8,26341,21,23,1,4,1.0,2.06,33,195,33_195,11.507195961899154,2026-09-16 07:31:37.022926,8.7
1dc5275e-a586-4a86-b2b1-dba706211006,1909,7,3,1,5,1.0,3.71,7,138,7_138,9.118172467027833,2026-09-16 07:31:37.022926,5.9
7a411211-4574-468d-8f4e-2665b7a8c2f4,16744,23,15,1,3,1.0,2.5,43,229,43_229,11.799242466311805,2026-09-16 07:31:37.022926,8.8
7ae68dd5-2a14-4730-860e-5a3c6606e9f6,12311,15,12,1,0,1.0,5.43,75,68,75_68,25.206036476165302,2026-09-16 07:31:37.022926,26.466666666666665
375ba99e-53a7-488c-99ee-7dfe023bd263,18539,15,17,1,5,1.0,2.28,74,236,74_236,12.22469564500781,2026-09-16 07:31:37.022926,12.866666666666667
20a5455f-78f1-4749-8933-45924770b54a,17803,18,16,1,4,1.0,1.89,82,82,82_82,14.751019184631705,2026-09-16 07:31:37.022926,33.333333333333336
cf76fe93-f509-434a-83f0-e8450b76d9f6,8967,14,9,1,4,1.0,0.74,75,236,75_236,6.74833443602178,2026-09-16 07:31:37.022926,4.2
804c4b40-639f-4aed-ada7-af218b4eaf8b,26941,14,24,1,5,1.0,2.56,95,121,95_121,15.07060243646009,2026-09-16 07:31:37.022926,25.316666666666663
20e7fc15-a985-4d2c-99db-5dfcd383a857,466,15,1,1,3,1.0,0.67,95,95,95_95,5.004360548870442,2026-09-16 07:31:37.022926,4.75
dae522ed-9a48-4794-bfcc-36fb9ffe59b1,7199,7,8,1,3,1.0,2.72,74,262,74_262,18.252118626142437,2026-09-16 07:31:37.022926,15.45
b40290d4-4189-4e60-9a1e-b4e9cb8916d7,27390,20,24,1,5,1.0,9.37,112,135,112_135,27.18769763707203,2026-09-16 07:31:37.022926,32.86666666666667
9220b189-a393-4b3d-93dc-962ec590c851,18427,13,17,1,5,1.0,1.37,75,236,75_236,8.273415589776114,2026-09-16 07:31:37.022926,9.116666666666667
6f470c63-66e7-4b05-9beb-e08550b561ff,34823,23,31,1,5,3.0,0.98,75,236,75_236,5.626293418528636,2026-09-16 07:31:37.022926,6.916666666666667
0d14fc84-c524-4504-80bc-8e3745ea5dd4,15112,17,14,1,2,2.0,6.95,43,234,43_234,33.8680791936183,2026-09-16 07:31:37.022926,31.416666666666668
cf9f090e-3d98-4a98-8d7c-4f7d98ef3ee1,19482,15,18,1,6,1.0,1.66,95,160,95_160,10.292324017689047,2026-09-16 07:31:37.022926,10.566666666666666
9f62cddc-040e-479d-8c90-fe6bda8a25a1,28047,16,26,1,0,2.0,1.99,41,151,41_151,12.071016613070746,2026-09-16 07:31:37.022926,12.416666666666666
71914ce2-7df1-498f-9480-b2dbdeb648cd,9517,20,9,1,4,2.0,4.2,181,255,181_255,23.30995157362663,2026-09-16 07:31:37.022926,18.966666666666665
7b6ffd13-2737-4221-ba6b-d4a03ceeeb2d,30497,16,28,1,2,1.0,2.3,74,24,74_24,21.24173877654252,2026-09-16 07:31:37.022926,22.233333333333334
28b82b73-4324-4736-bb98-3de6744547b1,28566,9,27,1,1,1.0,3.36,74,238,74_238,28.112975528174026,2026-09-16 07:31:37.022926,17.7
4471573d-3822-4f3c-be45-4e9353f205ae,9327,18,9,1,4,1.0,1.8,74,236,74_236,11.900084194378302,2026-09-16 07:31:37.022926,12.416666666666666
13d5d574-93ba-44d2-8f42-8c46b02c4c4f,34784,22,31,1,5,1.0,2.1,95,196,95_196,12.172443572978233,2026-09-16 07:31:37.022926,27.483333333333334
8392da41-cd63-4e28-aed5-2f332e177ba2,13052,8,13,1,1,1.0,2.11,74,236,74_236,16.274543425697946,2026-09-16 07:31:37.022926,22.05
4c5fd8e2-6753-4dd7-9059-0e32fe51b573,15574,8,15,1,3,5.0,1.25,75,74,75_74,5.572540324799694,2026-09-16 07:31:37.022926,7.683333333333334
f7b2c4ac-2e66-4e09-9250-b9d832f424fa,25728,16,23,1,4,1.0,1.37,166,239,166_239,9.909565942962878,2026-09-16 07:31:37.022926,8.683333333333334
a9eb3edf-37f6-4a0d-9f7d-3ecae37e4501,2326,16,3,1,5,1.0,1.73,226,193,226_193,10.793959585171814,2026-09-16 07:31:37.022926,13.4
a6721ce0-9aa6-4078-83c2-576336af79c9,3274,16,4,1,6,1.0,2.3,69,169,69_169,13.288102305281768,2026-09-16 07:31:37.022926,8.883333333333333
0549f609-92e5-451e-a210-cd54a6a6d051,29479,20,27,1,1,1.0,0.0,150,150,150_150,2.8260739040429095,2026-09-16 07:31:37.022926,0.1
0f775591-420b-45ab-be57-ce50250dd873,1316,15,2,1,4,2.0,3.47,130,258,130_258,19.094688046913646,2026-09-16 07:31:37.022926,19.166666666666668
ee213c5e-dc4c-4b7c-8b67-f41e6ea971f2,32523,6,30,1,4,1.0,3.4,74,140,74_140,21.724323739721928,2026-09-16 07:31:37.022926,15.85
4e08567e-9641-4498-b46a-7401390ecb39,16492,18,15,1,3,1.0,0.0,264,264,264_264,0.9332677281581164,2026-09-16 07:31:37.022926,1.0833333333333333
168984c1-c791-4444-92ac-d88ec3e017b5,16685,21,15,1,3,1.0,0.0,10,10,10_10,2.337134062844077,2026-09-16 07:31:37.022926,0.0833333333333333
3f4d5dab-aa33-4c8d-a556-7f511fbea785,1081,12,2,1,4,1.0,0.0,193,193,193_193,0.8574103883128136,2026-09-16 07:31:37.022926,2.9
dd11a394-fcbc-47e2-8593-40fb76569a2e,21846,17,20,1,1,1.0,2.02,74,236,74_236,14.03745565187079,2026-09-16 07:31:37.022926,12.933333333333334
349df026-8a7d-4df1-871f-0b954fe77796,0,0,1,1,3,2.0,6.2,65,233,65_233,21.469632409304293,2026-09-16 07:31:37.022926,27.3
c5a6e035-ab55-4ff6-b016-fe8ef0455cae,11849,9,12,1,0,1.0,2.45,74,236,74_236,16.259849624567,2026-09-16 07:31:37.022926,18.883333333333333
231db55f-a655-4680-9baf-70a011a10287,20181,13,19,1,0,4.0,4.04,166,161,166_161,25.16900713826127,2026-09-16 07:31:37.022926,23.766666666666666
b4849d2a-8ccc-476f-a26f-f590925b2516,27997,15,26,1,0,2.0,2.67,74,262,74_262,16.48877634664677,2026-09-16 07:31:37.022926,24.4
1bf44fb7-ee2f-4dc4-948b-2b1808c50e24,15978,14,15,1,3,1.0,0.86,43,151,43_151,6.142712907044507,2026-09-16 07:31:37.022926,3.9833333333333334
af00e0bb-6315-48f7-b7e5-7932d2e6e475,24539,17,22,1,3,3.0,6.63,74,138,74_138,22.599897858486642,2026-09-16 07:31:37.022926,26.683333333333337
a0775dc5-a79a-45f0-a222-50f7a4ee1d4f,15250,20,14,1,2,1.0,0.82,43,75,43_75,6.050224948691782,2026-09-16 07:31:37.022926,3.95
3406c8aa-ef81-4474-b4b9-b5d3358a996b,7282,8,8,1,3,1.0,2.8,74,238,74_238,18.388194888799838,2026-09-16 07:31:37.022926,20.883333333333333
db0a31c8-7e8f-43dc-86e5-192702ad3155,32317,20,29,1,3,1.0,6.34,75,249,75_249,24.454989574916855,2026-09-16 07:31:37.022926,23.333333333333332
d4513954-e381-450c-8ed6-17dd94eb4ae6,2280,15,3,1,5,1.0,0.55,43,75,43_75,3.9429233035606597,2026-09-16 07:31:37.022926,5.25
27173092-9fc6-4cff-b58e-0e29f58324ec,10844,9,11,1,6,1.0,0.36,41,166,41_166,2.914015104502672,2026-09-16 07:31:37.022926,1.3333333333333333
e41a9050-6340-4275-a591-ea915f050b6f,13864,18,13,1,1,5.0,5.88,134,132,134_132,26.9916115844069,2026-09-16 07:31:37.022926,34.53333333333333
7a7599fc-c500-4cca-8936-7d6c037dd8a1,6717,17,7,1,2,1.0,0.44,95,95,95_95,4.262502511991971,2026-09-16 07:31:37.022926,5.366666666666666
65c38dd5-62d0-4d62-8e6f-8fb01337d1d7,16639,21,15,1,3,1.0,1.67,66,25,66_25,9.40131789281041,2026-09-16 07:31:37.022926,10.633333333333333
8bd37d75-bc95-4543-a49e-5f22526d1ee7,17299,14,16,1,4,2.0,1.32,65,49,65_49,12.413576021621115,2026-09-16 07:31:37.022926,12.733333333333333
8c5266f2-01b3-4e83-80e8-edd5a3074423,20340,15,19,1,0,2.0,0.66,97,97,97_97,6.119788023008885,2026-09-16 07:31:37.022926,4.683333333333334
291bb954-1898-45ff-b639-313cbad38ec3,32156,18,29,1,3,1.0,2.2,33,195,33_195,17.274111906461243,2026-09-16 07:31:37.022926,16.966666666666665
35557040-1cd1-4ece-8e94-64e661fab668,29498,20,27,1,1,1.0,10.99,130,16,130_16,26.969879650420324,2026-09-16 07:31:37.022926,25.95
f641697f-81e2-488b-b093-b02c6ddc0d76,21060,8,20,1,1,1.0,1.36,74,75,74_75,12.537955397641916,2026-09-16 07:31:37.022926,13.533333333333331
5d1a75f8-c086-43a4-b019-19001ec18e60,1086,12,2,1,4,2.0,2.13,65,181,65_181,14.21762127212008,2026-09-16 07:31:37.022926,17.866666666666667
0aa5e78a-1b38-4d93-bc1f-f6b1c9c79091,6199,0,7,1,2,1.0,3.88,55,55,55_55,17.630462398983678,2026-09-16 07:31:37.022926,0.0
3d8dfc52-fb82-4670-b3e7-5b62101c6df0,11597,22,11,1,6,1.0,1.53,74,42,74_42,7.649762272039307,2026-09-16 07:31:37.022926,9.616666666666667
29d58695-6605-4349-b938-3eaa467ab513,33351,17,30,1,4,1.0,1.51,166,151,166_151,14.337386499279443,2026-09-16 07:31:37.022926,8.866666666666667
a03fc7f7-8e4c-4808-bbd6-f2c19c0ea639,27177,17,24,1,5,1.0,3.16,74,238,74_238,18.117623220955664,2026-09-16 07:31:37.022926,16.283333333333335
44957522-c4fd-46c6-a9ce-04a18d3fd1b7,14036,21,13,1,1,1.0,1.23,75,151,75_151,6.850016914887383,2026-09-16 07:31:37.022926,4.65
ff456e9d-9838-4e37-8b24-5858f0c1c077,16090,15,15,1,3,1.0,2.42,74,151,74_151,17.65863636454805,2026-09-16 07:31:37.022926,18.4
6a6c462f-c81c-4d0b-aa36-35c607f5345b,10146,14,10,1,5,1.0,1.97,82,173,82_173,13.29811246888752,2026-09-16 07:31:37.022926,27.1
94275f5a-d273-4971-87ec-e255782a0e72,32560,7,30,1,4,1.0,3.3,74,140,74_140,31.58605364173094,2026-09-16 07:31:37.022926,29.766666666666666
88e57a05-9dad-4b2d-910f-e1be10f39195,30469,16,28,1,2,6.0,4.27,24,243,24_243,30.536869656465456,2026-09-16 07:31:37.022926,21.783333333333335
b9a78a35-6bbf-4fd9-b298-e146bd3c5ea1,26975,15,24,1,5,1.0,0.9,130,216,130_216,6.540954740889665,2026-09-16 07:31:37.022926,6.916666666666667
73897625-449c-4dea-bddd-ae18f43901fc,25615,15,23,1,4,1.0,0.68,166,238,166_238,4.8600104422122286,2026-09-16 07:31:37.022926,4.35
9a285884-3edc-46c9-899a-c6490a4bc3bd,32360,21,29,1,3,1.0,3.03,43,48,43_48,17.556431061290578,2026-09-16 07:31:37.022926,18.35
a5868fb2-8103-40bc-ac6f-ece332b173d1,28503,8,28,1,2,1.0,1.16,74,74,74_74,12.664175252311004,2026-09-16 07:31:37.022926,22.433333333333337
9465f786-50da-4681-a4fe-177b08033f53,8185,19,8,1,3,1.0,2.72,97,62,97_62,19.492846666877785,2026-09-16 07:31:37.022926,17.733333333333334
2f933ba0-5767-4306-ab66-f3741cb7c6d2,31267,9,29,1,3,1.0,2.97,74,237,74_237,31.989105628798786,2026-09-16 07:31:37.022926,55.21666666666667
21412df8-75aa-4fe6-90e6-3c87dc4107ea,13358,12,13,1,1,1.0,1.88,43,166,43_166,12.492554661518586,2026-09-16 07:31:37.022926,11.683333333333334
3efef25a-7dd3-45a9-b413-e90bc23381c7,34546,18,31,1,5,1.0,1.44,41,116,41_116,11.153909599600688,2026-09-16 07:31:37.022926,8.766666666666667
228a3266-74c1-4fe8-ac18-9d88ff8e3c5f,31552,13,29,1,3,1.0,1.38,166,152,166_152,12.379345844827236,2026-09-16 07:31:37.022926,6.75
c4936b7b-4fbb-47fb-bc58-f26cee701fd5,29813,8,28,1,2,1.0,2.2,244,41,244_41,18.12805107646883,2026-09-16 07:31:37.022926,15.266666666666667
3563736c-e8c5-4534-8089-e1193742e41c,11733,7,12,1,0,1.0,1.49,75,236,75_236,10.324685979834301,2026-09-16 07:31:37.022926,8.05
78992c93-e1dd-4247-bcec-a16b967a1d41,15027,18,14,1,2,1.0,1.19,97,25,97_25,11.661999578537998,2026-09-16 07:31:37.022926,9.116666666666667
a3d94aed-8a2a-4abd-a62d-0cbbbfffcabd,17559,16,16,1,4,2.0,1.11,75,41,75_41,9.332575957464945,2026-09-16 07:31:37.022926,8.15
7c22cbb2-efa3-494d-9763-1720a6e4cbf7,33319,16,30,1,4,1.0,1.68,173,129,173_129,16.692109423717802,2026-09-16 07:31:37.022926,20.316666666666663
6fed5917-a32a-4759-a666-ebf856ece5c4,34404,16,31,1,5,1.0,1.36,83,129,83_129,14.501389015675135,2026-09-16 07:31:37.022926,20.95
75e5aa36-08b9-4a35-981a-e4426474815a,23395,18,21,1,2,1.0,1.73,74,74,74_74,10.706718842402381,2026-09-16 07:31:37.022926,12.916666666666666
6e3b8277-bd7e-4640-b996-4afc233d1ff6,13673,17,13,1,1,1.0,1.49,41,116,41_116,11.145674098502276,2026-09-16 07:31:37.022926,11.566666666666666
f69815cd-bc31-4461-809a-92023e45874f,28316,23,26,1,0,1.0,1.93,92,53,92_53,16.371192969976313,2026-09-16 07:31:37.022926,9.433333333333334
a3c2b207-44de-4fe8-bd40-e91d58e581b2,9064,15,9,1,4,1.0,5.08,244,238,244_238,18.8498778049547,2026-09-16 07:31:37.022926,23.35
6270ba51-394f-4cd6-89c2-a32bc85f8c17,31804,15,29,1,3,1.0,0.96,43,238,43_238,8.408263798614149,2026-09-16 07:31:37.022926,7.85
cfa2b894-4ccb-4183-baab-a7c0821e65e4,31792,16,29,1,3,1.0,1.24,74,236,74_236,17.031014502867652,2026-09-16 07:31:37.022926,10.85
dedabd99-4700-4b3f-9a19-75f9c130bc4a,26072,18,23,1,4,1.0,2.55,74,263,74_263,16.728626884531902,2026-09-16 07:31:37.022926,21.95
e70c3d66-6adc-44d5-bedf-60735f264354,1326,14,2,1,4,1.0,3.04,43,163,43_163,19.114854018874173,2026-09-16 07:31:37.022926,17.9
9c97ed3a-890b-4ee6-a4de-05ebfc0c9d13,22700,10,21,1,2,1.0,1.2,74,263,74_263,9.800847495234416,2026-09-16 07:31:37.022926,17.833333333333332
35d936dc-c86f-4d82-bfab-d558997e5857,25542,14,23,1,4,2.0,2.39,74,263,74_263,17.850820465992463,2026-09-16 07:31:37.022926,20.65
8de5a5b2-c43f-4d3b-9aa0-4a63310111f2,32845,11,30,1,4,1.0,1.24,95,134,95_134,10.494354781901645,2026-09-16 07:31:37.022926,8.766666666666667
087bdff3-0824-457f-809d-b354291d0ee3,26317,22,23,1,4,1.0,6.68,24,107,24_107,25.238270068203814,2026-09-16 07:31:37.022926,29.433333333333337
1938d5a6-fe7c-4001-883c-375165b77164,28795,12,27,1,1,1.0,1.42,74,75,74_75,16.424536973417105,2026-09-16 07:31:37.022926,19.216666666666665
b29e511a-5e52-455c-a0e6-26860358150e,29969,10,28,1,2,1.0,4.88,74,127,74_127,23.105494461161143,2026-09-16 07:31:37.022926,18.5
052bf526-a8e7-402d-aae1-e6f9a5f22645,27769,7,26,1,0,1.0,1.8,166,238,166_238,10.26138081820654,2026-09-16 07:31:37.022926,7.633333333333334
6ad46fd9-7304-4980-8ada-3a50a4e134f9,26308,21,23,1,4,2.0,2.2,65,61,65_61,18.068084296615975,2026-09-16 07:31:37.022926,17.083333333333332
749412ea-39a8-41d1-93dc-b4c9b588bb31,6277,11,7,1,2,1.0,3.18,166,43,166_43,20.350675497868632,2026-09-16 07:31:37.022926,23.416666666666668
02384088-2be9-4116-a794-ad3b39b622ac,13997,19,13,1,1,1.0,1.65,43,263,43_263,10.162303865691756,2026-09-16 07:31:37.022926,9.3
423a0adb-ebee-44c6-8de2-b2f1255452e2,34645,19,31,1,5,1.0,1.04,129,129,129_129,9.77790990472983,2026-09-16 07:31:37.022926,19.466666666666665
670f7399-0549-480c-af22-30eb084e9ef3,33430,18,30,1,4,2.0,4.05,65,227,65_227,30.72623319801695,2026-09-16 07:31:37.022926,30.716666666666665
3a2345d9-08d8-4afa-85f2-80af4a2ce2ad,6375,12,7,1,2,1.0,1.89,74,236,74_236,14.22492052246597,2026-09-16 07:31:37.022926,13.333333333333334
5c6f3f5a-026b-4bf6-9bfa-27ed8f032e21,19730,20,18,1,6,1.0,5.6,74,235,74_235,19.328660177922316,2026-09-16 07:31:37.022926,25.416666666666668
a1645061-f979-4f4c-b6dc-0d13802edc3f,4521,18,5,1,0,1.0,7.29,33,50,33_50,25.745626110022016,2026-09-16 07:31:37.022926,34.166666666666664
1fbdda08-3c32-448e-b7f9-72efb49cb962,1268,15,2,1,4,1.0,0.58,97,97,97_97,6.399396891925913,2026-09-16 07:31:37.022926,4.633333333333334
105713c4-547e-41f2-993e-fa82a01713cb,8565,8,9,1,4,1.0,0.4,41,41,41_41,3.416831802399087,2026-09-16 07:31:37.022926,3.1666666666666665
3ba47ca3-24e2-478d-bf37-f47eaf827561,19978,9,19,1,0,2.0,2.74,74,262,74_262,15.824243955332847,2026-09-16 07:31:37.022926,12.183333333333334
50370dff-ccd5-47db-a4a4-dad0fef9ff4e,10419,18,10,1,5,1.0,1.01,93,95,93_95,6.195139712183078,2026-09-16 07:31:37.022926,24.666666666666668
9a8c6fe3-3871-469c-af45-14f14f10dfbc,13110,9,13,1,1,1.0,3.53,97,107,97_107,22.65346625216402,2026-09-16 07:31:37.022926,22.5
6bb29bce-0fd3-4dce-acc7-04269f8e21f8,4009,12,5,1,0,1.0,1.52,74,75,74_75,9.910889816465035,2026-09-16 07:31:37.022926,10.9
186bd09b-6e64-4621-b16b-752e2c7179e7,12753,19,12,1,0,1.0,3.48,92,15,92_15,15.247540714397891,2026-09-16 07:31:37.022926,17.266666666666666
851de6a7-e572-48b4-b002-1d37375ab438,3168,15,4,1,6,2.0,12.27,66,265,66_265,38.95657981000494,2026-09-16 07:31:37.022926,36.6
fbad091c-7031-4dc2-afd8-1d1d8b1cb93c,24837,20,22,1,3,1.0,1.58,74,166,74_166,9.506040614518152,2026-09-16 07:31:37.022926,13.05
72959980-3606-4d12-a5d2-e27c1955f193,32870,11,30,1,4,1.0,2.13,74,236,74_236,21.77098962411986,2026-09-16 07:31:37.022926,13.083333333333334
3a5bb008-ccb8-49cd-ba96-4ae78e527cb7,5607,17,6,1,1,1.0,1.37,196,82,196_82,14.589693876420503,2026-09-16 07:31:37.022926,34.31666666666667
d3d765e3-55c8-48d7-8661-1a6d82da1c6e,24633,18,22,1,3,2.0,1.1,75,238,75_238,8.091464559732527,2026-09-16 07:31:37.022926,8.3
801b753d-b8f9-4857-a6a6-2486d4fa7ad2,11618,23,11,1,6,1.0,0.0,210,210,210_210,1.5774319770624194,2026-09-16 07:31:37.022926,0.0833333333333333
38591674-624b-48a9-99b7-e23f2b5a486c,8906,14,9,1,4,1.0,2.71,74,43,74_43,20.22381626290018,2026-09-16 07:31:37.022926,19.333333333333332
84481fb1-87bf-4340-a8d8-78b8becd4b73,495,16,1,1,3,1.0,6.96,66,164,66_164,26.497259993132694,2026-09-16 07:31:37.022926,29.8
f803d2f8-2864-4467-b048-04c0325a3424,24501,17,22,1,3,1.0,0.83,74,74,74_74,6.773614500243468,2026-09-16 07:31:37.022926,6.616666666666666
315c0a25-09b3-488d-8c72-d6ab67033b14,2653,22,3,1,5,1.0,0.97,134,28,134_28,4.505660056007323,2026-09-16 07:31:37.022926,3.8333333333333335
14b8016a-ac0b-4930-9bcf-7acd47593614,20639,18,19,1,0,1.0,0.6,74,41,74_41,4.629011569076228,2026-09-16 07:31:37.022926,3.9833333333333334
9b54d814-794d-4ac3-b054-3ed2fb0e8087,25483,13,23,1,4,1.0,5.16,166,100,166_100,21.10592161450524,2026-09-16 07:31:37.022926,20.7
d2a47268-2d6f-4121-84d6-45c151180647,33741,21,30,1,4,1.0,1.72,130,197,130_197,11.468107006435075,2026-09-16 07:31:37.022926,8.433333333333334
cc8c997c-a11d-4e0e-bcf6-c9e84dfd755f,7825,16,8,1,3,1.0,1.96,75,43,75_43,13.611068797315601,2026-09-16 07:31:37.022926,17.85
622786df-33c6-4db2-8e32-c01fcf4ac387,4737,1,6,1,1,1.0,0.0,18,18,18_18,1.6729901778728204,2026-09-16 07:31:37.022926,0.0666666666666666
652607ea-5c91-49b4-aaca-be5fb1e6b0c1,9979,12,10,1,5,5.0,4.05,260,138,260_138,9.926879431637921,2026-09-16 07:31:37.022926,11.383333333333333
ab47d734-3c5c-4d63-bfb8-7f4ef4bd1bdc,28941,14,27,1,1,1.0,2.6,166,143,166_143,21.875687759081476,2026-09-16 07:31:37.022926,17.133333333333333
f7f82c58-7f7a-43de-ad11-59a970c619d8,33123,14,30,1,4,1.0,0.42,75,75,75_75,6.626667361725355,2026-09-16 07:31:37.022926,2.85
633e5d11-00ac-4fa0-8c56-b8a208f5f4f1,27585,1,25,1,6,1.0,0.78,74,74,74_74,4.882194330356185,2026-09-16 07:31:37.022926,5.883333333333334
586f229a-1979-4131-852d-445e934b5fa3,34284,14,31,1,5,1.0,3.92,74,244,74_244,18.750883719312846,2026-09-16 07:31:37.022926,20.05
6b0d4c8d-f531-4503-9f43-7e983155d689,30369,15,28,1,2,1.0,0.63,75,236,75_236,7.0300890349389595,2026-09-16 07:31:37.022926,11.166666666666666
4afd3de2-62b6-4bb8-9b41-87bf9e65cda1,25073,7,23,1,4,1.0,2.1,75,140,75_140,18.992281355564348,2026-09-16 07:31:37.022926,18.3
52951c8e-5d49-4f94-ac08-67f7572ff0af,15950,13,15,1,3,2.0,6.78,82,121,82_121,25.627378559610015,2026-09-16 07:31:37.022926,31.75
c67249ea-6c0d-4ea6-9613-733c5bec9dcf,2685,22,3,1,5,1.0,1.67,66,97,66_97,13.023664848912219,2026-09-16 07:31:37.022926,12.116666666666667
287e530d-bd04-49e4-a9ab-50db88b1aac1,12144,13,12,1,0,1.0,1.87,166,75,166_75,12.971442967225455,2026-09-16 07:31:37.022926,19.116666666666667
0495c843-1c14-4fa2-b16f-b3ae8dc05cf5,5785,20,6,1,1,1.0,1.28,92,192,92_192,8.05516213555456,2026-09-16 07:31:37.022926,9.1
f3ca1279-1975-47d6-be16-08456fe0d844,24900,22,22,1,3,1.0,1.65,75,238,75_238,8.960466177222843,2026-09-16 07:31:37.022926,8.533333333333333
c03d928d-9c9e-46dd-80ea-f7d7f38e9b24,2682,23,3,1,5,1.0,1.27,130,130,130_130,7.00983497695047,2026-09-16 07:31:37.022926,8.75
5844ece3-e19c-42c5-9bf9-a0c0835d12ab,17490,16,16,1,4,1.0,7.86,244,264,244_264,30.007947273691812,2026-09-16 07:31:37.022926,36.53333333333333
e14acfcd-0bc2-4979-a9b0-06cfdeb6cfca,6974,18,7,1,2,2.0,2.08,92,192,92_192,14.478189605834395,2026-09-16 07:31:37.022926,12.766666666666667
88e299e3-0103-40f2-a092-041ea33e0ff0,33087,14,30,1,4,1.0,4.67,166,127,166_127,25.993868991094004,2026-09-16 07:31:37.022926,12.8
00bcc90c-097e-4613-a5b1-e2ceb174d1a6,30134,12,28,1,2,1.0,6.64,244,262,244_262,28.173608205334084,2026-09-16 07:31:37.022926,41.016666666666666
b1e54093-38df-433c-806c-f1743b5d7913,15345,22,14,1,2,1.0,4.07,139,19,139_19,15.710016470616342,2026-09-16 07:31:37.022926,11.1
a5ecbe4e-7a0f-43e4-afdf-05f99f598387,1862,2,3,1,5,1.0,15.0,226,132,226_132,27.413676925165557,2026-09-16 07:31:37.022926,31.3
3de9da58-2f88-4512-a66c-07de29a947b1,6433,13,7,1,2,1.0,1.39,74,75,74_75,10.682603876288038,2026-09-16 07:31:37.022926,7.1
4325699a-1c73-4731-a771-d78b8491fcda,19068,3,18,1,6,1.0,3.6,25,148,25_148,16.837301770062894,2026-09-16 07:31:37.022926,14.7
6f35f453-bac8-4d3a-8776-72afcb01ba1c,27985,15,26,1,0,1.0,1.63,74,236,74_236,11.055833730030951,2026-09-16 07:31:37.022926,11.833333333333334
6620c323-7e0e-4ec5-8892-68f55320c196,10838,8,12,1,0,1.0,1.23,74,41,74_41,9.155985554681404,2026-09-16 07:31:37.022926,7.55
ec0b4440-8df8-44b4-b3ce-12446dce78b0,28092,17,26,1,0,1.0,1.4,74,264,74_264,11.277174747179613,2026-09-16 07:31:37.022926,11.283333333333331
df1b5d13-0748-409e-b60f-f7a85064dff0,34290,14,31,1,5,2.0,0.97,74,166,74_166,8.595641421291566,2026-09-16 07:31:37.022926,13.65
4c2dd966-a3a0-47ee-a0b4-3aa257075c7f,25392,12,23,1,4,1.0,0.9,75,236,75_236,7.2387996018559395,2026-09-16 07:31:37.022926,5.35
9638a3eb-0b55-4a62-afdc-e8ae1d2d57e1,22191,21,20,1,1,1.0,2.51,130,205,130_205,11.649233986357409,2026-09-16 07:31:37.022926,11.65
c3177c29-01ca-48c2-9526-3ad032236bf5,12718,19,12,1,0,1.0,2.2,75,42,75_42,11.078488308489975,2026-09-16 07:31:37.022926,11.716666666666669
e9e73fe8-8707-4448-a427-c471aebffa91,23310,18,21,1,2,1.0,1.91,97,61,97_61,17.65322309431469,2026-09-16 07:31:37.022926,17.383333333333333
cca8f818-564a-4c0f-8bd2-d8ae7352f7c7,23212,17,21,1,2,5.0,1.9,74,236,74_236,13.535602392788531,2026-09-16 07:31:37.022926,13.866666666666667
0216ff09-644d-4505-8857-c0b9dc8f7959,8048,18,8,1,3,1.0,4.08,82,138,82_138,14.712516003336653,2026-09-16 07:31:37.022926,14.15
0bd2c69e-3377-4fa6-b9c6-b4c3edc98cd4,3191,15,4,1,6,3.0,2.22,74,263,74_263,12.192226965369136,2026-09-16 07:31:37.022926,20.616666666666667
f5b81ad1-bae3-4b7a-85e6-f4f4e07aaa46,26718,12,24,1,5,1.0,3.76,97,89,97_89,23.680786999274257,2026-09-16 07:31:37.022926,18.366666666666667
aafd9135-4fed-475c-a05e-668df18484c6,13301,12,13,1,1,1.0,2.12,74,151,74_151,15.04972617268203,2026-09-16 07:31:37.022926,11.383333333333333
1e1fe48a-f28b-40a7-99e4-8dd614fb33f4,18370,11,17,1,5,1.0,2.63,166,43,166_43,14.158193545798108,2026-09-16 07:31:37.022926,13.483333333333333
43feac93-5e23-4be7-98c7-c08ba8f9dbed,13689,17,13,1,1,1.0,1.3,74,168,74_168,10.10062360290343,2026-09-16 07:31:37.022926,12.95
303d106a-fb29-4fce-af51-81ae6bc5ffdf,6684,16,7,1,2,1.0,1.02,75,41,75_41,6.9117943884920985,2026-09-16 07:31:37.022926,3.75
8abf7e82-9014-458a-99a9-b216cf3a422c,13880,19,13,1,1,1.0,5.81,82,255,82_255,24.848174771572825,2026-09-16 07:31:37.022926,16.783333333333335
9e5337dd-c060-47d9-9ea2-ea650d59de94,4576,19,5,1,0,1.0,2.77,75,239,75_239,15.64720513135347,2026-09-16 07:31:37.022926,13.583333333333334
010cc996-2184-446f-baef-3e4fe81be061,14934,17,14,1,2,1.0,3.72,95,192,95_192,17.00844119826673,2026-09-16 07:31:37.022926,13.383333333333333
2052a80f-adf0-4599-891c-e0fb5e741e87,24483,17,22,1,3,2.0,1.56,166,41,166_41,11.428442810948091,2026-09-16 07:31:37.022926,17.333333333333332
cbd9daf5-52eb-467a-9f61-6a84749f8dff,24630,18,22,1,3,1.0,1.3,74,152,74_152,10.416265845177769,2026-09-16 07:31:37.022926,11.616666666666667
0d10555c-3ab5-4c56-9767-f522259eefae,33197,15,30,1,4,3.0,1.5,74,75,74_75,17.076966081295218,2026-09-16 07:31:37.022926,18.166666666666668
c94642a4-fc64-45da-88a7-5e3c382fa6a3,27752,7,26,1,0,1.0,1.16,74,74,74_74,8.530140539214724,2026-09-16 07:31:37.022926,7.166666666666667
d125c1d0-7890-4d1f-b19a-52d078fdbef7,5820,20,6,1,1,1.0,3.84,74,244,74_244,15.986666743897555,2026-09-16 07:31:37.022926,14.35
15a55d22-5c4f-4cd7-bffe-b86e0de30ca5,24797,20,22,1,3,1.0,1.11,179,179,179_179,7.657071614413609,2026-09-16 07:31:37.022926,9.333333333333334
05680102-cbf1-4f14-a041-a9975152549a,7276,8,8,1,3,1.0,7.0,95,145,95_145,24.867777031861035,2026-09-16 07:31:37.022926,29.95
2e2db8ee-e65c-4ac1-ab97-9356b8846fb7,715,19,1,1,3,1.0,3.12,74,141,74_141,14.096118383903951,2026-09-16 07:31:37.022926,16.3
00841034-c7cc-43f4-bb8c-60eccadb279f,19155,8,18,1,6,1.0,2.35,74,236,74_236,9.859448613220973,2026-09-16 07:31:37.022926,10.55
5585b42e-c13f-40af-bf1b-9a3632aecb87,34200,13,31,1,5,1.0,2.28,74,24,74_24,15.544506763492024,2026-09-16 07:31:37.022926,17.716666666666665
868803bd-9b77-411c-a926-2790a88a8661,31235,8,29,1,3,1.0,1.39,74,75,74_75,24.01504851100787,2026-09-16 07:31:37.022926,19.883333333333333
97f6106d-717d-4146-87b3-361468fdb0c9,3890,10,5,1,0,1.0,13.18,41,95,41_95,36.463458936480016,2026-09-16 07:31:37.022926,58.083333333333336
9ecf0231-9343-448a-9978-87015ffda4b4,24583,16,22,1,3,2.0,1.01,43,236,43_236,8.060077460229644,2026-09-16 07:31:37.022926,6.783333333333333
4dae2f6d-9b13-465f-a58c-ab9a9c1aaefb,6871,18,7,1,2,1.0,3.77,82,138,82_138,11.612966009661902,2026-09-16 07:31:37.022926,11.35
7c890d4b-a02e-499f-b190-ae787ac9d76b,204,4,1,1,3,1.0,11.1,112,89,112_89,29.640282042611044,2026-09-16 07:31:37.022926,24.216666666666665
0e6a340f-3976-466a-a7b0-7c8f4b0d2bef,31037,23,28,1,2,1.0,2.0,95,134,95_134,10.993674477589451,2026-09-16 07:31:37.022926,9.766666666666667
d1b23ed0-2577-4d93-a481-cdd241309440,1369,16,2,1,4,1.0,1.94,74,236,74_236,11.838313333756826,2026-09-16 07:31:37.022926,9.566666666666666
267a75a8-521c-48bb-9bb4-820da216219b,1169,13,2,1,4,1.0,3.23,75,116,75_116,16.452473155523776,2026-09-16 07:31:37.022926,16.316666666666666
1c49803d-4831-47d3-b942-1c98d4a1298b,17785,18,16,1,4,1.0,2.56,74,238,74_238,16.333454081806078,2026-09-16 07:31:37.022926,12.816666666666666
c41501a8-ecef-4384-88e5-68beb16c59cb,12567,17,12,1,0,1.0,3.26,74,141,74_141,20.578701629681973,2026-09-16 07:31:37.022926,18.633333333333333
bcc93196-0882-45c7-ab35-1f7cbb007737,14648,14,14,1,2,2.0,1.62,95,196,95_196,13.684717900797853,2026-09-16 07:31:37.022926,12.833333333333334
056dfbf4-1a74-4acb-82ce-c9a684d53233,14438,10,14,1,2,1.0,1.8,43,262,43_262,13.892068212611347,2026-09-16 07:31:37.022926,18.566666666666663
0157e7f6-d9b1-4ed3-847a-f6430e48a586,31252,8,29,1,3,1.0,1.43,74,41,74_41,15.529945937732645,2026-09-16 07:31:37.022926,18.033333333333335
483ac386-14e9-4b34-8d29-c2550c680276,21284,10,20,1,1,1.0,0.78,24,41,24_41,5.963336871548127,2026-09-16 07:31:37.022926,6.666666666666667
0d7c13a0-3eae-4c0a-941c-d88da3f8086c,7703,14,8,1,3,1.0,1.23,75,74,75_74,7.434356429352109,2026-09-16 07:31:37.022926,5.266666666666667
e05f31e6-2af8-47d6-9135-44eb92e8ae22,28518,8,27,1,1,1.0,10.14,42,255,42_255,31.603640709748255,2026-09-16 07:31:37.022926,50.0
31f5e5ee-4dfe-4523-a6d5-29a42f42663a,24979,0,23,1,4,1.0,0.27,92,92,92_92,2.1944517735106612,2026-09-16 07:31:37.022926,1.55
da75a75a-5061-451e-ae23-918f715a3541,14172,7,14,1,2,1.0,4.36,41,162,41_162,20.372535786736833,2026-09-16 07:31:37.022926,27.366666666666667
9d1bf225-dcbb-4adb-9caa-01b356149613,4273,16,5,1,0,1.0,1.11,74,42,74_42,8.062149852453107,2026-09-16 07:31:37.022926,8.533333333333333
10dc5e22-0028-4ab8-afca-ab5bbe488a78,18945,22,17,1,5,1.0,1.28,75,262,75_262,7.967255301801309,2026-09-16 07:31:37.022926,7.783333333333333
95fff661-dda7-48f4-9d3b-7de263ca38d2,21520,13,20,1,1,1.0,0.9,75,264,75_264,7.472141167503306,2026-09-16 07:31:37.022926,5.383333333333334
5c57191f-c47f-4c4a-b46b-1822e8ca8eac,29315,18,27,1,1,1.0,0.79,43,236,43_236,7.571619651820976,2026-09-16 07:31:37.022926,15.333333333333334
5aa7292a-f58b-440e-8397-629216469604,32928,12,30,1,4,6.0,1.47,75,237,75_237,19.221467085492886,2026-09-16 07:31:37.022926,17.016666666666666
7737a7c9-6ac6-49b9-be63-ade9e6e44782,1467,17,2,1,4,2.0,23.73,260,265,260_265,49.668460962492574,2026-09-16 07:31:37.022926,44.88333333333333
56642866-f065-4e90-9bf9-a598083dcc6f,23180,17,21,1,2,1.0,1.06,166,151,166_151,7.303855069778247,2026-09-16 07:31:37.022926,5.316666666666666
b4832c6c-83fe-4a0b-b33b-9cfa13484b23,17119,11,16,1,4,1.0,3.72,74,235,74_235,19.06038282975185,2026-09-16 07:31:37.022926,21.45
29a01fbb-30e7-4f2b-9f39-85a6f8c2a197,5865,21,6,1,1,1.0,1.93,74,236,74_236,9.878343140693197,2026-09-16 07:31:37.022926,9.033333333333331
561fa010-6004-4e2d-a5ac-e7e69e45a335,27856,11,26,1,0,1.0,1.94,75,43,75_43,11.678242997276426,2026-09-16 07:31:37.022926,11.966666666666669
2f1278f8-6d2d-4436-806b-302301e18c9c,21778,16,20,1,1,2.0,2.05,74,24,74_24,15.148408841087537,2026-09-16 07:31:37.022926,18.65
581567d0-de30-46a2-a55f-27b38e92dcd9,3815,9,5,1,0,1.0,2.66,74,237,74_237,16.04731191768167,2026-09-16 07:31:37.022926,11.433333333333334
e9b7187a-c4d0-4c3c-a019-d89755b0709e,9896,11,10,1,5,1.0,1.28,74,75,74_75,8.050964075403996,2026-09-16 07:31:37.022926,5.533333333333333
f0a9246e-e841-4dc0-b5a9-033142b2f89d,27249,18,24,1,5,1.0,2.99,97,89,97_89,19.61173135414428,2026-09-16 07:31:37.022926,17.0
aad1f0ad-9397-42ad-8d67-9a9a37b29bdb,29026,15,27,1,1,1.0,14.05,134,265,134_265,37.30311587920533,2026-09-16 07:31:37.022926,54.6
03cae377-ea4b-47ce-824e-6734fbf1439c,9496,20,9,1,4,1.0,1.41,65,228,65_228,17.658439779561185,2026-09-16 07:31:37.022926,20.05
5c1e4e08-b65a-4933-880d-ffaeec0f317f,28255,21,26,1,0,1.0,0.45,166,24,166_24,3.5650414021068637,2026-09-16 07:31:37.022926,5.15
3fec3727-4002-429c-85f6-24871e063911,16392,18,15,1,3,1.0,0.85,42,247,42_247,5.534407891216443,2026-09-16 07:31:37.022926,4.616666666666666
34dc8e0b-bec9-4238-9cae-9ef60f8b9d26,6190,9,7,1,2,1.0,2.43,74,238,74_238,17.092928854785562,2026-09-16 07:31:37.022926,15.583333333333334
bc4a233a-3f62-4f98-bf5a-5fbcb97ffd64,6827,18,7,1,2,1.0,3.56,130,258,130_258,21.358421611788664,2026-09-16 07:31:37.022926,24.85
998f1d40-d131-4aee-ab6d-5832b90aac73,4172,15,5,1,0,1.0,1.25,75,74,75_74,7.099311955411896,2026-09-16 07:31:37.022926,8.233333333333333
ea89108e-1cef-450b-b5a3-faffcc27bf67,7505,11,8,1,3,1.0,3.81,82,138,82_138,9.802450435528163,2026-09-16 07:31:37.022926,7.95
ba6258c7-d8d2-4ac8-9c99-dfef7c32bd92,11236,16,11,1,6,1.0,0.69,196,95,196_95,5.871727823397883,2026-09-16 07:31:37.022926,5.283333333333333
f2f5be83-0a46-40b0-8e33-99e4b358c506,21600,14,20,1,1,1.0,3.0,166,143,166_143,19.054571130193672,2026-09-16 07:31:37.022926,13.716666666666669
b303102f-141e-47e9-976c-339aa0fc6890,221,5,1,1,3,1.0,0.0,160,160,160_160,1.0566456072399075,2026-09-16 07:31:37.022926,0.05
ff2a8238-a523-4256-8a9f-f97ecc54a07f,15226,18,14,1,2,2.0,2.09,43,237,43_237,15.567389168057893,2026-09-16 07:31:37.022926,11.566666666666666
2a3e3e0c-13cb-42f5-b9bf-6714cd9af5d3,22491,8,21,1,2,1.0,1.29,74,41,74_41,10.444645426501353,2026-09-16 07:31:37.022926,6.383333333333334
e38f3d5e-ab11-4878-af83-a66c49965eb9,522,15,1,1,3,2.0,2.67,43,162,43_162,16.097261630789227,2026-09-16 07:31:37.022926,14.7
639f163d-75e7-4ad3-b5a4-70c5966eec0a,28918,14,27,1,1,1.0,0.0,74,262,74_262,12.088611542585642,2026-09-16 07:31:37.022926,38.666666666666664
242d0892-89df-4649-a7c0-1ff6576b273f,8361,22,8,1,3,1.0,1.21,74,42,74_42,6.204161665697805,2026-09-16 07:31:37.022926,6.816666666666666
0dc24845-2f01-4647-90a6-df92b599c4d0,24593,17,22,1,3,1.0,3.69,82,129,82_129,20.492352698679685,2026-09-16 07:31:37.022926,13.4
6ae47ad3-0459-4d9a-97e9-ffcac9c6611c,33346,17,30,1,4,2.0,1.08,97,97,97_97,12.971868561719978,2026-09-16 07:31:37.022926,10.816666666666666
b6135a88-1f57-49f3-871a-61ed1c59b5a7,12706,19,12,1,0,1.0,1.4,210,108,210_108,11.454708528686044,2026-09-16 07:31:37.022926,5.65
20fff06d-1e6b-4009-9f87-5e2de879a144,19824,23,18,1,6,1.0,2.89,74,239,74_239,12.915901976587547,2026-09-16 07:31:37.022926,13.35
aaaa786b-07d3-4073-9133-78df8b627e75,24418,16,22,1,3,1.0,1.02,82,83,82_83,9.518882254074612,2026-09-16 07:31:37.022926,8.633333333333333
4f6fee2b-22bc-4715-a716-bf82b82a04b8,9339,18,9,1,4,1.0,2.53,74,263,74_263,16.168699578210774,2026-09-16 07:31:37.022926,15.916666666666666
e659ab3b-68c6-49f8-8f69-9164141b3c1d,23293,18,21,1,2,1.0,0.65,166,41,166_41,4.632602899400132,2026-09-16 07:31:37.022926,4.866666666666666
016fca9e-81c0-4c75-8ae0-a973c5080976,3726,8,5,1,0,1.0,0.57,42,152,42_152,4.78466953490127,2026-09-16 07:31:37.022926,3.35
91982c43-f43c-4b51-a029-7efb2e201304,23086,16,21,1,2,1.0,7.84,166,202,166_202,32.370688567264935,2026-09-16 07:31:37.022926,57.85
ab60609b-1fc0-422e-bf4b-ed3f41423bcb,11746,7,12,1,0,1.0,1.26,74,75,74_75,9.986539438707547,2026-09-16 07:31:37.022926,12.983333333333333
84a14ec9-b617-478a-844f-9ae002f35ccb,18789,19,17,1,5,1.0,1.59,75,24,75_24,9.370057789372353,2026-09-16 07:31:37.022926,8.5
61310fc5-3b96-4645-84c4-4db7a0824d27,9117,16,9,1,4,1.0,1.68,95,95,95_95,12.749045412125225,2026-09-16 07:31:37.022926,11.766666666666667
b57f2d16-3284-4451-956e-2a99d6281558,33581,19,30,1,4,1.0,2.5,74,237,74_237,18.031100625590295,2026-09-16 07:31:37.022926,17.616666666666667
c0d41866-cadf-4f98-8272-c0da369d6f25,30837,19,28,1,2,1.0,0.64,74,74,74_74,5.288121722847566,2026-09-16 07:31:37.022926,3.5833333333333335
faf57721-9dd5-4cb2-a28e-37d3edfa672f,3297,17,4,1,6,2.0,3.0,74,262,74_262,15.3409966745146,2026-09-16 07:31:37.022926,18.216666666666665
faf76a09-1a3a-4978-8d95-9ae23f3fc6d2,10066,14,10,1,5,1.0,4.35,236,186,236_186,26.134156937283713,2026-09-16 07:31:37.022926,33.36666666666667
de983bfc-6551-4a4c-b989-22101e51120f,746,21,1,1,3,1.0,1.86,74,151,74_151,9.023768864294777,2026-09-16 07:31:37.022926,8.783333333333333
14272bbd-a1c9-4210-9df5-99fff689fa9d,29541,21,27,1,1,1.0,1.48,74,75,74_75,9.981867112858918,2026-09-16 07:31:37.022926,5.666666666666667
7a757277-a133-4fe0-b547-c8894cb9c684,12164,13,12,1,0,1.0,6.7,74,138,74_138,14.882206693138144,2026-09-16 07:31:37.022926,12.633333333333333
ffdfd17a-d727-46db-87df-9bc14f7380c0,24382,16,22,1,3,1.0,0.71,74,41,74_41,6.517158461795651,2026-09-16 07:31:37.022926,3.9166666666666665
7ad4e377-9d66-4b71-983f-ca2d534e634c,17989,21,16,1,4,1.0,2.66,226,193,226_193,13.79413035725357,2026-09-16 07:31:37.022926,20.933333333333337
40934a62-ff4e-4359-b3dc-660070059849,34513,17,31,1,5,1.0,0.86,33,52,33_52,7.598930101586657,2026-09-16 07:31:37.022926,6.683333333333334
ce8c49e3-588d-4075-b0d2-e2fe2025de7c,13556,15,13,1,1,1.0,1.73,43,238,43_238,12.415528136224893,2026-09-16 07:31:37.022926,19.033333333333335
010853e9-b0e3-491c-96c3-284089f8f411,20033,10,19,1,0,1.0,4.72,74,262,74_262,20.030084145829388,2026-09-16 07:31:37.022926,16.733333333333334
57e0e197-0c35-4ce6-a99a-3cbf23ec6f7d,12244,14,12,1,0,1.0,8.67,7,98,7_98,27.396808649552213,2026-09-16 07:31:37.022926,30.65
73fdc1ed-a230-4d90-9ad8-2d99c0a126a7,30903,20,28,1,2,2.0,2.24,130,205,130_205,13.984161083880531,2026-09-16 07:31:37.022926,15.883333333333333
b407c799-a9aa-4086-982f-ee34afe84690,2557,19,3,1,5,1.0,1.08,95,196,95_196,7.657037074455694,2026-09-16 07:31:37.022926,8.7
c2833d36-dc39-4ce6-9910-a7ad6b7ed53f,27932,14,26,1,0,1.0,3.04,74,141,74_141,18.92440507447216,2026-09-16 07:31:37.022926,20.1
2ac6e878-f163-43e6-a84a-8d1655e28bb9,31353,10,29,1,3,1.0,6.64,74,138,74_138,17.933485573519476,2026-09-16 07:31:37.022926,15.7
40cbe6bb-31e4-4c79-b701-9afa5a54fc01,3255,16,4,1,6,1.0,1.3,130,130,130_130,10.373867855711273,2026-09-16 07:31:37.022926,9.683333333333334
3ff3806e-e82d-42fb-98b2-b301c2f2868d,20619,18,19,1,0,2.0,0.62,95,95,95_95,4.8809135625164775,2026-09-16 07:31:37.022926,5.45
2dba06d1-d5df-4dc6-804e-922adf6ba871,33849,0,31,1,5,5.0,1.82,25,189,25_189,14.416233690175046,2026-09-16 07:31:37.022926,11.533333333333331
fd371761-7b38-4cb5-aaae-a3a570da141c,21335,11,20,1,1,1.0,2.26,74,236,74_236,16.43656719636438,2026-09-16 07:31:37.022926,13.783333333333331
211ae5ad-b986-4e05-903d-59ae2052b47a,1427,16,2,1,4,1.0,0.95,82,129,82_129,10.77926582803606,2026-09-16 07:31:37.022926,8.5
99661c9e-c06f-4f75-9986-fd602f15eb72,31243,8,29,1,3,2.0,0.3,75,75,75_75,4.608845148415322,2026-09-16 07:31:37.022926,1.5333333333333334
ad24c756-bce1-46dd-90ee-c903c22839dc,8592,9,9,1,4,1.0,1.42,74,75,74_75,10.688653060992609,2026-09-16 07:31:37.022926,5.916666666666667
1585bad5-e17b-41f6-8cd2-3fc96a4c4169,32769,10,30,1,4,1.0,1.07,75,236,75_236,9.902856698069105,2026-09-16 07:31:37.022926,12.1
b5bc55fe-f289-470e-9bb3-88a8031932b8,30057,11,28,1,2,1.0,5.56,75,246,75_246,26.49969237411478,2026-09-16 07:31:37.022926,27.283333333333335
a891086f-d021-4a7a-9697-e8e79a9fd7d0,14157,7,14,1,2,1.0,2.31,74,262,74_262,17.16360483197841,2026-09-16 07:31:37.022926,20.75
8d646755-2c65-48de-95be-e9865366b3bc,28898,14,27,1,1,5.0,1.47,75,238,75_238,15.958979395349028,2026-09-16 07:31:37.022926,30.883333333333333
a0fccb64-abe7-4af4-a0c1-c813b7ffd86a,31605,13,29,1,3,1.0,1.13,75,74,75_74,9.16560363318585,2026-09-16 07:31:37.022926,9.316666666666666
25bfb953-4ab9-4dd4-857a-a4f86cc61de7,12329,15,12,1,0,1.0,1.09,95,95,95_95,8.613666740616138,2026-09-16 07:31:37.022926,11.05
07cc6646-1b18-4583-b3ad-cf139e3b3e8f,32099,18,29,1,3,1.0,2.0,74,24,74_24,17.95905275052265,2026-09-16 07:31:37.022926,14.85
f9ee5842-636b-42fd-bece-14c4955461b9,25628,15,23,1,4,1.0,0.56,33,33,33_33,5.68677720305014,2026-09-16 07:31:37.022926,5.116666666666666
22dced7f-53ce-4db8-baf2-ab0095b8d747,14397,10,14,1,2,1.0,3.51,97,188,97_188,22.28922312875865,2026-09-16 07:31:37.022926,20.233333333333334
e6149c3d-6763-4a7d-bd5c-5797aab6ae88,26355,22,23,1,4,1.0,0.81,75,74,75_74,3.702947036597935,2026-09-16 07:31:37.022926,3.2333333333333334
0cbb97bd-3ebe-4aea-bea6-c78068946014,3214,16,4,1,6,3.0,1.6,97,34,97_34,12.5062458233892,2026-09-16 07:31:37.022926,13.2
5939aedb-5fa0-45e8-916e-4b45dc7aa4db,15014,17,14,1,2,1.0,1.12,43,238,43_238,7.789402987471164,2026-09-16 07:31:37.022926,3.8666666666666663
fb20890d-9d83-453a-b869-3b1c96f0b023,33955,7,31,1,5,1.0,1.22,74,75,74_75,11.26711210483745,2026-09-16 07:31:37.022926,6.016666666666667
3c51cbee-269f-40ca-b2e1-f80f4bc0270c,14039,21,13,1,1,1.0,1.39,82,129,82_129,9.533597767913497,2026-09-16 07:31:37.022926,10.316666666666666
155bb074-a1e7-443a-a0e5-7296596a9dbf,6998,20,7,1,2,1.0,0.79,66,33,66_33,5.6467020683353875,2026-09-16 07:31:37.022926,5.866666666666666
c46b5c00-0b6e-4e0e-b92a-8b051e749ee2,11639,1,12,1,0,2.0,0.0,173,173,173_173,1.122788143456105,2026-09-16 07:31:37.022926,0.0666666666666666
f14dd3f9-1de4-497e-bff6-c852add69b1c,1934,8,3,1,5,1.0,1.98,74,236,74_236,9.620168948313266,2026-09-16 07:31:37.022926,6.383333333333334
d9c81184-180a-418a-9ef5-09e182f6a3f1,5364,15,6,1,1,1.0,1.9,75,142,75_142,13.883055572407317,2026-09-16 07:31:37.022926,12.183333333333334
cff2d7f3-3b53-42a3-91fd-a5fd0eea180b,33621,19,30,1,4,1.0,2.28,74,151,74_151,17.76358891562487,2026-09-16 07:31:37.022926,17.2
2d58d039-8a37-46c8-b492-b2d83ac123ad,8450,6,9,1,4,1.0,1.56,74,236,74_236,9.322507722691173,2026-09-16 07:31:37.022926,7.35
85e5600f-259d-4a7f-ab08-ba9077a13a1d,4710,23,5,1,0,1.0,1.09,95,95,95_95,5.877339390942034,2026-09-16 07:31:37.022926,6.95
655efb6e-583d-475e-a7b4-66a6640205d8,480,15,1,1,3,1.0,2.11,43,239,43_239,11.60163371772136,2026-09-16 07:31:37.022926,9.266666666666667
84a7a864-e577-4873-b119-235c53d35fd8,10413,18,10,1,5,1.0,0.82,95,95,95_95,6.17046113746073,2026-09-16 07:31:37.022926,7.45
a426f990-7dc6-46e4-b4bf-7e5141526a2a,13949,20,13,1,1,1.0,1.13,129,260,129_260,8.890797446776945,2026-09-16 07:31:37.022926,9.933333333333334
a3262154-6b56-4b5f-9844-d0d5157601bd,3926,11,5,1,0,1.0,2.16,74,236,74_236,14.743549915940738,2026-09-16 07:31:37.022926,14.083333333333334
557ccacd-25aa-4de0-a0a7-d6441d3fe2d1,3589,6,5,1,0,1.0,3.52,74,239,74_239,13.047486236111949,2026-09-16 07:31:37.022926,16.133333333333333
f75e0ca2-4216-489d-8d36-6681a3817f20,26304,21,23,1,4,1.0,3.33,130,121,130_121,16.80196160336492,2026-09-16 07:31:37.022926,20.35
bd81bfbd-fb21-453c-8821-ce5239fc69a7,460,15,1,1,3,1.0,2.5,74,262,74_262,13.364434555667206,2026-09-16 07:31:37.022926,9.9
4052c315-2d1c-4149-ae90-9191f71c34a5,24518,17,22,1,3,1.0,1.01,95,95,95_95,8.098758092189616,2026-09-16 07:31:37.022926,10.65
c941316a-320a-451a-a375-4f4808eb9640,31823,16,29,1,3,1.0,2.29,166,142,166_142,19.060521200816318,2026-09-16 07:31:37.022926,17.016666666666666
dd828ebb-6b21-4e26-bd8e-e0e5b62b0b04,18607,15,17,1,5,1.0,2.02,260,7,260_7,11.870235388073255,2026-09-16 07:31:37.022926,15.216666666666669
fc586f04-297f-4333-b4a9-0747bff4c7ab,3217,16,4,1,6,1.0,1.2,74,42,74_42,7.578988825371698,2026-09-16 07:31:37.022926,6.933333333333334
eeae9fa3-59d4-4f48-8715-53cc640c1ad6,6590,15,7,1,2,1.0,3.04,43,163,43_163,21.647463236990745,2026-09-16 07:31:37.022926,21.866666666666667
5c55f8d4-e25d-4c70-847f-1b26b1d0077f,5919,23,6,1,1,1.0,0.81,95,95,95_95,4.911592847468773,2026-09-16 07:31:37.022926,4.733333333333333
fea7758f-3919-4957-8e29-9ba59251f5bb,20898,23,19,1,0,1.0,6.51,75,112,75_112,21.165044532040945,2026-09-16 07:31:37.022926,23.416666666666668
c21c4026-1c2a-45fd-847c-3248711cf66f,7285,8,8,1,3,1.0,1.34,74,75,74_75,12.406842174254603,2026-09-16 07:31:37.022926,16.583333333333332
eb9f5797-8a25-4146-9474-7e1de446eb8b,20864,22,19,1,0,1.0,2.7,74,262,74_262,12.88269421863615,2026-09-16 07:31:37.022926,14.883333333333333
737ed0b7-afdc-48d2-b815-c4b9bea51a0d,33331,17,30,1,4,1.0,1.79,43,141,43_141,18.814964092224272,2026-09-16 07:31:37.022926,13.666666666666666
49a09494-d577-4ac2-9970-6ac2242df19b,10109,14,10,1,5,2.0,2.26,74,262,74_262,13.72305845868989,2026-09-16 07:31:37.022926,11.95
d485e773-ab7f-480e-a5c4-c5b7016f1a45,33812,23,30,1,4,5.0,1.0,181,181,181_181,4.871043489162548,2026-09-16 07:31:37.022926,5.716666666666667
ab78b9e7-3cb9-4844-88d8-1c6cf93f85d5,2368,17,3,1,5,1.0,2.65,223,260,223_260,14.749969796732996,2026-09-16 07:31:37.022926,12.366666666666667
d2b8de9f-02ad-41d6-bbec-360a929854e5,24999,1,23,1,4,2.0,0.08,130,130,130_130,0.705675258370244,2026-09-16 07:31:37.022926,0.1166666666666666
529621da-f683-4eab-abbb-578fd24ac145,17598,17,16,1,4,1.0,1.1,75,74,75_74,7.706281247591438,2026-09-16 07:31:37.022926,5.633333333333334
64238d19-8601-45a0-8ea0-e84242e61e10,7443,10,8,1,3,1.0,0.92,74,42,74_42,6.751224009859853,2026-09-16 07:31:37.022926,6.783333333333333
50c35015-2725-4469-8555-9bce2238421f,23856,9,22,1,3,1.0,2.81,43,162,43_162,21.04725290023544,2026-09-16 07:31:37.022926,26.0
b485fef8-3034-4370-b70d-f9bb4727df56,17011,9,16,1,4,1.0,1.08,263,262,263_262,8.776898686474981,2026-09-16 07:31:37.022926,6.833333333333333
32b913af-11de-486c-9909-67757b2a8668,23505,21,21,1,2,1.0,1.0,66,66,66_66,6.172132986274028,2026-09-16 07:31:37.022926,10.8
f652dfe8-eb6d-4db5-b7ae-c82e974ae308,15387,1,15,1,3,1.0,2.81,130,130,130_130,13.197806517264953,2026-09-16 07:31:37.022926,30.3
7a524cdc-ed89-4f94-bb60-7a65002fd273,17125,11,16,1,4,2.0,1.32,95,196,95_196,10.113078907824752,2026-09-16 07:31:37.022926,7.0
904e9b94-e0a0-4f46-b9b6-c79a69485763,15653,9,15,1,3,1.0,1.48,75,141,75_141,10.446663826311784,2026-09-16 07:31:37.022926,12.55
110f54e9-22a1-494b-9aa7-3b6eb4e9827c,9686,1,10,1,5,1.0,5.2,25,112,25_112,19.467052378948527,2026-09-16 07:31:37.022926,16.816666666666666
c2f7b1bc-e918-4473-b252-ec51653570fe,6141,9,7,1,2,1.0,2.42,75,239,75_239,15.790474859123272,2026-09-16 07:31:37.022926,12.916666666666666
91543ff9-81f8-4989-8538-8040a0aed4cc,14196,7,14,1,2,1.0,3.73,82,145,82_145,20.32048749842198,2026-09-16 07:31:37.022926,26.083333333333332
f6ea947e-868b-41fd-8197-def8682e5ca2,13007,8,13,1,1,1.0,1.89,74,166,74_166,13.31566709956519,2026-09-16 07:31:37.022926,11.083333333333334
0d8b4fff-9f07-4bb2-8057-88c2fc68f304,28919,14,27,1,1,1.0,4.24,33,88,33_88,29.313500111065313,2026-09-16 07:31:37.022926,19.05
1954dd3b-4ba1-4ff1-bab1-966dff0faccc,34076,11,31,1,5,2.0,0.69,74,75,74_75,7.157692224154781,2026-09-16 07:31:37.022926,7.933333333333334
3ddfee22-a633-4be3-a66b-b2bc733b0b83,33230,16,30,1,4,1.0,1.27,75,74,75_74,11.519660333289789,2026-09-16 07:31:37.022926,14.466666666666669
97c8b396-55cd-4cf6-938a-5beaf7efe0e2,8741,11,9,1,4,1.0,1.69,74,75,74_75,13.193656854680972,2026-09-16 07:31:37.022926,19.283333333333335
34df65b2-ee47-4d94-be7c-b01cabb139f4,28160,18,26,1,0,1.0,1.2,75,262,75_262,14.08545686132496,2026-09-16 07:31:37.022926,10.35
2ee0d4d0-6caa-4d26-89f5-969af83fecc4,3691,8,5,1,0,1.0,1.34,74,75,74_75,10.981009309611101,2026-09-16 07:31:37.022926,12.933333333333334
66bef908-8e4a-4a6c-8671-ab2fe6f55a02,17219,12,16,1,4,1.0,2.68,43,143,43_143,17.801642820037635,2026-09-16 07:31:37.022926,16.916666666666668
1dd2831b-0d8d-4e1e-82cc-bf3b9b557511,13845,18,13,1,1,1.0,0.64,75,75,75_75,5.05402206938658,2026-09-16 07:31:37.022926,2.2666666666666666
c77c6a53-790c-4d93-9b7b-877fb146ef99,25963,18,23,1,4,1.0,7.2,65,14,65_14,32.735435736967894,2026-09-16 07:31:37.022926,29.983333333333334
67514776-c751-4ff5-bedc-3b89f7051736,27936,14,26,1,0,1.0,1.45,75,238,75_238,10.149620163312354,2026-09-16 07:31:37.022926,8.15
ef5959d9-7960-4a1d-b9ae-d1944f1efaed,7433,8,8,1,3,1.0,1.78,74,236,74_236,14.573989253968097,2026-09-16 07:31:37.022926,14.9
609e035e-4fd0-464b-a5f6-f5d8826855ec,26583,8,24,1,5,1.0,1.28,75,238,75_238,8.145889135647264,2026-09-16 07:31:37.022926,6.516666666666667
6c728b1c-a268-41c4-ad46-fb359321d1d0,1044,11,2,1,4,1.0,0.52,74,75,74_75,5.753704425213554,2026-09-16 07:31:37.022926,2.933333333333333
6698b7e6-edfb-4daa-a89c-130df98d6516,27912,13,26,1,0,1.0,1.7,42,69,42_69,10.497337176484532,2026-09-16 07:31:37.022926,9.633333333333333
3dc7c835-7679-4c2c-bf90-1b3655c315e3,3218,16,4,1,6,1.0,1.83,74,75,74_75,10.961234742682741,2026-09-16 07:31:37.022926,6.666666666666667
688aed0d-d9a4-4a3d-85b5-7b9bd4b15099,27193,17,24,1,5,1.0,4.98,82,171,82_171,22.62673092470781,2026-09-16 07:31:37.022926,14.116666666666667
a62b0da0-d0d6-4092-8dc7-ef66b5ff1650,253,7,1,1,3,1.0,4.18,116,43,116_43,18.494712331717352,2026-09-16 07:31:37.022926,18.216666666666665
4a9c5c97-e0df-4e1c-89b7-460c2c8ef7f5,19306,12,18,1,6,1.0,2.01,74,236,74_236,9.632675941369577,2026-09-16 07:31:37.022926,9.116666666666667
ab405f1c-b3ec-4a4d-b45a-d1b44b01e9d9,17705,18,16,1,4,1.0,0.22,24,24,24_24,3.5847548715769264,2026-09-16 07:31:37.022926,2.8833333333333333
59ddc8d3-70cd-4984-81cb-e98869edf993,955,9,2,1,4,1.0,0.4,74,74,74_74,3.663255844089999,2026-09-16 07:31:37.022926,1.9166666666666667
fc852943-779c-466d-bc82-bd08a8ab9e8f,31753,15,29,1,3,1.0,0.75,95,95,95_95,8.11897655067244,2026-09-16 07:31:37.022926,14.2
5b93f3b6-a475-40a8-9a3c-a644d4850af9,22158,21,20,1,1,1.0,5.77,75,226,75_226,22.633622261237157,2026-09-16 07:31:37.022926,33.516666666666666
fb6b27fc-79e2-4f91-895b-81c66422ac9b,14562,13,14,1,2,1.0,3.94,97,89,97_89,25.17013131579847,2026-09-16 07:31:37.022926,24.116666666666667
93ed1249-5d3c-48a4-beaf-edc363109819,33877,1,31,1,5,1.0,2.49,95,135,95_135,11.307617552633719,2026-09-16 07:31:37.022926,8.35
965c8354-eda8-468b-9e05-726a1e7301f3,26345,22,23,1,4,1.0,1.52,74,75,74_75,7.188147521143849,2026-09-16 07:31:37.022926,7.083333333333333
1411de0d-17ac-4555-b8ce-f3048c52a15b,16553,19,15,1,3,1.0,1.08,75,238,75_238,6.274551633369666,2026-09-16 07:31:37.022926,4.316666666666666
19596e33-bb08-486e-9af9-372adb7cc376,28862,13,27,1,1,2.0,2.05,75,42,75_42,21.52776866882473,2026-09-16 07:31:37.022926,21.816666666666663
265ff975-cb00-4f3d-9170-1c6030cc1ea5,33249,16,30,1,4,1.0,1.42,82,129,82_129,13.993432052986554,2026-09-16 07:31:37.022926,15.666666666666666
1f9107bd-306d-42e9-80c8-780f4f45e539,2185,14,3,1,5,1.0,3.29,97,61,97_61,19.933118400254084,2026-09-16 07:31:37.022926,19.016666666666666
70394d1f-d52a-41af-9fd7-54bea53590dc,6306,11,7,1,2,1.0,1.89,130,131,130_131,13.451180965877954,2026-09-16 07:31:37.022926,14.066666666666666
02eff32a-3ae8-4b17-ad44-a779f05d7971,26746,12,24,1,5,1.0,0.92,166,152,166_152,6.012999106986715,2026-09-16 07:31:37.022926,5.15
5372f136-8721-4855-9e5c-d1de29434e6b,1283,15,2,1,4,2.0,2.54,74,238,74_238,14.382405822909611,2026-09-16 07:31:37.022926,18.25
b66a7394-3b71-4086-8695-424c6f66cdfd,25059,7,23,1,4,1.0,0.51,95,95,95_95,3.883617325980447,2026-09-16 07:31:37.022926,2.1
2604de64-fbe2-41f8-895f-6ee8ec786686,12372,16,12,1,0,1.0,1.63,256,255,256_255,11.766658581225801,2026-09-16 07:31:37.022926,10.433333333333334
29de4985-4e74-461e-993c-9cd3bf1a1375,10892,10,11,1,6,1.0,0.74,95,95,95_95,5.23689996756611,2026-09-16 07:31:37.022926,6.583333333333333
0625f5d3-37ed-4c2e-bd75-f6386cfbc7ba,18093,0,17,1,5,3.0,2.63,255,255,255_255,14.014513910444121,2026-09-16 07:31:37.022926,0.5166666666666667
1103ef85-06e6-4f22-bc63-3f668673c469,28317,23,26,1,0,1.0,1.84,82,129,82_129,12.073609385276171,2026-09-16 07:31:37.022926,12.716666666666669
4c6e8f02-30bd-4211-abe2-b70e15248d28,11308,17,11,1,6,1.0,4.9,74,243,74_243,28.02689671486425,2026-09-16 07:31:37.022926,14.366666666666667
43ba7dae-fe0d-4f61-bca2-200aa2b12d49,16940,8,16,1,4,2.0,1.21,40,33,40_33,9.007731784390415,2026-09-16 07:31:37.022926,11.7
220ad7f6-d2e8-4357-9089-f87b272042e3,27404,20,24,1,5,1.0,2.46,97,225,97_225,15.342755690426436,2026-09-16 07:31:37.022926,16.2
f29419c5-7f8b-49ca-855a-93ea6f750c72,5609,17,6,1,1,1.0,1.53,43,239,43_239,11.291389768078705,2026-09-16 07:31:37.022926,7.45
e3276388-44a8-4ee5-a233-2cd9bd94fdf9,24048,11,22,1,3,1.0,2.21,74,263,74_263,16.155721424499664,2026-09-16 07:31:37.022926,17.083333333333332
61047082-ee8c-44d2-9282-08b94f4b18a3,28950,15,27,1,1,1.0,1.98,236,162,236_162,26.390325358425212,2026-09-16 07:31:37.022926,24.883333333333333
2d6da0bd-c94b-4156-841b-eb00d16f8739,8258,20,8,1,3,1.0,1.64,95,135,95_135,8.786911672870987,2026-09-16 07:31:37.022926,12.316666666666666
dc253393-79b0-40ee-942e-fbec7c65fddc,15604,9,15,1,3,1.0,2.51,146,163,146_163,17.37175428542009,2026-09-16 07:31:37.022926,23.2
b2c0f5b3-53e8-461c-a3df-3fab01a0074f,30724,18,28,1,2,1.0,0.62,43,43,43_43,5.816391014495668,2026-09-16 07:31:37.022926,5.033333333333333
0eb39ba7-289b-4541-ba55-ee8c92687e73,1932,8,3,1,5,1.0,0.6,166,151,166_151,3.5223632157429017,2026-09-16 07:31:37.022926,3.4833333333333334
b0bed58a-7546-4ec2-aa15-a4ebb3644bcd,11684,6,12,1,0,1.0,1.66,74,42,74_42,9.314286828247633,2026-09-16 07:31:37.022926,10.533333333333331
f84456b4-84f1-4340-b33b-ee77a54bcec5,22930,14,21,1,2,1.0,0.8,41,42,41_42,6.210005429557097,2026-09-16 07:31:37.022926,5.7
b47c3114-4dbe-4ffa-89f1-0a7a955ee193,10887,9,11,1,6,1.0,1.38,74,263,74_263,8.188976205423442,2026-09-16 07:31:37.022926,4.1
ee45f5ee-649e-4dca-b804-4d11e54c9251,29106,16,27,1,1,1.0,1.82,74,236,74_236,17.314317067384795,2026-09-16 07:31:37.022926,19.783333333333335
67480b35-1d1f-412a-bfb2-908a3088c4a7,9806,9,10,1,5,1.0,2.45,166,143,166_143,12.322334200120777,2026-09-16 07:31:37.022926,15.333333333333334
8fee9d32-2cd4-46cb-bff3-6c6c7b05f83c,30305,14,28,1,2,2.0,0.0,82,82,82_82,3.026278351206363,2026-09-16 07:31:37.022926,0.1666666666666666
ecb4665c-3024-45ff-bcb6-5f805e430720,28413,7,27,1,1,1.0,1.7,75,41,75_41,15.357731333744995,2026-09-16 07:31:37.022926,8.916666666666666
3782e22d-49de-47bd-8385-68177acbecc9,15190,19,14,1,2,5.0,2.19,223,146,223_146,12.503377673828476,2026-09-16 07:31:37.022926,13.583333333333334
86d2c6e5-76a2-45e0-bd62-9c8c2313dfd6,25261,10,23,1,4,1.0,2.3,97,61,97_61,17.675416327325177,2026-09-16 07:31:37.022926,17.95
142a928e-ed11-4179-8b41-ebe124321b33,28430,7,27,1,1,2.0,1.29,74,166,74_166,14.147698150015033,2026-09-16 07:31:37.022926,12.166666666666666
731c5098-4549-4e8f-8beb-80b079d8e75c,12839,21,12,1,0,1.0,1.7,95,134,95_134,9.016066901163848,2026-09-16 07:31:37.022926,7.25
a7ec41f6-b100-49d5-91af-f15bf9ef2aad,17076,10,16,1,4,1.0,1.31,116,244,116_244,9.533108698673605,2026-09-16 07:31:37.022926,9.233333333333333
9ad0b0a6-084f-4088-b848-631ca8853cac,3942,11,5,1,0,1.0,0.65,75,75,75_75,5.043419928769215,2026-09-16 07:31:37.022926,3.2333333333333334
d72f5a70-6f6a-43af-b5d8-895d5c6ebe53,34244,14,31,1,5,1.0,1.22,166,238,166_238,9.131221739651766,2026-09-16 07:31:37.022926,9.566666666666666
f58fe38a-ced7-4ad3-9ad5-fcba8a6037e0,24425,16,22,1,3,1.0,1.96,82,56,82_56,13.97056748942686,2026-09-16 07:31:37.022926,14.683333333333334
40136479-616e-40b3-9c4a-c595ab063b85,26453,1,24,1,5,1.0,0.42,255,112,255_112,3.3557671385668053,2026-09-16 07:31:37.022926,4.433333333333334
b3ab76a8-96e1-4f1f-ae7f-3d20a258c3e4,1505,17,2,1,4,2.0,1.33,74,75,74_75,7.895294072315818,2026-09-16 07:31:37.022926,7.816666666666666
acc64d05-db46-4c0f-9dd8-6b2fd1581931,1768,22,2,1,4,1.0,21.12,74,265,74_265,31.953688032933293,2026-09-16 07:31:37.022926,29.6
af4ac400-1384-45f1-b82b-31f0ec85bae7,12192,13,12,1,0,1.0,1.25,134,134,134_134,9.291873402061597,2026-09-16 07:31:37.022926,5.683333333333334
27e886ec-a906-47b1-8e68-283fea206aa1,29272,18,27,1,1,1.0,2.97,75,42,75_42,23.860114979763043,2026-09-16 07:31:37.022926,22.466666666666665
1a8c32b8-37c2-40c8-8b90-0efec31d1c68,29762,8,28,1,2,1.0,2.42,95,121,95_121,18.516439121152036,2026-09-16 07:31:37.022926,29.216666666666665
611cc9e8-27b2-4eb9-bc7b-66decc4c839a,19487,15,18,1,6,1.0,3.63,75,42,75_42,19.498052802200572,2026-09-16 07:31:37.022926,12.983333333333333
328b4cf3-4a37-407b-ad18-e3f422137913,14273,8,14,1,2,1.0,2.51,74,236,74_236,18.43630678311397,2026-09-16 07:31:37.022926,20.516666666666666
570778d9-cbde-4cf7-a7cc-918d9e6e4a0a,13908,19,13,1,1,5.0,7.31,66,230,66_230,25.709538879920398,2026-09-16 07:31:37.022926,25.7
56e1bbd8-7149-4a8d-96a9-1bc787f91993,29730,7,28,1,2,1.0,1.38,75,262,75_262,13.427849965037467,2026-09-16 07:31:37.022926,12.1
e370a4ac-a751-4d11-8d9f-cec656cedb56,19197,10,18,1,6,1.0,2.12,244,166,244_166,9.39564534319093,2026-09-16 07:31:37.022926,10.216666666666669
d69b5141-377e-4d48-82c9-1e35e6e10dfe,34807,22,31,1,5,1.0,1.2,82,129,82_129,9.401888127865384,2026-09-16 07:31:37.022926,10.133333333333333
0f617e40-334a-4d45-b784-59a62643f785,23306,18,21,1,2,1.0,1.0,43,238,43_238,5.444242817291117,2026-09-16 07:31:37.022926,5.65
4db1640a-f9ef-4369-8445-43dbad6b1344,3188,15,4,1,6,1.0,7.1,66,48,66_48,36.276470363493594,2026-09-16 07:31:37.022926,32.06666666666667
35c41179-5d5c-4eec-9a70-7c2aa22199c0,28788,12,27,1,1,1.0,1.61,97,49,97_49,16.221459193468398,2026-09-16 07:31:37.022926,13.1
41d2dcef-ab3b-4846-9c6e-fa1d994c6a64,19948,9,19,1,0,1.0,5.95,195,17,195_17,23.032747552225416,2026-09-16 07:31:37.022926,36.833333333333336
ddea4400-2303-4044-b80f-21d25ee3cb94,14385,9,14,1,2,1.0,0.88,116,42,116_42,6.1216998296798355,2026-09-16 07:31:37.022926,6.433333333333334
3a6f20f8-69bb-43ac-9360-ffa7e1f45375,16004,14,15,1,3,1.0,0.6,152,166,152_166,5.065270206206894,2026-09-16 07:31:37.022926,4.633333333333334
0ba0406d-103d-476e-a284-1f8bc001917a,31392,10,29,1,3,1.0,6.29,75,4,75_4,29.575214763224388,2026-09-16 07:31:37.022926,31.483333333333334
97a62a5b-d618-4cdb-93fd-79ab15104fa1,3802,9,5,1,0,1.0,2.28,74,166,74_166,14.422186070438956,2026-09-16 07:31:37.022926,12.9
a6d0a20b-3316-44f2-93bb-1a955207e3cc,7598,13,8,1,3,1.0,11.23,75,56,75_56,36.11076752647962,2026-09-16 07:31:37.022926,32.016666666666666
b2216f50-7c97-4282-91c4-a76c47bc1162,627,18,1,1,3,1.0,2.23,74,151,74_151,11.40997269974648,2026-09-16 07:31:37.022926,11.433333333333334
db8a77ce-ae2e-48cc-a8ad-86d4845b42f6,28899,14,27,1,1,1.0,1.23,132,132,132_132,10.653781886996624,2026-09-16 07:31:37.022926,2.85
03e2bffe-1ded-41df-bcef-3545df9a2793,33729,21,30,1,4,1.0,0.9,74,74,74_74,6.883591816984279,2026-09-16 07:31:37.022926,5.7
15dfc749-e43a-4c6d-9cb3-e0b0a4875d5a,24940,23,22,1,3,1.0,1.44,75,166,75_166,7.644996415840045,2026-09-16 07:31:37.022926,7.716666666666667
2a0da138-b724-460a-a215-21f85088c8b5,10562,20,10,1,5,1.0,0.87,83,260,83_260,6.172309429664016,2026-09-16 07:31:37.022926,7.85
818d5aa3-f7fb-4dda-a979-b616a36ef761,13805,18,13,1,1,1.0,1.35,95,196,95_196,10.646636554316249,2026-09-16 07:31:37.022926,12.583333333333334
868d4609-3d89-483b-b335-26cddc85f183,9198,17,9,1,4,2.0,9.61,97,236,97_236,38.09340365406572,2026-09-16 07:31:37.022926,37.25
8632be92-bf4a-4581-a19d-89f69c832859,515,16,1,1,3,1.0,1.97,97,34,97_34,13.600207498191397,2026-09-16 07:31:37.022926,10.733333333333333
6cda19a5-448c-4f5c-a975-be8fc092d176,1275,15,2,1,4,2.0,2.68,74,237,74_237,15.590450409991703,2026-09-16 07:31:37.022926,13.666666666666666
c7f0dd59-8eb6-44dc-b083-7bf5022a28d6,4191,15,5,1,0,2.0,2.09,97,61,97_61,15.916707742915678,2026-09-16 07:31:37.022926,15.083333333333334
165e0000-1fef-48d5-bda3-1e89d9ddda77,21897,17,20,1,1,1.0,0.3,41,41,41_41,3.4766053002725092,2026-09-16 07:31:37.022926,3.966666666666667
92e0c012-023e-47ec-a437-273d1013b678,18801,18,18,1,6,1.0,2.01,74,263,74_263,11.138622234827986,2026-09-16 07:31:37.022926,7.683333333333334
3e2466d8-56f1-49ab-98b8-098a395740c5,6986,19,7,1,2,1.0,2.2,75,140,75_140,13.084639776404536,2026-09-16 07:31:37.022926,18.116666666666667
5b2c2321-baa9-4956-b5ae-bda974f3266a,11882,9,12,1,0,1.0,1.6,74,75,74_75,12.566984573830707,2026-09-16 07:31:37.022926,21.066666666666663
0c144145-7411-489b-b400-20bd341f4c6a,24592,16,22,1,3,1.0,1.05,82,129,82_129,10.082331398246069,2026-09-16 07:31:37.022926,8.366666666666667
e5f124ea-f9fd-45db-b2bc-d89b0452460f,21548,14,20,1,1,1.0,1.2,74,75,74_75,9.30728257041504,2026-09-16 07:31:37.022926,9.233333333333333
531691dc-568b-4bb8-8bfc-51f801473d57,7121,23,7,1,2,1.0,0.84,75,236,75_236,4.68380483751021,2026-09-16 07:31:37.022926,3.95
f34d00c6-a2de-4697-8c9d-c9bd2c8e53ed,18384,12,17,1,5,1.0,1.14,223,179,223_179,7.118691454292724,2026-09-16 07:31:37.022926,9.4
b4162a57-f901-47ec-81d3-0937d3aaf076,19851,0,19,1,0,1.0,14.99,130,25,130_25,28.68308260211208,2026-09-16 07:31:37.022926,25.2
16c3f56d-f1f9-453f-8e56-f33479a72c19,15074,18,14,1,2,1.0,0.58,43,236,43_236,4.6159324385576035,2026-09-16 07:31:37.022926,3.9166666666666665
d3ebc79e-422b-4389-ae89-d11a072d1a43,32259,19,29,1,3,1.0,2.45,74,42,74_42,15.950586497080339,2026-09-16 07:31:37.022926,17.966666666666665
82b4f414-db5f-4e9c-9238-38f38f10b064,3715,8,5,1,0,1.0,0.78,42,41,42_41,5.932469976844651,2026-09-16 07:31:37.022926,3.15
968fee22-388c-4a21-8aae-619169d788f4,8374,22,8,1,3,1.0,1.07,134,134,134_134,5.810189286154411,2026-09-16 07:31:37.022926,6.583333333333333
7cfa47dd-39c6-4e0b-b2f3-480f4ff64461,3307,17,4,1,6,1.0,2.73,197,95,197_95,14.988186277789595,2026-09-16 07:31:37.022926,15.216666666666669
d5eb26b2-7eb3-439e-8899-dd00d3638c46,6362,12,7,1,2,1.0,15.06,74,72,74_72,38.68527325457603,2026-09-16 07:31:37.022926,45.7
d190f04a-6591-49ad-9148-74d6452ea938,20801,21,19,1,0,1.0,2.39,129,157,129_157,11.503111228919465,2026-09-16 07:31:37.022926,17.166666666666668
240b95b7-00ba-4580-88fa-d8f299274a18,6941,19,7,1,2,1.0,8.42,130,61,130_61,29.120499480769716,2026-09-16 07:31:37.022926,34.583333333333336
c82be6dc-8910-4c26-8588-afac88c9be81,30515,16,28,1,2,1.0,1.43,166,74,166_74,15.609011472012021,2026-09-16 07:31:37.022926,17.666666666666668
a9430ac1-af6a-4be7-b262-0357ae8fd021,6705,17,7,1,2,1.0,1.34,75,74,75_74,6.945664881510793,2026-09-16 07:31:37.022926,5.2
f6799769-6b0d-4be3-ab3a-fa929e0eecd7,32682,8,30,1,4,1.0,1.18,75,166,75_166,11.926832800512127,2026-09-16 07:31:37.022926,14.05
891f83e0-0bea-42de-b475-e81bdab246ee,2806,7,4,1,6,1.0,5.43,195,217,195_217,19.825053396559102,2026-09-16 07:31:37.022926,19.366666666666667
065aec18-48c4-4c71-963f-8e919cf88cb1,19099,4,18,1,6,1.0,1.8,157,198,157_198,13.883489706550533,2026-09-16 07:31:37.022926,10.816666666666666
529b4ce1-dd9e-42a9-8ded-fdd402dd9dd6,34503,17,31,1,5,1.0,1.4,41,168,41_168,10.908004813475765,2026-09-16 07:31:37.022926,6.966666666666667
810b9d93-4d10-4f7e-a253-ca95afb1a9e8,22241,22,20,1,1,2.0,2.4,66,45,66_45,11.352522214096625,2026-09-16 07:31:37.022926,10.783333333333331
37a7668a-5e00-4671-80df-f266eb9583be,663,20,1,1,3,1.0,2.69,74,237,74_237,12.618812802642356,2026-09-16 07:31:37.022926,12.016666666666667
17b4ef7c-ec77-41e1-abf6-90b96376d995,1986,9,3,1,5,1.0,3.24,74,239,74_239,15.958296708574254,2026-09-16 07:31:37.022926,12.333333333333334
70a4ea6d-6c67-44e5-81d5-0191bef2c162,33190,15,30,1,4,1.0,2.16,75,237,75_237,28.345379284095845,2026-09-16 07:31:37.022926,35.35
82c5dc4b-5938-4ca7-9022-b059eb97ad4e,10592,21,10,1,5,2.0,1.0,65,33,65_33,10.71492606537343,2026-09-16 07:31:37.022926,10.983333333333333
40784bc4-095b-43a6-9691-b7de836d0f36,32562,7,30,1,4,1.0,1.38,75,151,75_151,12.443314983935615,2026-09-16 07:31:37.022926,12.233333333333333
590e308c-1d27-46f1-b0ec-43a0d41c0dbd,33281,16,30,1,4,1.0,1.56,97,181,97_181,17.432066228025104,2026-09-16 07:31:37.022926,15.2
d951f2cc-5bfc-4b74-baec-fec6a54793db,1636,19,2,1,4,1.0,1.33,75,74,75_74,4.976453837930035,2026-09-16 07:31:37.022926,5.016666666666667
a10072a2-dc36-4fe0-b036-64ef04cbc7e0,3158,15,4,1,6,1.0,1.44,196,56,196_56,8.414501797536493,2026-09-16 07:31:37.022926,7.433333333333334
e09f00fc-503d-49c4-893b-3cd1ab938ce2,29499,20,27,1,1,1.0,0.81,41,74,41_74,6.757397043163485,2026-09-16 07:31:37.022926,5.383333333333334
512fa072-8d83-45ee-9a38-ba6e206b2a33,1160,13,2,1,4,1.0,1.79,75,141,75_141,9.547280867529693,2026-09-16 07:31:37.022926,14.766666666666667
c00f3131-6d4d-40ed-8d02-4ede002059e4,5534,17,6,1,1,5.0,0.95,43,236,43_236,7.4679182718912465,2026-09-16 07:31:37.022926,7.25
54011b4c-a85d-475a-baf7-0033eea7b310,7661,14,8,1,3,1.0,7.5,244,68,244_68,29.61448774440729,2026-09-16 07:31:37.022926,21.0
dd6a2d55-a275-4c36-a722-b13419792f6b,30141,12,28,1,2,1.0,1.01,41,166,41_166,9.1781107829326,2026-09-16 07:31:37.022926,8.2
e48360b1-768e-4ca3-a16f-586b23c126d5,28094,16,26,1,0,2.0,1.3,75,263,75_263,8.512435281259524,2026-09-16 07:31:37.022926,9.483333333333333
b30e7d50-0d90-4785-8370-ee8e37e60e9c,29653,5,28,1,2,1.0,0.0,168,168,168_168,2.1334901361175405,2026-09-16 07:31:37.022926,0.0833333333333333
d86a2728-9077-418a-92de-353860a2ec61,18683,17,17,1,5,1.0,1.76,74,24,74_24,11.318698305813058,2026-09-16 07:31:37.022926,12.933333333333334
1cc92440-a854-4ed7-843a-fece6637fc0f,30298,14,28,1,2,1.0,1.74,42,41,42_41,16.65288650400169,2026-09-16 07:31:37.022926,12.416666666666666
ee6f46c2-8327-4f2c-a61e-b21328e2e0bc,13066,8,13,1,1,1.0,2.19,116,151,116_151,14.846491883452751,2026-09-16 07:31:37.022926,6.766666666666667
815cb083-c42a-452b-bd02-8c02fb7aa7ea,8047,18,8,1,3,1.0,1.31,75,238,75_238,9.282247259042741,2026-09-16 07:31:37.022926,7.233333333333333
340d59fb-a1dc-4f42-9caf-f8e250672628,19035,1,18,1,6,3.0,0.82,255,112,255_112,5.541399777535739,2026-09-16 07:31:37.022926,5.933333333333334
0f99eb03-c138-409b-88de-677925373cea,8706,10,9,1,4,1.0,0.52,116,116,116_116,4.494925901934658,2026-09-16 07:31:37.022926,4.883333333333334
5d9565ad-490e-472f-a4e4-174e3e5af42e,21601,14,20,1,1,1.0,6.85,74,138,74_138,17.030334820991417,2026-09-16 07:31:37.022926,14.4
83048a21-13a9-4837-b3fa-df884d2eb456,34338,15,31,1,5,1.0,0.4,166,151,166_151,4.036078331104485,2026-09-16 07:31:37.022926,3.4
24443f49-00f2-463d-ae51-312d80944516,27048,16,24,1,5,1.0,3.1,74,239,74_239,17.938651042902848,2026-09-16 07:31:37.022926,17.983333333333334
cc9bdd50-dca3-4b39-908d-89653e9a2045,29883,9,28,1,2,5.0,1.25,75,263,75_263,13.59276699151456,2026-09-16 07:31:37.022926,12.933333333333334
4ed4af70-bf0a-4a14-b08c-a24ba9e803ec,2465,18,3,1,5,3.0,2.5,41,244,41_244,13.126058390050055,2026-09-16 07:31:37.022926,13.45
70a09627-4877-4ba9-a87d-525c7c0652b9,28007,16,26,1,0,1.0,3.39,75,48,75_48,20.8398504259596,2026-09-16 07:31:37.022926,15.8
56b41418-2634-4f54-b11b-c7267af3b5f4,7077,22,7,1,2,1.0,0.77,223,223,223_223,4.557757333120919,2026-09-16 07:31:37.022926,4.05
4a4516a4-5ee6-4dd7-b783-969c46eefa4c,7065,21,7,1,2,1.0,1.26,181,40,181_40,8.273982143806387,2026-09-16 07:31:37.022926,8.816666666666666
eb8c1736-1335-4e35-b3ba-3dd3980fdc77,7524,11,8,1,3,1.0,3.18,74,142,74_142,21.58212413747037,2026-09-16 07:31:37.022926,28.816666666666663
865c5a1f-558c-4bdd-8dc3-ced9c95a90b0,377,13,1,1,3,1.0,1.57,74,236,74_236,9.166893799440206,2026-09-16 07:31:37.022926,6.016666666666667
7612bc00-d040-401c-a685-d61bdfff5afc,21106,8,20,1,1,1.0,1.5,74,75,74_75,13.45745290811017,2026-09-16 07:31:37.022926,10.416666666666666
cbc51b3a-fc04-498e-84b0-615bbe75d3ef,7796,15,8,1,3,1.0,2.05,75,42,75_42,14.48876795824338,2026-09-16 07:31:37.022926,13.65
af26124f-e3c8-477d-a035-b2a38293ea07,8088,18,8,1,3,1.0,1.65,43,74,43_74,11.263632213181491,2026-09-16 07:31:37.022926,6.016666666666667
cf8df9f6-ef9b-48ad-830d-6462588ad9d2,22265,23,20,1,1,1.0,1.02,74,42,74_42,5.045912169166141,2026-09-16 07:31:37.022926,5.316666666666666
fc4dc5ba-0dfc-4ddd-b68f-f5de584dadb0,31195,8,29,1,3,1.0,1.33,74,74,74_74,18.607411343894213,2026-09-16 07:31:37.022926,15.916666666666666
5e414c52-c526-46fa-b5cd-6132f76de9b7,33072,14,30,1,4,1.0,0.58,74,74,74_74,6.426069570883767,2026-09-16 07:31:37.022926,4.633333333333334
85a89de3-6735-4b83-a0f3-09136a938f8c,7322,8,8,1,3,1.0,3.33,244,127,244_127,12.880253262550662,2026-09-16 07:31:37.022926,8.8
29edfd9d-dcaf-4fa1-9500-3b1ad9be6e13,21268,10,20,1,1,1.0,3.09,74,262,74_262,19.212463605623604,2026-09-16 07:31:37.022926,27.833333333333332
c1dfca93-f4ba-4874-818c-f852c45fe331,20879,22,19,1,0,1.0,0.59,25,97,25_97,4.910488616131694,2026-09-16 07:31:37.022926,3.783333333333333
8fed0410-a225-4301-b591-52f4ffb87c78,5579,17,6,1,1,2.0,1.14,75,41,75_41,7.716570687231437,2026-09-16 07:31:37.022926,9.35
b7277340-3bea-4ea8-9dfd-c21d0fad2fef,31789,15,29,1,3,6.0,1.45,75,263,75_263,17.646617068072743,2026-09-16 07:31:37.022926,16.566666666666666
71941628-1d18-404b-85fa-a71baca3ce07,32812,10,30,1,4,1.0,7.05,74,138,74_138,16.423239382716748,2026-09-16 07:31:37.022926,17.583333333333332
23ee9f70-7272-4482-874b-9573cd9bcf88,13089,9,13,1,1,1.0,5.52,74,243,74_243,18.05748639328793,2026-09-16 07:31:37.022926,19.083333333333332
0ceee210-592a-4166-bd4f-2e259f4784f5,1510,17,2,1,4,1.0,1.92,43,141,43_141,12.139162081230744,2026-09-16 07:31:37.022926,14.95
77a6b1e0-07f2-455d-8b7b-d4ef611793a7,24808,20,22,1,3,1.0,2.53,74,263,74_263,12.650188157718247,2026-09-16 07:31:37.022926,15.283333333333331
a0f899d8-5aaa-4175-bef4-ae6a84169c5a,30563,17,28,1,2,1.0,3.46,75,42,75_42,28.071068930995157,2026-09-16 07:31:37.022926,23.333333333333332
aca68dfc-5453-470c-8b67-fd91c5f609e6,2347,16,3,1,5,1.0,7.18,74,138,74_138,15.896183781535463,2026-09-16 07:31:37.022926,18.033333333333335
0d2fcfa6-c33e-4eee-a9cf-84aadd58258a,32741,9,30,1,4,1.0,3.15,130,258,130_258,24.71482518582667,2026-09-16 07:31:37.022926,12.85
f3b727d9-6da2-46f0-8c4e-2c5305f5df2e,149,3,1,1,3,1.0,35.5,130,265,130_265,39.448710600413165,2026-09-16 07:31:37.022926,49.4
92814ba5-f59e-48f6-af76-769dc5f2d1fe,6897,18,7,1,2,2.0,0.0,157,157,157_157,1.8221917453861416,2026-09-16 07:31:37.022926,0.0666666666666666
8324c8d8-0ef7-4c7c-8812-4489fdeb828d,23428,20,21,1,2,1.0,2.93,74,151,74_151,14.300297739008725,2026-09-16 07:31:37.022926,17.233333333333334
46802a85-932c-48cd-95c9-7442e2664c8c,6427,13,7,1,2,1.0,1.6,75,236,75_236,12.950067985004372,2026-09-16 07:31:37.022926,10.616666666666667
35a04e83-75f7-4e19-8a74-fcaa51383899,10557,20,10,1,5,1.0,2.77,74,262,74_262,13.595783918854355,2026-09-16 07:31:37.022926,14.566666666666666
5416093b-cbdf-4add-813c-948f82f966d5,9535,21,9,1,4,1.0,4.94,95,216,95_216,33.312249335199766,2026-09-16 07:31:37.022926,17.466666666666665
4e0ed995-28c6-47aa-aadd-fdf9bfddc01e,530,16,1,1,3,1.0,1.59,74,166,74_166,9.106519716326599,2026-09-16 07:31:37.022926,9.916666666666666
4f4e2b4f-f2e2-4207-983f-5b354d3f61a3,34550,18,31,1,5,1.0,0.0,134,134,134_134,1.7731582429270623,2026-09-16 07:31:37.022926,0.0666666666666666
075bb67e-fbf0-49aa-ae5e-f4d66852e247,24457,16,22,1,3,1.0,1.53,74,75,74_75,11.462416114241343,2026-09-16 07:31:37.022926,12.25
93320300-e75a-4362-b52b-252a49876125,23021,15,22,1,3,1.0,1.72,74,75,74_75,14.254794132476162,2026-09-16 07:31:37.022926,10.483333333333333
78d24097-7122-4e32-a66a-4241ed04699f,29580,22,27,1,1,1.0,0.65,74,41,74_41,4.528584139427146,2026-09-16 07:31:37.022926,4.15
7e8476a9-d57b-4e6e-b69c-c23df1a3f3a3,29236,17,27,1,1,6.0,2.23,43,239,43_239,17.01753222381038,2026-09-16 07:31:37.022926,15.5
0ab35005-9680-48e5-bb7c-0fb99d0143b3,6714,17,7,1,2,1.0,2.83,130,10,130_10,18.272204715402285,2026-09-16 07:31:37.022926,17.216666666666665
1c22af0d-0bba-4192-86cb-b4311e0fcbb1,20289,14,19,1,0,1.0,2.87,74,43,74_43,18.349802537363953,2026-09-16 07:31:37.022926,17.133333333333333
4e2dd9d9-b2c7-42ab-a8b5-a53f6276bcd4,5043,10,6,1,1,5.0,0.91,43,236,43_236,7.521398150006328,2026-09-16 07:31:37.022926,8.266666666666667
de56ddd4-dc3a-4334-b065-cef6b92c3082,4818,7,6,1,1,1.0,1.75,74,75,74_75,15.72300545007603,2026-09-16 07:31:37.022926,15.15
122ae212-b725-4fdf-a4ee-661bfebe3a30,30924,20,28,1,2,1.0,7.61,74,79,74_79,22.953229429074256,2026-09-16 07:31:37.022926,27.566666666666663
a0eaea11-22f0-4ca8-be19-06aba9a94ead,28707,11,27,1,1,1.0,2.96,129,138,129_138,15.983018581694308,2026-09-16 07:31:37.022926,10.883333333333333
c1a8e3ca-0ddd-45b0-a833-e4d5085053af,30073,11,28,1,2,1.0,1.01,74,75,74_75,11.183613961443042,2026-09-16 07:31:37.022926,11.016666666666667
c08cdf00-8c45-4fd1-8430-ce68512bfeca,33738,21,30,1,4,1.0,0.18,74,74,74_74,2.4480137470699836,2026-09-16 07:31:37.022926,1.5
130fb55a-d3ce-4e0b-a7f3-d53d95471a30,15039,18,14,1,2,2.0,2.92,74,238,74_238,18.22927217517314,2026-09-16 07:31:37.022926,15.383333333333333
07a09523-47c0-434a-be57-280dddaaa5a3,9264,17,9,1,4,1.0,4.48,130,38,130_38,24.60729935223991,2026-09-16 07:31:37.022926,28.116666666666667
81c2627e-0fee-4d7a-bd33-45effaadaeec,8347,22,8,1,3,1.0,0.5,95,95,95_95,3.503705695047411,2026-09-16 07:31:37.022926,2.75
974f1c76-372e-4241-9c96-ac67de985526,22691,10,21,1,2,1.0,3.61,75,142,75_142,23.8063897484685,2026-09-16 07:31:37.022926,27.566666666666663
fc51ba46-4e8a-4e43-ac1e-5766ef37a5ef,907,8,2,1,4,1.0,1.46,74,75,74_75,8.167506423347987,2026-09-16 07:31:37.022926,5.916666666666667
374780e1-0481-469a-b18c-78c5de7ceaeb,2109,12,3,1,5,1.0,3.37,166,141,166_141,18.514254103261646,2026-09-16 07:31:37.022926,23.866666666666667
7459df6d-099a-4d6d-9880-88bc6699f9a1,22695,10,21,1,2,1.0,0.0,130,130,130_130,2.200537109399637,2026-09-16 07:31:37.022926,1.2333333333333334
96f16e57-dd44-4002-b98d-2a6233917840,22679,10,21,1,2,1.0,1.43,74,75,74_75,11.726779277512827,2026-09-16 07:31:37.022926,11.016666666666667
ee69b6e9-df0d-4d0f-bca4-4f18e4662926,25131,8,23,1,4,1.0,3.7,75,48,75_48,22.01531366661816,2026-09-16 07:31:37.022926,17.966666666666665
1f2782e7-06e5-44eb-b7e1-546e5486e00f,16784,0,16,1,4,1.0,16.82,150,265,150_265,19.238024642333563,2026-09-16 07:31:37.022926,19.8
13aa9a73-6c8b-4ac8-8e21-e88cf42eac05,8385,23,8,1,3,1.0,3.03,61,39,61_39,19.528200592742603,2026-09-16 07:31:37.022926,14.333333333333334
cc301a3a-f9c3-4edb-a81b-4e84e88e60b6,28472,8,27,1,1,1.0,1.84,74,166,74_166,17.328332081617738,2026-09-16 07:31:37.022926,22.383333333333333
ee158ba9-386f-4cba-b629-5d701d9d6699,5046,10,6,1,1,2.0,3.21,74,140,74_140,20.29522253009609,2026-09-16 07:31:37.022926,24.166666666666668
d657aa42-bdb7-414d-9e35-db294e92ad06,31202,8,29,1,3,1.0,1.5,74,42,74_42,14.098309412077551,2026-09-16 07:31:37.022926,9.883333333333333
993ac8ec-0093-453e-85e4-6e5e68b5920e,30270,14,28,1,2,1.0,2.56,75,143,75_143,23.072051751364352,2026-09-16 07:31:37.022926,19.9
d816d7a3-882f-4b3f-9b4d-8062f738582f,31322,9,29,1,3,1.0,4.32,74,163,74_163,33.90054032993422,2026-09-16 07:31:37.022926,38.28333333333333
cf4e13b8-a870-42bf-9d74-a706b6163a61,19667,19,18,1,6,1.0,1.19,129,129,129_129,9.72706304160576,2026-09-16 07:31:37.022926,16.033333333333335
52cb3025-076f-4c86-8467-11a15d027aaf,11158,15,11,1,6,2.0,2.0,65,17,65_17,14.64903545573148,2026-09-16 07:31:37.022926,11.933333333333334
e9325972-920d-4091-b7f5-93b7ccbc0274,296,10,1,1,3,2.0,1.64,74,166,74_166,8.64981527881727,2026-09-16 07:31:37.022926,8.15
22b1a3ed-1467-4d2f-8220-1c3c381f6a9b,21987,18,20,1,1,1.0,1.96,74,166,74_166,13.323337760425373,2026-09-16 07:31:37.022926,16.75
3993b778-9901-41b5-9640-34e14a815fde,24104,12,22,1,3,1.0,3.2,75,264,75_264,22.231255332247905,2026-09-16 07:31:37.022926,24.633333333333333
695f4c3c-c20e-4482-bfd5-da13c9a36915,20479,16,19,1,0,1.0,2.5,74,238,74_238,14.360586304897724,2026-09-16 07:31:37.022926,14.616666666666667
ff0acfa9-1f55-44be-8707-9a94db00a96b,23660,7,22,1,3,1.0,2.09,74,262,74_262,16.309080163516807,2026-09-16 07:31:37.022926,26.95
6e76d035-69c2-4ad2-8020-368151e091c5,22838,13,21,1,2,1.0,1.0,223,7,223_7,7.3968023663719595,2026-09-16 07:31:37.022926,8.733333333333333
40d7ea95-c25e-4d13-bec3-0bf5f8261514,23748,8,22,1,3,1.0,0.9,42,42,42_42,6.299649964968149,2026-09-16 07:31:37.022926,7.033333333333333
977a3cd3-8272-42b6-9bfb-83ade2752281,6541,15,7,1,2,1.0,3.47,95,83,95_83,17.730898302098343,2026-09-16 07:31:37.022926,24.8
71c8ce69-a72e-428a-88b3-cfc39ff53ec8,12276,15,12,1,0,1.0,1.27,7,226,7_226,10.161762316366026,2026-09-16 07:31:37.022926,9.35
76fa74a4-9f46-4bf6-933c-6a769e6f3895,26246,21,23,1,4,1.0,6.0,41,230,41_230,28.196334892280866,2026-09-16 07:31:37.022926,21.666666666666668
7757a2ef-18c7-4107-bf6c-9b1b5fd0178d,28133,18,26,1,0,1.0,0.0,75,262,75_262,15.322660156256196,2026-09-16 07:31:37.022926,9.083333333333334
32abf466-6bc3-4b94-a047-25051eebd088,25787,16,23,1,4,2.0,2.87,42,119,42_119,18.276843059926566,2026-09-16 07:31:37.022926,31.966666666666665
91b7bd87-437f-4844-8550-4bf42bcf907a,19503,15,18,1,6,1.0,0.0,41,42,41_42,2.8954041984414607,2026-09-16 07:31:37.022926,6.5
732c9b93-ddbd-409e-9107-2f656cb84e2d,9342,18,9,1,4,1.0,2.15,74,42,74_42,14.696497713800476,2026-09-16 07:31:37.022926,14.133333333333333
efa7693a-4769-413e-94af-044e8cc48d73,23565,23,21,1,2,1.0,0.94,42,42,42_42,4.544692189517577,2026-09-16 07:31:37.022926,4.466666666666667
83523b1c-8f66-4011-914c-8799687955ed,34393,16,31,1,5,1.0,1.09,74,152,74_152,9.11547993242302,2026-09-16 07:31:37.022926,15.883333333333333
c8690f55-1c1a-4691-b638-6217c0270a8a,375,13,1,1,3,2.0,2.68,74,244,74_244,13.487425993096474,2026-09-16 07:31:37.022926,12.25
20ca7a4d-3196-4532-ad7c-85db90e927a5,8406,1,9,1,4,1.0,2.92,75,116,75_116,11.228749779593917,2026-09-16 07:31:37.022926,10.066666666666666
85eb0863-56bb-416f-9592-0db0d749308c,3519,22,4,1,6,1.0,8.1,75,220,75_220,21.84422252353125,2026-09-16 07:31:37.022926,19.15
470aad2d-4513-46e8-801b-3eed0205b14b,15332,21,14,1,2,1.0,8.78,95,146,95_146,25.180465228081964,2026-09-16 07:31:37.022926,21.566666666666663
a8ba1ee9-bc00-4754-bbaa-01678f6e995c,5174,12,6,1,1,2.0,3.61,74,142,74_142,22.464613409575744,2026-09-16 07:31:37.022926,27.883333333333333
8a8a512a-a59e-4bd9-9fba-68a1e264ee76,11282,17,11,1,6,1.0,3.26,97,225,97_225,24.97369302052621,2026-09-16 07:31:37.022926,23.933333333333337
e1d80c66-9f00-4e41-a45e-41a635378186,28723,11,27,1,1,1.0,1.0,24,75,24_75,9.407449254326066,2026-09-16 07:31:37.022926,10.016666666666667
476d3689-7f34-4609-b0f5-f69162650376,8999,15,9,1,4,1.0,1.2,43,238,43_238,8.392761040386102,2026-09-16 07:31:37.022926,8.45
352a4868-57ba-4882-a315-aa2a10ba17e5,596,18,1,1,3,1.0,2.14,75,166,75_166,11.348340470048349,2026-09-16 07:31:37.022926,10.15
0084164e-6f67-4f57-ba80-e7607b0cb415,29830,8,28,1,2,2.0,2.02,75,166,75_166,16.800954977342403,2026-09-16 07:31:37.022926,12.633333333333333
049a13d5-ca41-4120-84dd-df57332fecf0,273,9,1,1,3,1.0,1.67,74,166,74_166,8.617206916429918,2026-09-16 07:31:37.022926,9.05
efb72b95-ad88-4e50-96e6-9210bec2aac8,24389,16,22,1,3,1.0,1.73,43,239,43_239,11.147700894047313,2026-09-16 07:31:37.022926,8.116666666666667
7237be8e-c636-4712-af13-0d48f0d40a0d,4334,16,5,1,0,1.0,1.8,42,24,42_24,12.421710055977792,2026-09-16 07:31:37.022926,14.45
f6230d96-f41d-4568-96fa-ea45ad561dcd,25039,6,23,1,4,1.0,1.12,74,75,74_75,8.205906471830597,2026-09-16 07:31:37.022926,7.066666666666666
06593372-a486-49a9-9c7e-f4045ee367a2,5985,6,7,1,2,1.0,1.66,74,75,74_75,10.203475613593332,2026-09-16 07:31:37.022926,11.966666666666669
c3f8d2c2-a3a6-49ff-8acd-e25e313fa713,27983,15,27,1,1,1.0,1.57,43,238,43_238,15.333899155036423,2026-09-16 07:31:37.022926,14.933333333333334
265a95ac-244e-4df5-83c3-555c7d385df9,223,5,1,1,3,1.0,1.33,82,129,82_129,8.05954301520139,2026-09-16 07:31:37.022926,7.816666666666666
7bd09904-27e5-4530-9985-67c87c9c965e,15874,12,15,1,3,1.0,0.0,193,193,193_193,1.2650517762624514,2026-09-16 07:31:37.022926,0.15
83007bc1-de52-41a8-a97a-910a7573cd47,13434,14,13,1,1,1.0,1.77,74,151,74_151,13.66775819870073,2026-09-16 07:31:37.022926,13.0
f6ec002a-1fef-4de8-8dc4-264d51bfd468,13766,17,13,1,1,1.0,7.68,75,45,75_45,32.48409466244739,2026-09-16 07:31:37.022926,34.483333333333334
f8bcda52-77b0-4402-9b69-8b842b1dc9fb,5028,10,6,1,1,2.0,5.08,130,192,130_192,22.312530383289864,2026-09-16 07:31:37.022926,13.7
736f4540-9caa-44b9-b775-45a17e3021c1,9521,21,9,1,4,1.0,3.3,65,228,65_228,18.047583755972394,2026-09-16 07:31:37.022926,19.35
a71999a4-28fe-4f50-a176-955b6dfdd92f,9627,23,9,1,4,1.0,1.46,75,236,75_236,7.452105346137122,2026-09-16 07:31:37.022926,6.916666666666667
a050f4f6-923a-454c-9830-5a88d76a5783,8178,19,8,1,3,1.0,0.87,97,61,97_61,9.451610652000433,2026-09-16 07:31:37.022926,11.7
b9d33a1a-deff-425d-9286-2ae117dd3209,16676,21,15,1,3,1.0,1.92,75,239,75_239,9.465846006843364,2026-09-16 07:31:37.022926,7.25
7eeb8f33-6965-4571-821c-e35bb094388e,15128,18,14,1,2,1.0,0.93,134,134,134_134,6.86052285751283,2026-09-16 07:31:37.022926,5.7
741e4148-8b7e-4b99-979a-257640204a94,18805,19,17,1,5,1.0,1.99,74,263,74_263,10.84399705550516,2026-09-16 07:31:37.022926,10.183333333333334
2d773f99-8370-4019-847d-580744a5e613,9300,18,9,1,4,2.0,1.9,74,236,74_236,12.702064814861519,2026-09-16 07:31:37.022926,13.633333333333333
d6c22dfb-bb94-44e0-b250-7e6b066a5a08,31616,14,29,1,3,1.0,2.13,75,142,75_142,20.68059613737456,2026-09-16 07:31:37.022926,19.65
60012788-4762-439f-970e-d88e9109aeaf,1777,23,2,1,4,1.0,7.8,97,141,97_141,30.207368622532645,2026-09-16 07:31:37.022926,18.883333333333333
9cffd82f-b66e-4ec9-97bc-d38fe9708b35,26024,18,23,1,4,1.0,1.58,97,49,97_49,14.39913723126134,2026-09-16 07:31:37.022926,14.616666666666667
3d7be15d-428e-41af-a4fb-9b8fc533b8be,12663,18,12,1,0,1.0,1.2,75,264,75_264,8.439262322431901,2026-09-16 07:31:37.022926,8.633333333333333
62ad2eae-a6a1-40d8-91d0-33fe84f92925,4664,21,5,1,0,1.0,1.72,95,95,95_95,9.470465594812854,2026-09-16 07:31:37.022926,8.583333333333334
a350b3ee-bcf2-4770-b600-63e0fa4d1c16,31584,13,29,1,3,1.0,7.22,244,140,244_140,37.02914634551129,2026-09-16 07:31:37.022926,52.93333333333333
04e88635-80fd-4ab6-8a30-e1d84b4d590a,19404,14,18,1,6,1.0,1.93,74,236,74_236,10.76628710206595,2026-09-16 07:31:37.022926,8.85
f7186b13-11ee-40d2-9765-bdb782dcaea9,20990,7,20,1,1,1.0,1.3,75,74,75_74,6.077570238298197,2026-09-16 07:31:37.022926,4.283333333333333
423d3724-1e42-478d-886d-ecb7e93f57e7,15617,9,15,1,3,1.0,1.2,41,166,41_166,8.397005741033382,2026-09-16 07:31:37.022926,7.916666666666667
5515cc8f-43a2-4939-b2aa-3114a06757c0,29103,16,27,1,1,1.0,1.5,75,263,75_263,17.752873611670395,2026-09-16 07:31:37.022926,21.15
b13c1e5d-e279-4268-8fb9-d6de4e6dadb2,14294,9,14,1,2,1.0,1.27,74,75,74_75,10.80924083032022,2026-09-16 07:31:37.022926,12.033333333333331
d5b2d85c-28d6-480f-b29b-65065e6f299e,27909,13,26,1,0,6.0,1.33,166,238,166_238,7.967091896454987,2026-09-16 07:31:37.022926,7.383333333333334
738795bd-08a4-4b58-b579-8b73796b1fab,19887,6,19,1,0,1.0,6.3,116,140,116_140,20.91082126912004,2026-09-16 07:31:37.022926,22.05
4632fccd-ef1c-4507-8d96-c3b3c9c2c3c6,21034,7,20,1,1,1.0,1.22,74,75,74_75,9.578777219316041,2026-09-16 07:31:37.022926,11.766666666666667
7fe81de3-4fd2-4ed5-a2f7-e546b7ba645a,21213,9,20,1,1,1.0,3.67,74,179,74_179,15.665321813345688,2026-09-16 07:31:37.022926,12.9
a1e0fbc6-9dc5-4746-9f56-6bc0d80a19a0,1606,19,2,1,4,1.0,2.98,65,62,65_62,15.772931169976095,2026-09-16 07:31:37.022926,15.283333333333331
6fecf0a3-1d2c-432a-a097-f1cd62eab29f,4088,13,5,1,0,1.0,7.56,244,161,244_161,30.020812767073345,2026-09-16 07:31:37.022926,27.966666666666665
f7551908-8688-403c-894f-3a550b228909,17939,20,16,1,4,1.0,1.59,74,166,74_166,9.403239134920865,2026-09-16 07:31:37.022926,10.066666666666666
f1ce5b80-284f-4b05-b7e0-2d52dc683190,13712,17,13,1,1,2.0,4.94,66,107,66_107,22.448342574623013,2026-09-16 07:31:37.022926,17.533333333333335
824e4fa7-ab34-4774-a26e-45b5de1f2e8c,28415,7,27,1,1,1.0,1.4,75,151,75_151,12.50951821871429,2026-09-16 07:31:37.022926,11.283333333333331
694a6a5a-bcf1-4d15-9d85-29120a963e0f,2755,3,4,1,6,1.0,12.8,82,124,82_124,25.15042432081404,2026-09-16 07:31:37.022926,32.03333333333333
534f7bd7-0f27-41d8-9990-6d25b80aa008,34583,17,31,1,5,1.0,1.77,74,236,74_236,12.625630770022797,2026-09-16 07:31:37.022926,8.683333333333334
221044c6-f9b2-422e-ab88-622e5db7f826,22434,8,21,1,2,1.0,1.49,74,166,74_166,12.04129084515649,2026-09-16 07:31:37.022926,9.35
662c010b-b8dd-439c-9087-af2a015daffd,18574,15,17,1,5,1.0,1.36,74,75,74_75,7.432443845624682,2026-09-16 07:31:37.022926,6.483333333333333
95154638-97a2-4335-9db5-16d424c34cd8,32585,7,30,1,4,1.0,4.37,55,55,55_55,28.12207498628706,2026-09-16 07:31:37.022926,31.65
1312cd5a-3d1b-4189-8327-d872599dc027,9227,17,9,1,4,1.0,0.1,192,264,192_264,0.652533678139859,2026-09-16 07:31:37.022926,0.0
4835258f-cd01-4cf8-b3bc-6be4de4f21ce,19430,14,18,1,6,1.0,1.86,74,24,74_24,10.836530415132602,2026-09-16 07:31:37.022926,9.683333333333334
4f379e73-c53a-43c5-9f94-07eed04ee41b,26265,21,23,1,4,1.0,2.5,74,262,74_262,12.42261987481504,2026-09-16 07:31:37.022926,13.05
b46b4bc6-1991-427e-b3f9-67a93fd7be8b,6143,9,7,1,2,1.0,16.93,16,129,16_129,36.46686353137181,2026-09-16 07:31:37.022926,54.85
7cd44c24-0493-4a8c-857d-625da49d8ec6,1538,18,2,1,4,1.0,1.34,75,74,75_74,5.772455118981853,2026-09-16 07:31:37.022926,6.416666666666667
56bbef38-b202-4ded-8917-c13052a04a78,5830,20,6,1,1,1.0,3.59,75,143,75_143,16.593227808161252,2026-09-16 07:31:37.022926,20.366666666666667
c53dabf6-a76d-4e31-916f-10cc607f5996,3035,13,4,1,6,1.0,2.51,95,121,95_121,13.218062071040642,2026-09-16 07:31:37.022926,14.516666666666667
0cf65b81-bb5f-4dfe-949a-79180ab0db4b,31598,13,29,1,3,2.0,1.45,236,74,236_74,14.078038990306586,2026-09-16 07:31:37.022926,13.833333333333334
e4b2b74c-fcc5-425b-ac76-1ed28c6d08f9,13061,7,13,1,1,2.0,1.54,74,166,74_166,10.878989101404333,2026-09-16 07:31:37.022926,11.2
bba8a24b-d2aa-4302-bf32-4b6b9c7e4108,4138,14,5,1,0,1.0,2.02,74,166,74_166,14.252721282317133,2026-09-16 07:31:37.022926,11.933333333333334
9d0c404c-7fb1-4f30-9d15-3a049a91f3b6,34377,15,31,1,5,1.0,2.61,193,223,193_223,16.792097415647294,2026-09-16 07:31:37.022926,15.15
0d78166b-3f2c-4393-b3b0-1912b114c1a8,1762,22,2,1,4,2.0,0.81,7,7,7_7,5.063721153448473,2026-09-16 07:31:37.022926,6.05
c98cba7f-712f-4063-976e-7ae577a4cfb6,7461,10,8,1,3,6.0,0.73,43,236,43_236,6.653450055506465,2026-09-16 07:31:37.022926,3.3
be674d40-2d5c-42de-bbd0-9dc0e359e062,16674,21,15,1,3,1.0,3.55,66,37,66_37,18.7684924543957,2026-09-16 07:31:37.022926,23.483333333333334
d71ef495-1341-4027-a9be-13089a7ca68a,12353,15,12,1,0,1.0,1.82,95,196,95_196,14.776979929394452,2026-09-16 07:31:37.022926,16.566666666666666
9e9cb763-cddb-475e-adf9-dcb1ddd86298,15972,14,15,1,3,1.0,2.06,74,166,74_166,15.621347151041908,2026-09-16 07:31:37.022926,10.866666666666667
3a61db67-2bed-4a5a-9883-091c7217358f,13266,11,13,1,1,2.0,1.53,43,141,43_141,11.994532427134985,2026-09-16 07:31:37.022926,17.116666666666667
06f7e570-2ef5-4e03-afe5-1a65c6771e1d,2703,23,3,1,5,1.0,4.83,260,262,260_262,19.787564921359646,2026-09-16 07:31:37.022926,18.333333333333332
60cb409b-f0ed-46bb-b6a0-61a17a8944f5,7201,7,8,1,3,5.0,1.93,24,236,24_236,13.842822684402416,2026-09-16 07:31:37.022926,13.816666666666666
e2698536-0385-45ce-9baa-5e41656a6d9c,15739,10,15,1,3,2.0,1.22,43,43,43_43,8.940597456424173,2026-09-16 07:31:37.022926,11.383333333333333
ec2a64f1-5b0a-4468-bab9-c74494e27ab6,22018,19,20,1,1,1.0,4.16,166,243,166_243,17.272399595822474,2026-09-16 07:31:37.022926,18.15
769717c5-5a3e-4ced-a4bd-894eb5b5fc7f,20593,18,19,1,0,1.0,0.96,43,238,43_238,4.898390996539449,2026-09-16 07:31:37.022926,5.566666666666666
5b4766d8-c431-4169-86c3-151ce8ec11d0,20816,21,19,1,0,1.0,2.27,74,263,74_263,11.126033906281348,2026-09-16 07:31:37.022926,9.7
d82a7bed-039f-489b-af19-e4f6e00582c0,2717,0,4,1,6,1.0,0.55,92,92,92_92,3.6889001019252228,2026-09-16 07:31:37.022926,2.9166666666666665
6a1d05a7-619d-463f-babf-971b11a09825,15459,7,15,1,3,1.0,1.4,74,75,74_75,10.871171704988818,2026-09-16 07:31:37.022926,15.2
243f504f-919c-4f4b-925a-13d7a5457fb3,34612,19,31,1,5,5.0,1.18,223,223,223_223,9.042820311092877,2026-09-16 07:31:37.022926,7.0
6587906c-4782-4f74-91a7-594de12353b6,33368,17,30,1,4,1.0,2.96,95,121,95_121,22.428460193782914,2026-09-16 07:31:37.022926,21.266666666666666
b2463d53-6885-446a-a452-4df6866e50fd,8541,8,9,1,4,1.0,3.46,166,163,166_163,20.026699195744328,2026-09-16 07:31:37.022926,18.333333333333332
fb76ca0c-cfe2-4e37-b54f-0c409ca70785,7379,9,8,1,3,1.0,2.45,75,162,75_162,18.033996207412553,2026-09-16 07:31:37.022926,16.016666666666666
b56d3156-a0d5-47c1-b8ca-3293cd0b668d,33419,17,30,1,4,1.0,1.73,74,42,74_42,17.242935654979252,2026-09-16 07:31:37.022926,12.75
cf73eaf6-de12-4162-957c-97024dd01656,33947,6,31,1,5,1.0,2.14,74,237,74_237,11.02003293305804,2026-09-16 07:31:37.022926,10.816666666666666
1209ab95-594b-47b8-8321-9e1f9f4a8d69,25654,15,23,1,4,1.0,1.16,75,41,75_41,8.446966575169776,2026-09-16 07:31:37.022926,6.433333333333334
9e4a8fa4-edbc-45d4-8594-a3a0c2ebb8cd,11998,10,12,1,0,1.0,2.02,43,142,43_142,11.1423231766769,2026-09-16 07:31:37.022926,12.866666666666667
4697f818-394e-43b1-bc45-24d8df793183,1011,10,2,1,4,2.0,3.17,74,239,74_239,17.456500267802465,2026-09-16 07:31:37.022926,21.15
b24e602d-1065-4652-a48b-e682836d465d,19243,11,18,1,6,1.0,1.34,74,75,74_75,6.573920068545274,2026-09-16 07:31:37.022926,6.383333333333334
4451d7c4-34a7-4d7c-b54a-36fcbba6cfc0,1478,17,2,1,4,1.0,4.2,74,140,74_140,19.707169598715485,2026-09-16 07:31:37.022926,15.683333333333334
d2012ff4-65af-4f54-8ce6-d4d108484249,28928,14,27,1,1,1.0,1.87,75,42,75_42,16.87735913335545,2026-09-16 07:31:37.022926,16.883333333333333
2e5f6fd9-a569-4708-af26-d616f13dc88f,28567,9,27,1,1,1.0,2.21,74,262,74_262,20.342885736682337,2026-09-16 07:31:37.022926,25.533333333333335
3b78bfa4-07c0-4696-972a-3671bb5fbd9d,15440,6,15,1,3,1.0,6.43,55,55,55_55,34.94593168182953,2026-09-16 07:31:37.022926,32.65
72f241f7-0fdf-4115-b7dd-3009311b7d61,31832,16,29,1,3,1.0,0.74,196,95,196_95,7.696069707186685,2026-09-16 07:31:37.022926,8.333333333333334
cba68c5e-7d81-464d-8d9a-189913d4b4ea,4369,17,5,1,0,1.0,2.32,65,61,65_61,17.635937221665962,2026-09-16 07:31:37.022926,24.566666666666663
41910c42-48d8-4321-ae5b-4c2d9656068f,29054,16,27,1,1,1.0,1.59,74,42,74_42,14.329407540248758,2026-09-16 07:31:37.022926,19.266666666666666
7dfa52ba-ed6c-450d-9add-2241162c96bd,2263,15,3,1,5,1.0,5.06,82,92,82_92,37.23629357654607,2026-09-16 07:31:37.022926,17.116666666666667
7e2b3011-2121-485c-96a6-ccdfcee28228,12745,19,12,1,0,1.0,1.4,75,262,75_262,8.765139095219936,2026-09-16 07:31:37.022926,10.283333333333331
0645e755-16b7-489a-86b5-9221e8f2b0c0,4059,13,5,1,0,1.0,7.33,75,82,75_82,27.492194206420127,2026-09-16 07:31:37.022926,24.3
bd82ac1a-18f3-4e18-8a2d-869e918e8b06,755,22,1,1,3,2.0,1.24,65,49,65_49,10.000147987763807,2026-09-16 07:31:37.022926,8.283333333333333
847279e3-1662-4b7b-ac54-de6b9c9227b1,26229,20,23,1,4,1.0,2.97,74,43,74_43,18.27203232475694,2026-09-16 07:31:37.022926,16.683333333333334
e0771e47-55aa-45ad-b8ab-336cee6efa7e,305,11,1,1,3,5.0,1.42,166,239,166_239,6.874426978515812,2026-09-16 07:31:37.022926,7.016666666666667
619906c5-b9c5-4a19-b763-724790eebb1a,3683,8,5,1,0,2.0,1.01,95,95,95_95,7.031026327643939,2026-09-16 07:31:37.022926,9.233333333333333
41a31602-1f79-4f18-b2a6-ba31cf8148e5,27872,11,26,1,0,1.0,1.54,134,130,134_130,8.644866943015712,2026-09-16 07:31:37.022926,8.183333333333334
68a93e1e-6b74-4f79-95fc-fd9cb8189895,20182,13,19,1,0,1.0,1.09,95,95,95_95,7.202949100701646,2026-09-16 07:31:37.022926,6.933333333333334
5cda7eea-fdfc-4b5d-9dc6-033604d92294,15743,10,15,1,3,1.0,1.68,74,152,74_152,12.625612174508431,2026-09-16 07:31:37.022926,11.216666666666669
b835ad25-7051-4f62-b75d-a2e78c2f0f90,12569,17,12,1,0,1.0,2.53,95,160,95_160,15.825999779376838,2026-09-16 07:31:37.022926,13.683333333333334
47219f34-6577-4028-accd-563a53547c28,20167,12,19,1,0,5.0,1.67,95,196,95_196,12.418223549577817,2026-09-16 07:31:37.022926,16.783333333333335
6b10d5b3-7f5d-4662-bf9e-c659480d27f1,22407,7,21,1,2,2.0,0.87,74,75,74_75,7.294867182580437,2026-09-16 07:31:37.022926,3.85
a267130a-e821-42ab-956f-56a6ca17e2a3,26538,6,24,1,5,1.0,1.76,74,42,74_42,9.82837436707684,2026-09-16 07:31:37.022926,8.783333333333333
47f7a28d-19dc-4858-a3b9-45a7d96bc8a3,13156,9,13,1,1,1.0,2.98,75,161,75_161,19.065951257129793,2026-09-16 07:31:37.022926,25.883333333333333
89eba585-916b-40ca-be68-681b2b0a2e91,5928,0,7,1,2,2.0,0.6,82,82,82_82,5.080421862529537,2026-09-16 07:31:37.022926,4.633333333333334
42f4a7a3-4d64-4d9d-bb24-ed38c2b16b29,20930,1,20,1,1,1.0,0.0,216,216,216_216,1.3001744534775812,2026-09-16 07:31:37.022926,0.5666666666666667
deb14fa5-6920-4a31-9902-4036674c22dd,13564,16,13,1,1,1.0,4.2,97,71,97_71,28.446428895850755,2026-09-16 07:31:37.022926,28.5
a8848b34-157d-45fc-999d-6ee81403f938,1787,23,2,1,4,1.0,6.76,42,164,42_164,23.951419996821635,2026-09-16 07:31:37.022926,17.566666666666666
228806f9-4386-4f4d-9589-1629ca6247de,21957,18,20,1,1,1.0,1.17,43,43,43_43,8.367764830523527,2026-09-16 07:31:37.022926,4.483333333333333
86677472-2cb7-408a-8b4f-c5c633c71e3e,18025,22,16,1,4,1.0,3.84,74,143,74_143,18.281425028205287,2026-09-16 07:31:37.022926,14.316666666666666
bc5d1fe8-2a77-4595-8396-9d36806b6a89,6650,16,7,1,2,1.0,0.0,62,62,62_62,2.925760273517421,2026-09-16 07:31:37.022926,0.0666666666666666
fc3075f7-b407-467d-bce8-4fb0590fc243,32884,11,30,1,4,1.0,1.16,74,41,74_41,11.022938960905512,2026-09-16 07:31:37.022926,10.416666666666666
1304f197-37e8-47a2-b9dd-22f669462049,31406,10,29,1,3,1.0,1.15,74,43,74_43,12.673730162313738,2026-09-16 07:31:37.022926,14.366666666666667
174f6280-16ca-4fe8-9a16-6edef58209c8,8052,18,8,1,3,1.0,1.1,75,151,75_151,7.39488662744472,2026-09-16 07:31:37.022926,4.283333333333333
d67f20b6-1c4a-4602-ad86-2f1be84172c8,7007,19,7,1,2,1.0,2.14,92,53,92_53,10.925930425117246,2026-09-16 07:31:37.022926,10.266666666666667
09c2dacb-876f-44be-986e-6ec091186b73,29342,18,27,1,1,1.0,0.78,95,95,95_95,7.382976942197275,2026-09-16 07:31:37.022926,9.533333333333331
6f816376-b5bb-456b-a720-0f52858881a9,26073,18,23,1,4,6.0,1.37,75,262,75_262,10.462573313385032,2026-09-16 07:31:37.022926,10.416666666666666
0d550916-2f75-412c-9c78-171fc6224ba2,27809,9,26,1,0,1.0,1.46,74,75,74_75,9.976621733787981,2026-09-16 07:31:37.022926,6.883333333333334
74abc70f-292c-4e48-adca-97c704584c6e,2404,17,3,1,5,1.0,4.78,97,62,97_62,27.39906715283806,2026-09-16 07:31:37.022926,34.766666666666666
22fd0c4a-61a6-45e0-933a-46295a732020,11582,21,11,1,6,1.0,3.52,226,82,226_82,19.900150009824497,2026-09-16 07:31:37.022926,17.516666666666666
7c74980a-00dd-404f-beeb-c7d209742e04,5730,19,6,1,1,1.0,1.02,7,260,7_260,7.148482639885807,2026-09-16 07:31:37.022926,8.95
5b1db020-1821-4a88-ba5d-8ed612dcc2f1,27127,17,24,1,5,1.0,2.33,166,74,166_74,13.993424998789422,2026-09-16 07:31:37.022926,15.7
ad45edca-d3ac-4fd6-b000-1c84b210edcd,6340,12,7,1,2,1.0,1.76,75,263,75_263,13.583301666106067,2026-09-16 07:31:37.022926,12.0
9463ebfe-359b-4d2a-80e4-0ca64388eefa,15680,9,15,1,3,6.0,0.73,152,116,152_116,5.629059267537529,2026-09-16 07:31:37.022926,3.5166666666666666
a35bbcf6-58bd-4044-8966-dd6e26298fcc,32827,10,30,1,4,1.0,2.06,130,216,130_216,18.135532783390808,2026-09-16 07:31:37.022926,16.25
958902c6-bdea-42c1-81f1-ff493fff3710,20785,19,19,1,0,1.0,1.2,97,49,97_49,9.739171845314862,2026-09-16 07:31:37.022926,13.266666666666667
57beb101-8835-4397-933f-43329a41b2e5,34387,16,31,1,5,2.0,1.94,97,61,97_61,20.056586272732638,2026-09-16 07:31:37.022926,38.516666666666666
369df3de-4ac4-4d07-a673-53c056ec4ad3,23938,10,22,1,3,1.0,1.5,74,43,74_43,13.044071558092865,2026-09-16 07:31:37.022926,16.1
0eaf3df5-541f-4e6f-a8ff-e4fcca33fb51,28777,12,27,1,1,1.0,2.42,236,161,236_161,31.27120724856819,2026-09-16 07:31:37.022926,36.05
c5132a39-62e9-45d8-833e-65c4cd9c1539,24772,19,22,1,3,1.0,1.31,75,263,75_263,9.540121696194976,2026-09-16 07:31:37.022926,9.25
bd2b5a49-0984-425f-a984-167445d70050,3991,12,5,1,0,1.0,3.26,75,42,75_42,18.540913321867375,2026-09-16 07:31:37.022926,14.733333333333333
e5757b69-00fb-479f-8732-bb8ffa3ea0cd,11950,10,12,1,0,1.0,2.63,74,238,74_238,15.9941623345309,2026-09-16 07:31:37.022926,14.033333333333331
d2429607-1a3d-4f47-88e9-0aa3847231af,3711,8,5,1,0,1.0,1.87,134,121,134_121,10.4118888932396,2026-09-16 07:31:37.022926,10.35
b0f5aec9-3bda-4fea-941a-8f4f350e18cb,9111,16,9,1,4,1.0,2.06,95,135,95_135,13.79920713673113,2026-09-16 07:31:37.022926,11.9
ff96b924-e0c8-4168-82e8-a012e8d16570,34423,16,1,2,6,1.0,6.98,74,138,74_138,19.540789253350475,2026-09-16 07:31:37.022926,17.733333333333334
e97126a6-883a-4d0a-af9b-73e3a06201ee,12882,0,13,1,1,1.0,2.3,130,10,130_10,9.931816856545874,2026-09-16 07:31:37.022926,9.816666666666666
1a97ef21-fec4-4145-8e26-1b35694f6450,12940,5,13,1,1,1.0,3.61,74,239,74_239,15.151983567116808,2026-09-16 07:31:37.022926,12.35
fed2d787-1992-4bb8-af5b-1ff79d2db262,14285,7,14,1,2,2.0,3.0,75,194,75_194,13.860750566932776,2026-09-16 07:31:37.022926,11.9
6c9a2735-d64c-4e27-8d64-0a123fb09457,20072,11,19,1,0,2.0,6.69,74,138,74_138,14.094253972607037,2026-09-16 07:31:37.022926,13.483333333333333
8a839a7e-9c3b-486e-891c-934ff598383a,26828,13,24,1,5,1.0,4.2,43,264,43_264,19.072658288107075,2026-09-16 07:31:37.022926,29.35
35adefab-8d77-4106-87f8-7d7ae54c501b,25594,14,23,1,4,1.0,2.54,95,56,95_56,17.60880200397405,2026-09-16 07:31:37.022926,24.933333333333337
3f98d876-ebb4-4cac-b0e4-f28f738a38a3,2467,18,3,1,5,1.0,2.2,74,263,74_263,12.044579920766077,2026-09-16 07:31:37.022926,10.8
bc89b024-75b4-4864-bfae-bf366f185a05,10702,0,11,1,6,1.0,2.37,255,107,255_107,11.610643797152102,2026-09-16 07:31:37.022926,18.85
097bb8a7-18d9-4c72-a8db-c121bf4ee024,32110,18,29,1,3,1.0,1.29,65,49,65_49,13.16869953836976,2026-09-16 07:31:37.022926,9.183333333333334
220a7b1c-7f11-4c64-97d7-f90534be159e,7853,16,8,1,3,1.0,1.2,42,42,42_42,8.559888654090463,2026-09-16 07:31:37.022926,9.3
e8bc8eb7-7e7c-40a9-8ba6-23266446ac32,4538,18,5,1,0,1.0,2.79,74,263,74_263,16.102381849379025,2026-09-16 07:31:37.022926,18.1
f9a4350a-ed2e-4471-a539-fb094d50f597,25768,16,23,1,4,2.0,1.3,41,247,41_247,9.678842286510497,2026-09-16 07:31:37.022926,13.05
24492ff3-58ba-4696-bdfd-b93040bda77b,16457,18,15,1,3,1.0,1.62,43,263,43_263,11.308320754018816,2026-09-16 07:31:37.022926,10.766666666666667
b26f4fc4-e67e-40ec-9a34-67ecd7a78350,7775,15,8,1,3,1.0,1.47,75,238,75_238,11.768452157571502,2026-09-16 07:31:37.022926,12.083333333333334
e504451f-02e7-467a-b1b3-67c01c767c6c,26704,11,24,1,5,1.0,2.15,74,236,74_236,11.193771853104936,2026-09-16 07:31:37.022926,11.766666666666667
ba31943d-f206-449c-82e5-c5c749e87a8b,4380,17,5,1,0,1.0,0.23,166,166,166_166,3.064122721994515,2026-09-16 07:31:37.022926,7.466666666666667
fb2debbf-50f0-4f44-844e-b7191ce800fb,3938,11,5,1,0,1.0,2.64,74,238,74_238,15.40602455333877,2026-09-16 07:31:37.022926,13.883333333333333
312ff3ba-ea81-4f25-a865-7a236eb49b23,7762,15,8,1,3,6.0,1.42,75,74,75_74,9.310185013221618,2026-09-16 07:31:37.022926,11.183333333333334
8dc31e37-e953-411a-89b2-6c28dee65419,14730,15,14,1,2,5.0,1.47,74,75,74_75,11.806251732165856,2026-09-16 07:31:37.022926,9.0
196154a5-a872-4429-b98b-91006fa8a711,427,14,1,1,3,1.0,1.2,130,28,130_28,9.209363824182109,2026-09-16 07:31:37.022926,12.983333333333333
a94a6e9d-f5dc-4843-b6f7-924817666623,17129,11,16,1,4,2.0,1.24,74,75,74_75,8.709425798228976,2026-09-16 07:31:37.022926,8.2
104d5931-fe23-46c4-ad07-6af898e95063,31782,15,29,1,3,1.0,0.0,134,134,134_134,2.2773849325161164,2026-09-16 07:31:37.022926,0.0666666666666666
fe64fe62-1dc9-44d0-bcea-e74be6e4022a,27281,18,24,1,5,1.0,2.41,74,263,74_263,13.993345850673897,2026-09-16 07:31:37.022926,12.233333333333333
26468dcc-8b36-46b2-81f6-65748aced197,29105,16,27,1,1,1.0,3.75,82,138,82_138,13.832350385070075,2026-09-16 07:31:37.022926,18.916666666666668
ba83aa33-986b-46a1-be97-52bb801ecdc1,2138,13,3,1,5,1.0,3.05,74,262,74_262,15.489770889812425,2026-09-16 07:31:37.022926,18.033333333333335
6819af27-4983-4478-8415-766c73984572,6358,12,7,1,2,1.0,4.63,244,238,244_238,15.99895815955622,2026-09-16 07:31:37.022926,13.583333333333334
5852291d-445b-4449-b6a5-52175af81341,973,10,2,1,4,1.0,1.36,97,189,97_189,11.105806002544645,2026-09-16 07:31:37.022926,11.316666666666666
fd2a8140-99af-4aff-acbe-55d03c08b228,20217,13,20,1,1,1.0,1.58,74,43,74_43,12.734674422269668,2026-09-16 07:31:37.022926,9.616666666666667
a0b34012-7e76-4cae-9fe8-6926ade03d5a,16491,18,15,1,3,1.0,1.06,134,134,134_134,7.381785591576371,2026-09-16 07:31:37.022926,8.75
6c8dcc18-f8e4-47e6-b8e8-77068b967a22,18940,22,17,1,5,1.0,4.35,74,140,74_140,17.81612510217034,2026-09-16 07:31:37.022926,12.416666666666666
a2c37428-7a33-4da4-84bf-59c8b28d697d,3466,20,4,1,6,1.0,2.25,74,116,74_116,11.990678545001932,2026-09-16 07:31:37.022926,11.733333333333333
d8e95a4b-52c3-4265-8e2f-243bde9e6f31,10854,9,11,1,6,1.0,9.15,195,170,195_170,29.570685901896926,2026-09-16 07:31:37.022926,33.766666666666666
ff8763f0-2c89-4d52-ae3b-a1ccfe5d9fb0,5735,19,6,1,1,1.0,1.95,43,141,43_141,10.773977537074757,2026-09-16 07:31:37.022926,13.083333333333334
d0535311-d774-4041-8b19-4269516d1028,7240,7,8,1,3,1.0,2.49,130,258,130_258,13.959406446096784,2026-09-16 07:31:37.022926,12.25
8dd928e5-94d2-4045-aeaf-0108ebfa81a7,24725,19,22,1,3,5.0,1.84,134,197,134_197,11.354498962403996,2026-09-16 07:31:37.022926,6.716666666666667
6b250021-bec7-4ff2-a6c9-843882505a3a,26943,14,24,1,5,1.0,5.96,41,220,41_220,25.973437967250305,2026-09-16 07:31:37.022926,23.8
aabaff3c-e7ff-41ac-8fd9-41a56a3aa0b6,18291,10,17,1,5,1.0,2.27,74,263,74_263,11.505387720738616,2026-09-16 07:31:37.022926,11.183333333333334
53d43abb-70f7-4962-bc5f-3c4f9f0c0843,12947,7,13,1,1,1.0,1.21,74,75,74_75,9.209345219850153,2026-09-16 07:31:37.022926,14.85
b0626be7-4dbe-440b-814f-ac7b2afbc1a4,32229,19,29,1,3,1.0,0.72,82,83,82_83,7.323852508438658,2026-09-16 07:31:37.022926,5.066666666666666
68695fd3-ab9e-499a-bd7e-474a37bb01ea,8371,22,8,1,3,1.0,1.04,197,264,197_264,6.182508705704001,2026-09-16 07:31:37.022926,0.0333333333333333
a1c13fad-4c4e-4f0d-a1ee-684501f786d1,33912,3,31,1,5,1.0,0.21,260,129,260_129,1.5432774600084826,2026-09-16 07:31:37.022926,1.65
9ba9f600-fa5a-4b8e-854c-8bb2ed3c09a7,14576,13,14,1,2,1.0,3.57,24,162,24_162,28.21751040424165,2026-09-16 07:31:37.022926,28.4
cb22b6fe-757d-46ab-a8e0-3c00ce2ddf5d,31180,8,29,1,3,1.0,3.76,179,138,179_138,12.832589350541117,2026-09-16 07:31:37.022926,12.383333333333333
60ff1490-fe7f-4a38-8b81-b106aaf7dee6,27640,3,25,1,6,1.0,1.27,7,179,7_179,6.731188169127544,2026-09-16 07:31:37.022926,7.4
b006f81e-35ae-4c5c-ad0c-ee7d584db5eb,24032,11,22,1,3,1.0,1.83,74,75,74_75,15.299283647300888,2026-09-16 07:31:37.022926,30.416666666666668
a329176a-ca92-41d8-8482-87c7f8e8c309,7813,16,8,1,3,1.0,5.17,7,239,7_239,29.71899878887354,2026-09-16 07:31:37.022926,30.416666666666668
1bf4ab7e-d888-4db3-ac80-45929e1dcac1,12455,16,12,1,0,1.0,1.26,75,151,75_151,9.7463905812901,2026-09-16 07:31:37.022926,7.883333333333334
d3e70be4-cdc8-4958-a607-4b3ae7237336,1475,17,2,1,4,1.0,1.62,24,239,24_239,9.03785624622575,2026-09-16 07:31:37.022926,10.133333333333333
735b4f21-beec-4ab4-b5ac-809863134ef4,6078,8,7,1,2,1.0,1.62,74,75,74_75,14.263994077392853,2026-09-16 07:31:37.022926,13.4
35cc91eb-bad4-4314-9d5e-772e93b91822,6660,16,7,1,2,1.0,2.22,75,24,75_24,15.498726414978444,2026-09-16 07:31:37.022926,10.783333333333331
b5223ec2-e921-4129-ba4c-e343bd9b2532,2876,9,4,1,6,1.0,23.5,195,1,195_1,40.654137557463734,2026-09-16 07:31:37.022926,35.083333333333336
3eeed80e-2c7c-482b-b5ea-de0b9ef64763,32544,6,30,1,4,1.0,1.5,166,43,166_43,12.592528813867997,2026-09-16 07:31:37.022926,11.233333333333333
aaeba913-97de-4847-b724-0691108e69fe,3154,15,4,1,6,1.0,0.62,75,236,75_236,4.839577844536972,2026-09-16 07:31:37.022926,4.466666666666667
50e164cd-1589-4316-b1d4-b7205cd450aa,20901,23,19,1,0,1.0,5.4,74,129,74_129,13.647382588439717,2026-09-16 07:31:37.022926,12.75
4b63a633-8a27-43ef-bfc7-e405cec37991,22184,21,20,1,1,1.0,1.42,97,97,97_97,10.904362692942609,2026-09-16 07:31:37.022926,9.233333333333333
06a444b7-0d57-441a-8eb3-1718953b2f64,12405,16,12,1,0,1.0,2.5,74,262,74_262,16.009133953870094,2026-09-16 07:31:37.022926,16.066666666666666
f60a30ad-2ffd-4f7e-9695-6d2c2038f8dd,31067,1,30,1,4,1.0,1.51,130,28,130_28,15.209393208631193,2026-09-16 07:31:37.022926,9.0
50742a10-ef1f-4f3d-b4e8-26725522da2d,30884,20,28,1,2,1.0,1.07,43,43,43_43,8.087405010781907,2026-09-16 07:31:37.022926,3.8833333333333337
99a4d71b-e859-4895-b24a-fb9d09b9e7d4,32806,10,30,1,4,1.0,2.02,95,196,95_196,16.6172487131032,2026-09-16 07:31:37.022926,14.933333333333334
f42f3215-37e5-4c58-b839-bd28164c4beb,19684,19,18,1,6,1.0,2.17,95,82,95_82,12.77744890464811,2026-09-16 07:31:37.022926,14.733333333333333
3bb50feb-c67c-4730-95b6-83a64172bed4,22504,8,21,1,2,1.0,2.14,116,151,116_151,14.795688889271782,2026-09-16 07:31:37.022926,6.35
e90d9593-4de7-493c-91da-4858cdb2012f,17014,9,16,1,4,1.0,2.9,74,239,74_239,18.22765469887984,2026-09-16 07:31:37.022926,15.933333333333334
ce9aa7e0-17ce-47e8-802e-6f692a5c64b5,34657,19,31,1,5,1.0,1.78,95,95,95_95,12.838785991695126,2026-09-16 07:31:37.022926,12.766666666666667
d86a3ff4-af68-4b7b-ac3f-e3fb36d7ca92,18468,13,17,1,5,1.0,3.34,74,140,74_140,18.155195249637988,2026-09-16 07:31:37.022926,19.283333333333335
37f91ab7-4383-4897-8125-8fa05be8b028,24820,20,22,1,3,1.0,0.24,74,74,74_74,3.6312482848110967,2026-09-16 07:31:37.022926,3.9833333333333334
a94f4e19-759e-48f1-a33c-2b5c25bb5344,11624,23,11,1,6,1.0,0.0,74,74,74_74,0.6591173404001844,2026-09-16 07:31:37.022926,0.1333333333333333
bd3effdb-765b-4502-94f1-a13f94822167,16918,8,16,1,4,1.0,6.83,74,138,74_138,16.420932486485682,2026-09-16 07:31:37.022926,17.75
4ef16dbb-829f-49fd-bd3f-04939d998b30,27698,15,25,1,6,1.0,3.21,74,41,74_41,17.920856377530225,2026-09-16 07:31:37.022926,32.233333333333334
01f54b8c-43d3-43f6-9b70-9e0dc6e2f01c,8961,14,9,1,4,1.0,1.17,74,41,74_41,9.34901753389606,2026-09-16 07:31:37.022926,8.2
c08dff96-e6b7-4cf0-b19a-227f24828dfc,21035,7,20,1,1,3.0,1.49,74,75,74_75,12.882038318050787,2026-09-16 07:31:37.022926,16.15
516dedaf-bccf-4f36-89d6-13e3a4780bd3,14131,6,14,1,2,1.0,1.15,236,238,236_238,6.869198944289735,2026-09-16 07:31:37.022926,5.933333333333334
ca6b86c9-e922-47ac-a588-3303a2996021,15437,6,15,1,3,1.0,2.5,55,55,55_55,12.621461143004838,2026-09-16 07:31:37.022926,14.9
4801ff3c-d4b0-49d9-bdc7-a00c051d25a1,19736,20,19,1,0,1.0,2.98,74,141,74_141,13.33504294596603,2026-09-16 07:31:37.022926,13.316666666666666
930c40ec-a4bb-4783-b5f9-3fbda249ad47,33088,14,30,1,4,1.0,2.3,75,42,75_42,22.28248820069477,2026-09-16 07:31:37.022926,16.566666666666666
cf190d21-4354-4c7a-b5bf-0a4776eb4236,6451,12,7,1,2,1.0,1.92,74,168,74_168,13.701443204797643,2026-09-16 07:31:37.022926,5.45
01012ae6-b8de-4eac-a0a1-7f3a4385df93,2377,17,3,1,5,1.0,1.53,82,95,82_95,10.46892317276543,2026-09-16 07:31:37.022926,12.35
259f8dd2-d665-4b42-9b74-07e0c66c89c0,24603,17,22,1,3,1.0,1.61,43,263,43_263,13.304131054816837,2026-09-16 07:31:37.022926,12.383333333333333
334b1aa2-cafd-44f5-84ca-1c27839ccea9,4488,18,5,1,0,1.0,1.55,43,262,43_262,9.239678245362109,2026-09-16 07:31:37.022926,9.416666666666666
bdf77675-908c-4fae-83b3-aa44f63f4617,20164,12,19,1,0,1.0,1.34,210,150,210_150,8.811620397109651,2026-09-16 07:31:37.022926,8.6
f442cc02-8d49-409c-b39d-fdc711cb92ba,13830,18,13,1,1,1.0,18.24,38,230,38_230,52.104149636900495,2026-09-16 07:31:37.022926,52.63333333333333
ca6aa186-ce82-4eae-8767-d0bb6b2d4f67,589,18,1,1,3,1.0,0.35,41,41,41_41,2.965802610844806,2026-09-16 07:31:37.022926,4.083333333333333
03fa8e1f-b384-497a-840d-e91f1406fed1,4343,16,5,1,0,1.0,0.74,75,236,75_236,6.2198764697629345,2026-09-16 07:31:37.022926,4.2
0305d851-a16a-4242-b120-554d1cf8e14d,19499,15,18,1,6,1.0,1.05,24,75,24_75,7.2694791894793775,2026-09-16 07:31:37.022926,7.466666666666667
6372c6d9-c3cf-4566-b6f8-2402fc069e33,136,2,1,1,3,5.0,0.0,70,70,70_70,0.980786261555985,2026-09-16 07:31:37.022926,0.0833333333333333
38a8726c-f206-45b9-92c1-1a83d45a80b0,22463,8,21,1,2,1.0,3.64,223,138,223_138,9.239152236243035,2026-09-16 07:31:37.022926,12.216666666666669
e181f06c-e1bd-4edf-876f-16ddb5987949,22845,13,21,1,2,1.0,3.61,41,262,41_262,23.038857868913837,2026-09-16 07:31:37.022926,28.683333333333337
4ccd16b0-96f6-4864-bd7a-7ed250115354,12061,10,12,1,0,1.0,2.3,75,163,75_163,17.635808212833734,2026-09-16 07:31:37.022926,17.716666666666665
26597250-f2ba-4b0f-8431-584a598f4258,3810,9,5,1,0,1.0,1.83,74,236,74_236,12.922321359865615,2026-09-16 07:31:37.022926,9.7
2d119d14-ee53-42a1-a494-e3c0920d855a,10133,15,10,1,5,2.0,1.26,74,75,74_75,7.376909051137954,2026-09-16 07:31:37.022926,7.266666666666667
ca8fb6e9-beb9-41ef-a4a8-d5a4655a070a,5009,10,6,1,1,1.0,3.26,74,244,74_244,21.646244091396277,2026-09-16 07:31:37.022926,21.783333333333335
e3a19e5c-0386-4c89-9571-ef9180a6f250,32354,21,29,1,3,1.0,10.99,265,82,265_82,29.100470287274028,2026-09-16 07:31:37.022926,21.333333333333332
19980f36-7f62-4c12-9eb7-de0b56e28192,28912,14,27,1,1,1.0,1.08,74,166,74_166,10.964113879945035,2026-09-16 07:31:37.022926,10.65
9fa3f4d7-4a8e-4757-b7bb-66e014ea0831,18810,19,17,1,5,1.0,0.03,134,134,134_134,0.7477289828050827,2026-09-16 07:31:37.022926,1.3833333333333333
ad15c107-0a07-4028-9b70-fafb5d7e505c,16461,18,15,1,3,3.0,3.49,166,48,166_48,20.12963593637371,2026-09-16 07:31:37.022926,17.416666666666668
936f123f-8531-4057-8f41-b23538cb4ca3,23819,9,22,1,3,1.0,1.91,24,43,24_43,13.90179946285237,2026-09-16 07:31:37.022926,17.683333333333334
8afa5459-512f-4500-87ab-7145e9208b91,20635,18,19,1,0,1.0,2.5,74,263,74_263,14.41665286959921,2026-09-16 07:31:37.022926,13.533333333333331
ca9d0557-ea0c-4e04-b55c-8bbbeee42778,18402,12,17,1,5,1.0,2.68,74,237,74_237,14.2109063622617,2026-09-16 07:31:37.022926,11.533333333333331
b14298c8-b850-4ec6-b821-60905b5addb5,33478,18,30,1,4,1.0,3.89,75,244,75_244,29.676258709858434,2026-09-16 07:31:37.022926,28.533333333333335
4f71cbb2-25cf-44e1-9aeb-c7f26baf4c50,9782,9,10,1,5,1.0,5.89,75,68,75_68,21.367134392493085,2026-09-16 07:31:37.022926,24.633333333333333
0f599f61-0c50-4084-849b-3960646dc84b,16354,17,15,1,3,1.0,4.58,95,260,95_260,23.196439148890825,2026-09-16 07:31:37.022926,31.7
a0ac708d-bc48-460b-bf31-ba2b413127c7,14580,13,14,1,2,1.0,1.12,95,134,95_134,8.502892158096667,2026-09-16 07:31:37.022926,7.0
50a81f7f-9771-4547-ab04-208c3f3ee23b,14541,12,14,1,2,1.0,3.01,97,256,97_256,20.852301949557845,2026-09-16 07:31:37.022926,17.383333333333333
84ac3899-6f93-4544-a382-bb49f0e1a310,29860,9,28,1,2,1.0,0.91,166,41,166_41,7.621224121965746,2026-09-16 07:31:37.022926,6.966666666666667
762e5dac-cbb8-4fd8-a76b-815e12b9f1ae,3353,18,4,1,6,1.0,1.42,74,75,74_75,6.5886005998710155,2026-09-16 07:31:37.022926,7.95
32afa169-6a55-4287-9907-79a52b027ada,14602,13,14,1,2,1.0,1.03,166,238,166_238,6.415189709672964,2026-09-16 07:31:37.022926,5.983333333333333
5e156445-8a7b-40fb-a064-e2877959a94b,34256,14,31,1,5,1.0,4.26,74,140,74_140,25.366484657436192,2026-09-16 07:31:37.022926,12.616666666666667
b9405197-5a35-4bdf-bf40-27a88717d018,6693,15,7,1,2,1.0,4.28,244,74,244_74,18.19766770789725,2026-09-16 07:31:37.022926,16.6
a17c7b3b-73e2-4686-b909-4709bc6f3a77,5992,7,7,1,2,1.0,1.17,75,237,75_237,9.253687886220828,2026-09-16 07:31:37.022926,6.166666666666667
8cbfb55c-4167-415f-bd09-74da65f7e700,14850,16,14,1,2,1.0,1.65,210,150,210_150,12.457747038556096,2026-09-16 07:31:37.022926,10.75
490fda17-946a-4db2-b5c9-e0d67031a51b,9431,19,9,1,4,2.0,0.8,82,129,82_129,8.658729206323313,2026-09-16 07:31:37.022926,6.233333333333333
906e0251-aebc-4db6-baba-c1b07f7eeab4,3874,10,5,1,0,1.0,4.21,74,140,74_140,20.914941974093868,2026-09-16 07:31:37.022926,14.716666666666669
10741332-c07b-4eb4-88e3-e3134a30d243,10357,17,11,1,6,1.0,2.43,74,24,74_24,14.097983733479241,2026-09-16 07:31:37.022926,13.016666666666667
73c658e9-9a50-4b1b-8056-d9f018c219e9,31079,3,29,1,3,1.0,3.73,260,138,260_138,12.436451895172628,2026-09-16 07:31:37.022926,7.95
45121f5e-a74d-443c-9558-a22d69f1b925,21408,11,20,1,1,1.0,1.7,83,56,83_56,12.813465688899688,2026-09-16 07:31:37.022926,14.366666666666667
8440cf33-2139-4c3b-ab76-7b51d859caeb,30286,14,28,1,2,1.0,1.44,41,238,41_238,14.357156219444812,2026-09-16 07:31:37.022926,11.383333333333333
9e1a0348-2953-450d-b6a7-d8b0038bbef8,23958,10,22,1,3,1.0,3.04,7,112,7_112,19.539757538846768,2026-09-16 07:31:37.022926,23.35
86dac6e0-ec99-492e-946e-48cc438a9000,5677,18,6,1,1,5.0,1.77,74,236,74_236,11.782545168431632,2026-09-16 07:31:37.022926,12.233333333333333
32e4a65b-123c-4301-9c21-be63cb0d945d,15322,21,14,1,2,1.0,1.18,74,41,74_41,6.91373561320938,2026-09-16 07:31:37.022926,6.233333333333333
50c28106-10f5-4717-ac2a-8be2b455b0ad,15252,20,14,1,2,1.0,2.61,134,216,134_216,10.553132595465282,2026-09-16 07:31:37.022926,12.666666666666666
eec51ba0-74b5-4f9d-8ae0-78e0f4ef5bdd,6012,7,7,1,2,1.0,1.88,191,130,191_130,14.55529505143435,2026-09-16 07:31:37.022926,8.783333333333333
5c1bb9e6-bd8b-444d-969b-ae197b707adc,2141,13,3,1,5,1.0,3.38,74,141,74_141,17.214904971474667,2026-09-16 07:31:37.022926,17.516666666666666
fb83088b-85cc-4eda-ad5a-1846f945705d,2701,23,3,1,5,1.0,0.0,82,82,82_82,20.683779339797898,2026-09-16 07:31:37.022926,0.0833333333333333
fdf0e706-66f1-426b-8ae9-2da242dccfd8,14475,11,14,1,2,4.0,1.83,166,239,166_239,11.494918322199664,2026-09-16 07:31:37.022926,11.5
094a4643-f388-4b66-9040-393cd743600e,16675,21,15,1,3,1.0,0.27,75,75,75_75,3.3775175394928967,2026-09-16 07:31:37.022926,2.2
0f7aeec3-0bac-4d28-bf04-aa9101df9d32,31102,6,29,1,3,1.0,8.63,244,158,244_158,30.849443908735598,2026-09-16 07:31:37.022926,18.4
17b38ea9-1f68-4e3f-87f4-64f47f64a282,11866,9,12,1,0,4.0,5.99,166,246,166_246,20.513035053152848,2026-09-16 07:31:37.022926,29.666666666666668
e0ccbcc1-e588-499b-a9f9-0e9f7039d8e1,13178,10,13,1,1,1.0,1.6,75,236,75_236,12.58716463729835,2026-09-16 07:31:37.022926,10.35
7c841fb6-af89-465a-975e-e1fa4403a22e,24493,17,22,1,3,1.0,1.06,166,152,166_152,7.779389400870268,2026-09-16 07:31:37.022926,6.8
f9e837cf-7669-43f9-8d9d-0d354199eb35,354,12,1,1,3,1.0,0.72,95,95,95_95,4.944093347627123,2026-09-16 07:31:37.022926,4.0
a5da5ae9-0907-4bd1-aa4b-5b1164572f1f,9201,17,9,1,4,5.0,1.81,75,74,75_74,9.735036802005663,2026-09-16 07:31:37.022926,12.483333333333333
81afa4e3-1120-4c9d-9605-a63fb54b94f3,15205,19,14,1,2,2.0,0.38,95,95,95_95,3.6400059874971475,2026-09-16 07:31:37.022926,2.466666666666667
e12fe61a-f201-4510-88ad-ce961bc6190f,12325,15,12,1,0,2.0,2.24,43,143,43_143,15.239644654143902,2026-09-16 07:31:37.022926,13.766666666666667
0e346743-b422-4e4d-aff0-9ff07e7707a5,14118,4,14,1,2,1.0,8.28,129,134,129_134,12.806643683008524,2026-09-16 07:31:37.022926,14.016666666666667
c8614392-a816-497e-88b1-38289c3164d8,23689,7,22,1,3,1.0,1.16,74,74,74_74,9.219268240211969,2026-09-16 07:31:37.022926,10.633333333333333
4c68c7c2-c5ab-4b19-9984-68913306841b,9924,12,10,1,5,1.0,4.36,97,89,97_89,23.524744257268715,2026-09-16 07:31:37.022926,25.05
b90ca498-46f7-4dc0-8b07-818150fc893b,10259,16,10,1,5,1.0,1.65,65,211,65_211,16.05822133864517,2026-09-16 07:31:37.022926,21.016666666666666
2c3a412e-d23f-4f29-9b6f-493a5ca058bd,5893,22,6,1,1,1.0,2.38,74,238,74_238,11.660252203191714,2026-09-16 07:31:37.022926,9.05
3339d921-d9ef-4b44-9611-251ac375326e,18971,23,17,1,5,2.0,2.92,97,256,97_256,15.590427303515511,2026-09-16 07:31:37.022926,8.683333333333334
3e6ad40f-a99e-47b8-aee9-0499ca0d1760,31733,15,29,1,3,1.0,0.94,95,95,95_95,9.278400503239673,2026-09-16 07:31:37.022926,8.466666666666667
34e5a6c8-0f53-486d-95fd-65939be1555e,2796,7,4,1,6,2.0,3.9,195,65,195_65,15.756198515219435,2026-09-16 07:31:37.022926,13.533333333333331
a7761ed1-def5-4bd7-b4f2-faba759090ab,23917,10,22,1,3,1.0,2.94,166,244,166_244,19.56702740503977,2026-09-16 07:31:37.022926,16.883333333333333
b4c4d7cb-6860-4b4b-b232-b371b4517f9a,22071,19,21,1,2,1.0,3.8,74,142,74_142,19.237859042917435,2026-09-16 07:31:37.022926,16.766666666666666
2c3c64fd-42d2-4f8f-be8e-3b481862931c,22427,8,21,1,2,1.0,2.51,74,236,74_236,18.433861084638263,2026-09-16 07:31:37.022926,28.016666666666666
4d201848-6858-4060-a6ba-75740e5bda66,25340,11,23,1,4,1.0,5.1,244,239,244_239,16.02626138741075,2026-09-16 07:31:37.022926,12.183333333333334
016587a1-c8e1-4c18-ac06-38c84aa08bbe,21236,9,20,1,1,1.0,2.07,74,75,74_75,16.428819330980104,2026-09-16 07:31:37.022926,12.716666666666669
25e0f025-af7a-441c-b3af-dbba2abb5a84,3135,14,4,1,6,1.0,2.53,74,238,74_238,13.776352015265557,2026-09-16 07:31:37.022926,9.7
797c887f-c3b8-4a30-97cc-34d43e817fd2,17647,17,16,1,4,1.0,1.24,97,181,97_181,13.517675159289736,2026-09-16 07:31:37.022926,12.416666666666666
eeeb2fbd-f507-4009-8b7d-4f07f0db95e1,1637,19,2,1,4,1.0,1.28,97,49,97_49,9.677452700992951,2026-09-16 07:31:37.022926,11.3
5f6ce137-5bce-428a-b753-8aac5ecc8478,1879,3,3,1,5,1.0,0.79,82,129,82_129,5.98759030048438,2026-09-16 07:31:37.022926,4.866666666666666
45066a6f-a2d6-4f91-8157-dde89e10d77b,27079,16,24,1,5,1.0,1.28,97,181,97_181,12.630095996182293,2026-09-16 07:31:37.022926,11.466666666666669
193f22dd-dace-40b7-9935-e721fff1be05,32539,6,30,1,4,1.0,1.9,74,236,74_236,12.076324334814974,2026-09-16 07:31:37.022926,18.583333333333332
86667d43-fa6a-4487-a939-29bc9b2dedde,22403,7,21,1,2,1.0,0.97,75,41,75_41,6.015226308024724,2026-09-16 07:31:37.022926,3.7666666666666666
5132fac9-7ee7-4abb-a434-36563057be9e,28619,10,27,1,1,1.0,6.65,75,213,75_213,31.495135272452334,2026-09-16 07:31:37.022926,23.0
6b2ae6a3-f7f4-44ff-a22c-4dff8125a653,4395,13,5,1,0,1.0,17.1,65,132,65_132,33.02366448816151,2026-09-16 07:31:37.022926,15.633333333333333
f24410e5-af85-4896-b34b-0685fabe9c20,33512,18,30,1,4,1.0,6.6,74,138,74_138,20.49150102666009,2026-09-16 07:31:37.022926,22.4
d73e8175-05fd-4b57-955c-b7070508303c,12255,14,12,1,0,1.0,2.07,74,24,74_24,14.707976203012349,2026-09-16 07:31:37.022926,19.983333333333334
fed5f95b-1fc7-4c45-9eda-c8d382bab3d6,6525,14,7,1,2,1.0,2.13,43,141,43_141,16.104688362509187,2026-09-16 07:31:37.022926,19.966666666666665
e67b4ebc-355b-4183-b0e1-0eca33d1e0e8,10630,22,10,1,5,1.0,9.56,33,239,33_239,27.509705621789408,2026-09-16 07:31:37.022926,27.5
3a7ca95c-8419-4509-b7cf-6668465ca251,32580,7,30,1,4,1.0,1.2,166,43,166_43,13.162011838624604,2026-09-16 07:31:37.022926,24.7
0590648b-a88e-4b29-9d46-0fa8b15c7d09,17189,12,16,1,4,2.0,3.2,97,62,97_62,20.942721407607607,2026-09-16 07:31:37.022926,22.716666666666665
550ccd64-57df-4573-983e-4dd8f5b67c27,13759,17,13,1,1,1.0,0.8,196,196,196_196,6.639358112623738,2026-09-16 07:31:37.022926,8.15
b1f813a2-9d98-4029-95a8-c6da4ba671ac,22085,19,20,1,1,1.0,0.82,95,95,95_95,5.927593537172013,2026-09-16 07:31:37.022926,5.95
eea04c0e-33ae-47cf-82fd-cb7520490a34,8000,17,8,1,3,1.0,3.26,74,141,74_141,21.67678010275694,2026-09-16 07:31:37.022926,23.133333333333333
96884264-590e-4f55-8947-a5867df20906,30641,17,28,1,2,1.0,3.77,82,138,82_138,15.510238537210629,2026-09-16 07:31:37.022926,13.7
110131ef-71ea-4603-a2b6-e9c873eafd9b,12688,19,12,1,0,1.0,2.82,74,239,74_239,16.024931923737505,2026-09-16 07:31:37.022926,13.833333333333334
9ae53c38-ee55-40ac-8982-3408f169b1e9,23363,19,21,1,2,2.0,2.7,97,62,97_62,19.400979103520154,2026-09-16 07:31:37.022926,14.7
b35f035b-0fb5-432a-b057-7bdb5398d24d,29615,23,27,1,1,1.0,1.24,210,210,210_210,7.805229957856408,2026-09-16 07:31:37.022926,6.583333333333333
3209ce4b-99b3-4854-8683-70744d73df87,9727,5,10,1,5,2.0,2.88,255,49,255_49,13.563860339835466,2026-09-16 07:31:37.022926,12.783333333333331
d0830c17-b814-489b-8f66-ea19fc607d25,28620,10,27,1,1,2.0,2.26,97,17,97_17,19.862985753291248,2026-09-16 07:31:37.022926,22.866666666666667
3ccd75df-bd30-42db-b6d7-3fb090ea4dea,17406,15,16,1,4,2.0,1.72,97,106,97_106,15.100194468242274,2026-09-16 07:31:37.022926,13.283333333333331
c8ac247c-5742-40ba-a331-c8b999cfb76d,28728,11,27,1,1,1.0,0.7,95,95,95_95,6.551686907023092,2026-09-16 07:31:37.022926,5.7
9649151a-c257-4ba9-9cc9-f3ee0b9a098b,27633,3,25,1,6,2.0,0.32,265,264,265_264,-0.20632463074619722,2026-09-16 07:31:37.022926,0.0333333333333333
ef8069b8-60f6-4228-8dc0-f9fa9876d553,23200,17,21,1,2,1.0,3.73,95,131,95_131,17.2431127197236,2026-09-16 07:31:37.022926,25.05
f92cf1f8-a21d-4a84-abad-6149c76e9f8e,5340,15,6,1,1,1.0,0.89,42,41,42_41,7.1039120405404015,2026-09-16 07:31:37.022926,6.95
54f77565-deb6-49ff-be56-37f278f96403,19943,8,19,1,0,1.0,4.69,130,92,130_92,18.133589325666104,2026-09-16 07:31:37.022926,15.233333333333333
a0958b21-1ee1-4f9a-98e0-53e95aa60c03,3457,20,4,1,6,1.0,4.55,75,234,75_234,32.37959293289077,2026-09-16 07:31:37.022926,20.666666666666668
a444becd-e3d3-4c7a-a649-b2f5ef90b80d,3609,6,5,1,0,1.0,1.47,74,75,74_75,8.420171646263977,2026-09-16 07:31:37.022926,5.366666666666666
32b34c05-6881-4771-b041-a39e03313494,24269,14,22,1,3,1.0,2.17,134,121,134_121,14.299720437269865,2026-09-16 07:31:37.022926,13.083333333333334
e600d344-9fb9-4495-8ea6-93eb11f242a3,30357,15,28,1,2,1.0,1.3,74,42,74_42,13.082508107039502,2026-09-16 07:31:37.022926,11.316666666666666
3246c8aa-cfe1-4077-ac42-d85db936d557,17620,17,16,1,4,1.0,0.0,244,244,244_244,2.6601791334356686,2026-09-16 07:31:37.022926,2.45
2aae18e0-e59f-460a-8462-05aa3eb9dcd8,22347,7,21,1,2,1.0,1.63,74,75,74_75,12.847089280566882,2026-09-16 07:31:37.022926,17.133333333333333
3038985c-cc45-4a7a-bfd1-73cd58382045,3422,19,4,1,6,1.0,1.72,25,61,25_61,10.91858431891995,2026-09-16 07:31:37.022926,20.1
9a983325-2ae0-45bc-8ede-4723a48c6925,13636,16,13,1,1,1.0,1.09,66,25,66_25,8.605411394305849,2026-09-16 07:31:37.022926,10.783333333333331
78248811-0718-4910-98b7-94d581a9b9a5,7540,12,8,1,3,1.0,3.67,82,138,82_138,9.621869815544176,2026-09-16 07:31:37.022926,10.9
a60ca73a-aef8-4610-9e9b-3ef0241852f9,28785,12,27,1,1,1.0,1.76,74,166,74_166,16.547426688817882,2026-09-16 07:31:37.022926,14.266666666666667
723d9f33-8b3e-46b9-a4fe-c2f8b883b785,24695,18,22,1,3,2.0,3.82,74,235,74_235,19.79452297096295,2026-09-16 07:31:37.022926,25.35
c7df6f5b-55af-4ab4-a2bb-fad91b390d8f,14847,16,14,1,2,1.0,3.84,95,215,95_215,22.649691781252518,2026-09-16 07:31:37.022926,28.183333333333337
53e701ab-f79d-43fc-8cd5-d052f7bb0d00,15659,9,16,1,4,1.0,1.65,74,43,74_43,12.667373308732316,2026-09-16 07:31:37.022926,12.4
6565e7a3-330c-4974-b797-a5d412a65773,20396,15,19,1,0,1.0,1.3,75,264,75_264,9.03712780872462,2026-09-16 07:31:37.022926,6.2
b15dea88-3692-4644-8638-f1a87515cabf,14129,6,14,1,2,1.0,1.43,74,75,74_75,8.720369056188545,2026-09-16 07:31:37.022926,8.433333333333334
1e44a8e4-b9f4-4f90-96e1-c09c29984fbc,16769,0,16,1,4,1.0,0.79,255,255,255_255,5.344350434487953,2026-09-16 07:31:37.022926,5.383333333333334
f1dedf1e-f016-4f82-a0b9-88177cf6ca5b,24331,15,22,1,3,1.0,3.74,82,138,82_138,11.709694067871963,2026-09-16 07:31:37.022926,11.033333333333331
93b4a7fe-7495-446e-b9e1-db8668adf1f4,12453,16,12,1,0,1.0,1.49,75,151,75_151,10.736265708581302,2026-09-16 07:31:37.022926,10.8
558ff8ba-4f74-40ef-84f9-384b6f790016,30635,16,28,1,2,2.0,1.36,43,238,43_238,12.687059664367485,2026-09-16 07:31:37.022926,12.616666666666667
23bc4b60-d5bf-4f58-9c72-9c5fa889915b,16183,16,15,1,3,2.0,0.8,41,41,41_41,6.651794486688162,2026-09-16 07:31:37.022926,8.383333333333333
57ac7c2f-8701-48ed-8163-6574acce3a53,21875,17,20,1,1,1.0,2.07,74,263,74_263,15.039297329585544,2026-09-16 07:31:37.022926,11.883333333333333
1cdfce7d-079e-42ba-8cb5-41618dc45ff3,285,10,1,1,3,4.0,11.64,92,186,92_186,28.71626442929783,2026-09-16 07:31:37.022926,41.3
d268b1b0-0c68-4707-b847-c47c6acda728,5270,14,6,1,1,1.0,7.06,66,162,66_162,25.294694570298244,2026-09-16 07:31:37.022926,26.533333333333335
8b8b9301-8d6a-470b-994f-ceb19af0cbdd,10586,20,10,1,5,6.0,0.0,75,247,75_247,11.59220636930094,2026-09-16 07:31:37.022926,22.35
29fc96d7-e3d8-4065-b1b5-a77f242e36dd,8712,11,9,1,4,1.0,4.01,42,235,42_235,20.74535176346587,2026-09-16 07:31:37.022926,16.116666666666667
2b4cbc8d-48c5-4675-aa79-040e5f99b97d,27934,14,26,1,0,2.0,1.0,75,236,75_236,7.445896530590257,2026-09-16 07:31:37.022926,11.4
efae1739-044a-4657-a4d3-c787247104aa,3865,10,5,1,0,1.0,7.56,33,237,33_237,27.025066373797053,2026-09-16 07:31:37.022926,31.25
a614bcb8-ccd7-4448-af1e-1898bbd83253,7122,23,7,1,2,1.0,0.99,95,95,95_95,5.338978231033267,2026-09-16 07:31:37.022926,5.766666666666667
6960c250-392c-4729-8b67-99c4733978ff,25942,17,23,1,4,1.0,2.97,74,237,74_237,20.010539189400692,2026-09-16 07:31:37.022926,21.583333333333332
82ca5123-702f-4f9a-b334-45575464019c,30835,19,28,1,2,1.0,2.44,74,166,74_166,16.485141508989866,2026-09-16 07:31:37.022926,17.033333333333335
dd6a705f-a8cc-460b-aae2-bf0883a4b199,33551,19,30,1,4,1.0,0.46,236,263,236_263,5.787083001877442,2026-09-16 07:31:37.022926,1.85
cdfd650d-933a-4dea-bd64-ff93837b711c,28594,9,27,1,1,1.0,4.19,74,140,74_140,34.45578376568556,2026-09-16 07:31:37.022926,39.25
8d949a2c-a32a-489c-8633-78610443290c,29660,6,28,1,2,1.0,5.87,236,260,236_260,23.513639692308917,2026-09-16 07:31:37.022926,32.916666666666664
c95ba0d7-f227-497d-a54f-a00b710ace4e,18678,17,17,1,5,1.0,0.0,95,95,95_95,2.463102371569544,2026-09-16 07:31:37.022926,0.4166666666666667
624f875f-bf9a-4bfe-b658-f4dabff268f4,2205,14,3,1,5,1.0,4.0,74,243,74_243,16.5768658331453,2026-09-16 07:31:37.022926,11.683333333333334
3caf440d-63ee-4711-ba63-2bf902dc6224,853,6,2,1,4,1.0,1.36,74,75,74_75,6.46121179641697,2026-09-16 07:31:37.022926,4.733333333333333
216ad17c-6219-489f-872f-06baad5ff368,3147,15,4,1,6,2.0,1.13,65,33,65_33,12.111343579467121,2026-09-16 07:31:37.022926,11.883333333333333
fec4391f-891b-4630-966a-eeea24f22ef4,11965,10,12,1,0,1.0,0.0,193,264,193_264,1.075532708805323,2026-09-16 07:31:37.022926,0.05
ae94498f-1468-466a-98e4-1becccd7aa94,23188,17,21,1,2,1.0,2.0,74,166,74_166,13.876384009319322,2026-09-16 07:31:37.022926,12.583333333333334
8203b1fc-383d-4fe2-b77f-2b5cbf142f4a,33819,23,30,1,4,1.0,3.44,97,257,97_257,21.671245997501742,2026-09-16 07:31:37.022926,18.066666666666663
3213338c-a7e9-40ea-a148-e89a1e16ef2b,33460,18,30,1,4,1.0,2.2,74,236,74_236,18.225014695581187,2026-09-16 07:31:37.022926,16.05
65846efc-39f2-46a7-9de3-46d6de65b0d1,10451,18,10,1,5,1.0,0.18,89,89,89_89,2.0918681639649925,2026-09-16 07:31:37.022926,0.1833333333333333
9d9dd864-dbaa-435a-8465-b82816defa1e,30990,22,28,1,2,1.0,2.37,74,238,74_238,12.721336146377341,2026-09-16 07:31:37.022926,10.25
8300f0b6-aab5-4af0-b961-f7513e89364d,1443,17,2,1,4,1.0,6.67,134,132,134_132,23.43373449853945,2026-09-16 07:31:37.022926,31.066666666666663
5eee7e43-497b-4f7a-8deb-bcaa9c2b0d1c,29705,7,28,1,2,1.0,1.38,75,74,75_74,9.62578620802976,2026-09-16 07:31:37.022926,9.766666666666667
b7019d81-312b-4308-9059-9099855ce3fa,20707,19,19,1,0,1.0,0.75,43,236,43_236,5.337367439680878,2026-09-16 07:31:37.022926,4.5
8294d46f-a236-4080-94a9-35114c70b60e,20287,14,19,1,0,2.0,0.89,75,43,75_43,5.872716445908566,2026-09-16 07:31:37.022926,5.2
54279dd9-e940-48a0-a02e-278c0de46ae4,845,5,2,1,4,5.0,7.79,34,34,34_34,20.59490697579614,2026-09-16 07:31:37.022926,19.15
7d6c9843-339e-4f13-a21c-0926701a6d02,16732,22,15,1,3,1.0,0.0,205,264,205_264,0.0910730938613766,2026-09-16 07:31:37.022926,0.05
bee53c49-4746-4630-8f57-3509de0b60a6,4397,17,5,1,0,1.0,0.99,236,236,236_236,7.394066911286262,2026-09-16 07:31:37.022926,4.4
44205abf-bc6e-4682-a2b9-8ed099253532,31030,23,28,1,2,1.0,0.84,65,33,65_33,8.975828500170747,2026-09-16 07:31:37.022926,7.6
1284d203-3b13-461d-a151-8a284a67ea9f,5858,21,6,1,1,1.0,1.01,41,74,41_74,6.094027406453905,2026-09-16 07:31:37.022926,5.766666666666667
294e8081-b840-4dc4-92b9-21d05b33f524,2567,20,3,1,5,2.0,3.35,97,62,97_62,17.71913345455321,2026-09-16 07:31:37.022926,18.3
dbbe2ea6-037c-44e7-b037-d9d9af4ad5a4,2366,17,3,1,5,3.0,0.84,129,129,129_129,8.937786578821347,2026-09-16 07:31:37.022926,4.316666666666666
492415dd-7124-4983-9311-1136c27d15ac,5293,14,6,1,1,1.0,3.5,74,142,74_142,21.71953960720154,2026-09-16 07:31:37.022926,21.116666666666667
59ad0d08-352b-4bba-b2b6-6a83fa8100da,28197,19,26,1,0,5.0,0.97,7,7,7_7,7.152823754818145,2026-09-16 07:31:37.022926,5.45
74ac4701-fb31-40f1-9b79-56c9b64e0cec,29573,21,27,1,1,1.0,1.77,95,134,95_134,11.130538893843877,2026-09-16 07:31:37.022926,9.866666666666667
9dde4f49-f1b1-4629-a2e1-91097000efb2,12866,23,12,1,0,1.0,1.36,75,74,75_74,4.09537346167767,2026-09-16 07:31:37.022926,3.8
6dab0d1f-a3f2-4a75-b50b-dab58f44ff9d,10488,19,10,1,5,1.0,0.89,75,238,75_238,5.572718173256431,2026-09-16 07:31:37.022926,4.433333333333334
95ef037f-1a68-4c14-9cd3-30ba082d046b,4113,14,5,1,0,1.0,0.65,243,243,243_243,5.228639062237141,2026-09-16 07:31:37.022926,4.233333333333333
f2dbdcfd-8cff-43e6-b6a1-a6b434cae8ac,2291,15,3,1,5,2.0,0.95,33,52,33_52,6.703467362642719,2026-09-16 07:31:37.022926,3.466666666666667
a986b3b1-df7c-4f4a-895c-d8a484f18ebf,30604,17,28,1,2,2.0,0.95,95,95,95_95,9.793741644264925,2026-09-16 07:31:37.022926,9.366666666666667
087daa18-51a3-4b4d-91a4-d6f63633b6dd,24407,16,22,1,3,1.0,1.77,159,47,159_47,13.300787743317938,2026-09-16 07:31:37.022926,14.683333333333334
4881dc1c-ea6f-4d65-98c9-660bfe396697,13897,19,13,1,1,2.0,1.28,75,262,75_262,9.26353476425439,2026-09-16 07:31:37.022926,9.45
e7a43fe7-f2bf-4f5b-b98d-555676c38440,33203,15,30,1,4,1.0,0.86,236,263,236_263,11.212826442259832,2026-09-16 07:31:37.022926,15.15
9a840652-721c-4970-bbfa-cb744e49a146,6644,16,7,1,2,1.0,1.45,75,166,75_166,11.072455348381457,2026-09-16 07:31:37.022926,7.783333333333333
fa2a1b34-8605-4ab0-9c2a-ff7eb0677883,2150,13,3,1,5,1.0,1.35,97,49,97_49,9.498503225225413,2026-09-16 07:31:37.022926,11.233333333333333
f76e0c73-d176-433f-a428-dce0a905d79f,12024,11,12,1,0,1.0,1.69,75,239,75_239,9.945337064103422,2026-09-16 07:31:37.022926,7.116666666666666
f693f2df-b743-4752-b1c7-5bbb22c85cf8,15221,19,14,1,2,1.0,1.66,130,215,130_215,9.725769805956993,2026-09-16 07:31:37.022926,7.633333333333334
54b6531f-0147-4d6b-9b1a-0913a4a32c3a,5701,18,6,1,1,6.0,1.85,95,196,95_196,12.957866573689655,2026-09-16 07:31:37.022926,12.266666666666667
a1bfddfa-8819-4372-b717-01b7f0b9f380,33870,1,31,1,5,1.0,6.76,74,241,74_241,19.160912748354466,2026-09-16 07:31:37.022926,17.95
df99990f-fa83-4451-b191-95f2d8833b30,4205,15,5,1,0,1.0,1.36,75,74,75_74,7.6869948385014295,2026-09-16 07:31:37.022926,11.85
56137365-555b-4044-9aeb-9188eb2cd0e8,18943,22,17,1,5,1.0,13.52,130,230,130_230,37.074077741333106,2026-09-16 07:31:37.022926,39.86666666666667
a282189c-a940-48b8-8174-f38e6497a0a3,15460,7,15,1,3,1.0,1.1,74,41,74_41,8.466173636075373,2026-09-16 07:31:37.022926,10.55
2b537899-b4af-4deb-b88c-344ed45592b1,25954,17,23,1,4,6.0,1.17,43,263,43_263,11.925617413283799,2026-09-16 07:31:37.022926,8.683333333333334
b1a2d87f-cc19-4544-9c17-da494f983e59,22713,11,21,1,2,2.0,3.5,264,264,264_264,21.140177224454607,2026-09-16 07:31:37.022926,19.466666666666665
f7d153c9-326f-490c-9bad-9f47c77e68a4,7470,11,8,1,3,2.0,1.4,82,129,82_129,10.496747238415896,2026-09-16 07:31:37.022926,7.5
9c04bb46-b692-43ca-ae70-86060df8b09c,8559,8,9,1,4,1.0,1.46,74,236,74_236,12.455703305022343,2026-09-16 07:31:37.022926,7.3
38375955-ce09-4cc5-8b76-ceea0f2e3a18,8171,19,8,1,3,1.0,1.36,66,65,66_65,9.002518459397873,2026-09-16 07:31:37.022926,8.533333333333333
eca2dc40-cfa8-44f2-b24e-043f83a8763e,24507,17,22,1,3,1.0,2.39,74,236,74_236,16.78048317095407,2026-09-16 07:31:37.022926,17.483333333333334
1f51d50d-13dc-4e5c-aa93-62e9436a4864,20295,14,19,1,0,1.0,1.22,74,75,74_75,7.869352295951766,2026-09-16 07:31:37.022926,5.166666666666667
9957675e-297b-43f2-a606-1c296bff0517,14187,7,14,1,2,1.0,1.73,74,24,74_24,12.321781164749677,2026-09-16 07:31:37.022926,19.2
44fc877d-06fe-4a15-8b55-5d247db2ba86,6892,18,7,1,2,1.0,1.28,97,49,97_49,10.836983463695343,2026-09-16 07:31:37.022926,9.666666666666666
a6bece2c-10f0-4599-a748-4e36150c15ac,26023,18,23,1,4,1.0,0.9,181,181,181_181,6.7047491940005015,2026-09-16 07:31:37.022926,8.2
b4d50969-8559-4bd5-ae81-417390c381b1,29992,10,28,1,2,1.0,3.19,55,55,55_55,27.06178235470533,2026-09-16 07:31:37.022926,30.366666666666667
44ef4ea9-e847-4699-8868-977acf8370c9,26970,15,24,1,5,1.0,0.76,74,74,74_74,5.926495616931918,2026-09-16 07:31:37.022926,6.533333333333333
5656b935-5e3b-40f5-8dc4-ef2fd91b8213,7517,11,8,1,3,1.0,4.84,166,162,166_162,26.40632557766338,2026-09-16 07:31:37.022926,30.566666666666663
57715ecf-815c-4f13-a810-37e5d6f3caac,9775,9,10,1,5,1.0,0.85,116,244,116_244,5.336162541016661,2026-09-16 07:31:37.022926,5.05
3fc8c1d1-6b88-4649-afc9-9f915542f8ef,33323,16,30,1,4,1.0,2.81,75,142,75_142,24.7353660597204,2026-09-16 07:31:37.022926,25.966666666666665
4b170b10-70b4-4848-b3ba-a86be25e7efb,21657,15,20,1,1,1.0,0.72,97,97,97_97,7.7339473288006,2026-09-16 07:31:37.022926,6.266666666666667
862f221e-bfa2-4ee2-875a-a5160e85c7d2,17414,15,16,1,4,1.0,0.44,166,166,166_166,3.68591817864063,2026-09-16 07:31:37.022926,3.45
d67be951-5ebb-416a-b61a-da5b2a3a8ab5,31736,15,29,1,3,1.0,3.3,75,116,75_116,24.987411061877847,2026-09-16 07:31:37.022926,29.8
ba60749c-6084-4cb9-9386-e89d7f4e6c9d,22976,15,21,1,2,1.0,2.54,130,258,130_258,16.318940861622455,2026-09-16 07:31:37.022926,14.0
c73fd06c-eb32-4e27-bc55-13cb8a8ea002,1758,22,2,1,4,5.0,1.51,74,75,74_75,6.611956058705249,2026-09-16 07:31:37.022926,5.633333333333334
815ff437-6459-43e9-9df1-02982b791ace,23233,17,21,1,2,1.0,0.0,74,74,74_74,1.8247231762132705,2026-09-16 07:31:37.022926,0.15
dda7b3fc-fa4f-47ea-9fbf-19ddeff96ab7,16766,23,15,1,3,1.0,7.41,82,107,82_107,24.873753797653297,2026-09-16 07:31:37.022926,14.666666666666666
50691eb9-3a62-462d-baa8-ceafd5b3e436,24715,18,22,1,3,1.0,1.75,75,151,75_151,12.870322280123935,2026-09-16 07:31:37.022926,13.616666666666667
55028369-e7d1-4865-a0ef-e6b9b0b1ef7a,21556,14,20,1,1,5.0,0.73,43,43,43_43,5.937297760961922,2026-09-16 07:31:37.022926,3.7
fae47e11-1ece-4ee8-b265-135cd008781f,19920,8,19,1,0,1.0,1.77,116,166,116_166,8.911490100218641,2026-09-16 07:31:37.022926,6.166666666666667
c75bc5e1-20bc-49e1-b384-a02a75490b79,14405,10,14,1,2,1.0,1.68,74,43,74_43,13.206730940988491,2026-09-16 07:31:37.022926,8.75
45ffcb88-c6b7-4c14-9ee0-ce26e017b927,12350,14,12,1,0,2.0,1.06,75,236,75_236,8.762953239856548,2026-09-16 07:31:37.022926,7.533333333333333
9a910c84-4822-45d8-aeb5-cf3d1314fab8,33956,7,31,1,5,1.0,2.05,75,239,75_239,12.214523531585748,2026-09-16 07:31:37.022926,8.7
7428ad49-2082-4356-af96-c8abd4af4f1e,21276,10,20,1,1,1.0,14.69,82,19,82_19,35.581761471829005,2026-09-16 07:31:37.022926,26.1
9ac3dfe4-e0cc-4654-b4c8-f53c94e9a791,31542,12,29,1,3,5.0,6.43,95,226,95_226,29.061415551080607,2026-09-16 07:31:37.022926,32.266666666666666
0faefd9c-1118-48e5-95d0-6d7e69dc4d73,31383,10,29,1,3,1.0,1.7,74,166,74_166,15.796696458789272,2026-09-16 07:31:37.022926,11.916666666666666
1eeebb1e-4614-4cb9-811e-e4e9eebf5a50,25229,9,23,1,4,1.0,3.46,75,239,75_239,20.866550875694095,2026-09-16 07:31:37.022926,21.25
3d9781d6-a5a2-4d48-bb69-d948e0e5dae9,2383,17,3,1,5,1.0,1.29,75,236,75_236,7.740505488920476,2026-09-16 07:31:37.022926,8.8
b8221fe3-f687-44b1-acc3-274a413220f9,18535,15,17,1,5,1.0,0.69,74,75,74_75,4.625330043648209,2026-09-16 07:31:37.022926,4.6
f0b9825a-36cf-4713-8d06-ba10a65176ff,15247,20,14,1,2,1.0,1.18,75,41,75_41,6.602717705244688,2026-09-16 07:31:37.022926,6.05
a2f8f4f4-a70b-4f10-b0dd-c13598b8397a,13718,17,13,1,1,2.0,3.28,75,48,75_48,22.203431222099542,2026-09-16 07:31:37.022926,21.916666666666668
a88c5a72-46c4-4a7a-9599-48ade95cb99e,10739,2,11,1,6,1.0,3.1,112,36,112_36,14.883602241352976,2026-09-16 07:31:37.022926,14.483333333333333
2bca4368-0c9a-48c4-b39d-c7a5c8a70602,1671,20,2,1,4,1.0,7.63,82,97,82_97,25.35276287376598,2026-09-16 07:31:37.022926,17.4
a1cadcc2-a7d5-4fd5-92b8-7105c4f1692c,19298,12,18,1,6,1.0,8.32,33,164,33_164,27.333802587100195,2026-09-16 07:31:37.022926,26.05
2850a4dc-0621-4663-adea-24000c62b3af,26352,22,23,1,4,1.0,1.02,75,236,75_236,6.177048701812926,2026-09-16 07:31:37.022926,5.883333333333334
29b92ffc-d0c9-470d-ae1e-2c76412ee968,3112,14,4,1,6,1.0,3.21,74,239,74_239,17.20083753565386,2026-09-16 07:31:37.022926,18.55
d0ad19ed-73f6-4652-b037-4bfa933e712a,6305,11,7,1,2,1.0,4.87,33,158,33_158,22.98953199418061,2026-09-16 07:31:37.022926,22.083333333333332
0a19853e-8356-41df-a0ad-85fe7be0fd8e,11474,19,11,1,6,1.0,2.09,74,263,74_263,11.505136303762578,2026-09-16 07:31:37.022926,7.483333333333333
d117755a-fbf7-4c8f-a866-c9e82d149980,25371,11,23,1,4,1.0,1.84,41,238,41_238,13.256218482220364,2026-09-16 07:31:37.022926,9.9
82b91916-e91d-4c54-8530-8ba354e8bf3f,7803,15,8,1,3,1.0,0.0,75,74,75_74,7.139553554599002,2026-09-16 07:31:37.022926,7.816666666666666
7ed6af63-139b-4fa6-84df-da21374ed044,29590,22,27,1,1,1.0,1.45,95,95,95_95,8.981759680682204,2026-09-16 07:31:37.022926,10.133333333333333
8a5643ee-8612-4e27-ac7a-1e13f3665e3d,24118,13,22,1,3,1.0,0.62,166,24,166_24,4.733439097079254,2026-09-16 07:31:37.022926,4.75
72aa436d-4b5a-482e-abcb-8f61bea98410,8581,9,9,1,4,1.0,0.96,74,75,74_75,7.669981119234497,2026-09-16 07:31:37.022926,6.2
8f73e477-b51f-43f5-a6c0-52f7d3db5e22,8131,19,8,1,3,2.0,1.8,74,236,74_236,9.888786220245779,2026-09-16 07:31:37.022926,9.15
19250667-b103-48dc-8563-a9dc1dc48916,27805,8,26,1,0,1.0,5.06,166,246,166_246,20.16209600971794,2026-09-16 07:31:37.022926,14.433333333333334
e474bcbc-a1ea-4375-9f09-ff4ef5ea1fc1,23567,23,21,1,2,1.0,1.88,130,10,130_10,9.72045400187985,2026-09-16 07:31:37.022926,8.4
34ca6202-8954-4196-8681-89c1efe36e44,8692,10,9,1,4,1.0,2.3,74,236,74_236,15.932993391146606,2026-09-16 07:31:37.022926,10.483333333333333
ea40467b-b12b-4bf5-8125-a2209dac8453,5657,18,6,1,1,1.0,1.47,74,43,74_43,9.812507310543666,2026-09-16 07:31:37.022926,10.6
a1140ed3-aee6-470b-a19f-878ac129b87c,20118,12,19,1,0,1.0,0.0,193,264,193_264,0.5915976333040163,2026-09-16 07:31:37.022926,0.0
a9db69d9-a928-431b-bd59-447e5dd14796,25054,7,23,1,4,1.0,0.83,74,41,74_41,6.715073539201579,2026-09-16 07:31:37.022926,6.75
b5b09587-3708-49de-a42d-77f9069ed6c9,17328,14,16,1,4,1.0,1.6,74,166,74_166,13.145090012688105,2026-09-16 07:31:37.022926,11.583333333333334
c2d0d2d1-11ba-460c-b078-640da5babc0d,3947,12,5,1,0,1.0,0.74,95,95,95_95,5.9855214805746835,2026-09-16 07:31:37.022926,6.666666666666667
56019fe3-d733-40a2-837f-ec554ff5f75c,25193,9,23,1,4,1.0,0.8,43,236,43_236,6.229386336532352,2026-09-16 07:31:37.022926,6.816666666666666
c6bc4ad8-00aa-417c-a7a6-5af80d1e1a6f,256,8,1,1,3,1.0,2.23,41,116,41_116,11.1207976900855,2026-09-16 07:31:37.022926,10.416666666666666
558fc068-680e-4020-8ed5-2d67bae89379,4562,19,5,1,0,1.0,0.55,97,97,97_97,5.761760539119518,2026-09-16 07:31:37.022926,7.5
528d27f7-f709-4561-a86d-c47ca95729e8,34774,22,31,1,5,1.0,0.87,75,41,75_41,5.222126260240628,2026-09-16 07:31:37.022926,5.65
0edca9f7-5d4d-467e-855e-5eb7e0494267,21825,17,20,1,1,1.0,0.85,134,134,134_134,6.527686826315207,2026-09-16 07:31:37.022926,13.333333333333334
9657748a-2400-494d-a22a-26a76032113d,26198,20,23,1,4,1.0,1.96,75,239,75_239,10.735416151897816,2026-09-16 07:31:37.022926,10.416666666666666
321858e3-e40c-4abc-ada7-7e10e231bcda,7126,23,7,1,2,1.0,1.73,95,134,95_134,9.248610385918813,2026-09-16 07:31:37.022926,9.933333333333334
f479137f-5ce8-4fa4-a496-0e96a28bbd77,6413,13,7,1,2,1.0,1.35,75,74,75_74,7.344609551046477,2026-09-16 07:31:37.022926,6.866666666666666
a1a73967-3120-477b-a876-1b251f8b78a8,19562,16,18,1,6,1.0,3.32,74,140,74_140,17.59550291811068,2026-09-16 07:31:37.022926,18.0
cc0948ae-0fa3-452b-81ef-62a5aeaa2a57,24524,17,22,1,3,1.0,0.85,7,7,7_7,6.8553395799373495,2026-09-16 07:31:37.022926,11.433333333333334
35827e49-3125-4b0e-930b-d1a5810de7c0,22307,4,21,1,2,1.0,11.62,82,18,82_18,30.407926602657916,2026-09-16 07:31:37.022926,25.25
46471c80-6306-4424-a071-6eb69a6be6a2,11776,8,12,1,0,1.0,2.98,74,140,74_140,23.034635155473335,2026-09-16 07:31:37.022926,26.2
c9fec7f3-daf1-427d-8257-5a09d9341a87,15870,12,15,1,3,1.0,0.9,75,236,75_236,7.735048748544255,2026-09-16 07:31:37.022926,10.65
3ce14cdb-2a5e-4910-8fe0-7f628624ae85,14410,10,14,1,2,1.0,3.22,74,237,74_237,23.01818889847768,2026-09-16 07:31:37.022926,26.683333333333337
f9913a7b-67a3-426f-87f4-f6ea8d5adbfc,27026,15,24,1,5,1.0,1.89,75,74,75_74,12.432570587820097,2026-09-16 07:31:37.022926,10.216666666666669
178e4007-98c1-45cc-82f7-1c88e45215e9,6027,8,7,1,2,1.0,1.85,74,42,74_42,13.242987803611983,2026-09-16 07:31:37.022926,13.733333333333333
0746f6e1-7dba-4673-83c3-3ed3e192ffad,24001,11,22,1,3,1.0,4.68,244,239,244_239,16.199876412680727,2026-09-16 07:31:37.022926,14.033333333333331
ec0f442a-7270-479b-acad-b87e3493d86f,20318,14,19,1,0,2.0,4.86,41,243,41_243,24.405488653045477,2026-09-16 07:31:37.022926,15.1
c6039b95-db07-43c8-aeb6-e709e1f09aef,34707,20,31,1,5,1.0,0.8,41,42,41_42,6.702719306509702,2026-09-16 07:31:37.022926,4.933333333333334
fdc7a0de-448d-4d08-ad18-61ff0250c01a,749,21,1,1,3,1.0,1.42,95,135,95_135,6.217923582888788,2026-09-16 07:31:37.022926,7.766666666666667
a8f1145f-f3a0-4497-b797-688c136d7552,5363,15,6,1,1,1.0,0.0,95,95,95_95,2.632404487985496,2026-09-16 07:31:37.022926,0.6166666666666667
419a9030-cf42-486c-b79d-84d3aacdcb5d,34246,14,31,1,5,1.0,0.79,97,97,97_97,9.091667491208057,2026-09-16 07:31:37.022926,14.433333333333334
f162163c-aaf3-4849-b13f-d854293181ea,4535,18,5,1,0,1.0,1.23,75,24,75_24,7.828355188161833,2026-09-16 07:31:37.022926,6.966666666666667
0bfc9285-2eb8-45b9-837f-e1b32940e3e2,25875,16,23,1,4,1.0,2.46,166,236,166_236,16.744882369872784,2026-09-16 07:31:37.022926,15.083333333333334
53444156-f974-4307-afad-3c041a741fc0,3033,12,4,1,6,5.0,9.06,95,193,95_193,26.52764087644568,2026-09-16 07:31:37.022926,29.683333333333337
81fc8584-4c95-4f43-a287-4672a66e1159,7998,17,8,1,3,1.0,1.17,75,236,75_236,9.128925860417928,2026-09-16 07:31:37.022926,8.016666666666667
5a9cdc75-e2c5-48d6-b5d5-a856520cc41e,30118,12,28,1,2,2.0,7.9,95,64,95_64,30.579513482587046,2026-09-16 07:31:37.022926,17.516666666666666
624ca2bf-7a7d-4712-a850-59ccd3dc1e97,6165,9,7,1,2,1.0,1.51,75,262,75_262,11.492039048786516,2026-09-16 07:31:37.022926,11.233333333333333
57f4d133-3cde-488f-95d5-b16b6de78d9c,24612,17,22,1,3,1.0,2.3,65,17,65_17,19.52237473806535,2026-09-16 07:31:37.022926,24.95
49e42cf2-add7-473d-a184-8ce27dbf4b43,29366,19,27,1,1,1.0,0.57,75,75,75_75,4.562249533617515,2026-09-16 07:31:37.022926,3.8
139554cd-7392-43e1-8107-d3191aa91869,5557,17,6,1,1,1.0,2.68,74,262,74_262,18.379421483515404,2026-09-16 07:31:37.022926,20.016666666666666
9f0f4a38-9b53-4b92-852c-a485f821bd25,16830,6,16,1,4,1.0,1.55,74,236,74_236,9.144515531443993,2026-09-16 07:31:37.022926,8.0
f03586aa-7f3f-4d56-911e-f4d99218f9ce,18768,18,17,1,5,1.0,2.76,74,238,74_238,15.0550348080198,2026-09-16 07:31:37.022926,14.45
ad031b15-3889-4d79-a984-9e084c208473,3686,8,5,1,0,1.0,1.38,74,75,74_75,10.914560123416225,2026-09-16 07:31:37.022926,11.883333333333333
eb99c044-7f38-45f0-996b-f302cd955f54,11698,6,12,1,0,1.0,1.33,74,75,74_75,7.505827380503569,2026-09-16 07:31:37.022926,5.033333333333333
2da0c674-e5f3-47e1-ba6f-eb51d3d8a410,27832,10,26,1,0,1.0,1.22,74,41,74_41,7.535578911579672,2026-09-16 07:31:37.022926,7.2
b5ccdd16-9ec8-419f-b89b-54e18866c595,8342,22,8,1,3,1.0,1.45,95,134,95_134,7.690809152734183,2026-09-16 07:31:37.022926,7.816666666666666
d9db9c4c-fecb-47e4-a293-f1ea9c17515a,10625,21,10,1,5,1.0,2.26,74,263,74_263,11.301087946096455,2026-09-16 07:31:37.022926,9.25
9ec9cb15-8fd6-4b91-8f86-cc665c012507,31770,15,29,1,3,1.0,0.75,75,151,75_151,7.96458224514286,2026-09-16 07:31:37.022926,3.4
47cbe8c2-30e2-4508-a7ab-c75a0c162dd7,27743,6,26,1,0,1.0,2.77,74,237,74_237,14.303811119467253,2026-09-16 07:31:37.022926,12.2
09d7f9fb-bf9a-4bc4-bfd9-1e654933477c,27224,18,24,1,5,2.0,1.1,75,238,75_238,6.935119211510531,2026-09-16 07:31:37.022926,6.35
3c827820-68ff-4875-972b-3a423e5b3187,9647,0,10,1,5,1.0,1.09,41,74,41_74,5.936854182300341,2026-09-16 07:31:37.022926,4.283333333333333
2d9f78ae-f661-4b15-8361-4087f2c94290,16255,17,15,1,3,2.0,1.61,97,66,97_66,14.2819425252358,2026-09-16 07:31:37.022926,13.25
db6f491d-c264-4ec5-9a61-3d03f597658b,10663,23,10,1,5,2.0,2.26,74,24,74_24,11.072328666234242,2026-09-16 07:31:37.022926,14.483333333333333
7f41317d-d633-4961-89e2-42c7eae808c8,7781,15,8,1,3,1.0,1.81,75,238,75_238,13.457402682664137,2026-09-16 07:31:37.022926,16.883333333333333
84e42422-e479-403b-a328-a4e0af61c821,12436,16,12,1,0,1.0,6.01,82,170,82_170,25.629061199794027,2026-09-16 07:31:37.022926,24.866666666666667
08900158-fe28-42f8-9028-94453be06ac7,33620,19,30,1,4,1.0,1.83,33,195,33_195,14.46451603887636,2026-09-16 07:31:37.022926,13.666666666666666
140e1bd5-0710-4bbc-82f9-d88de1b6d2f8,29513,20,27,1,1,1.0,1.84,75,141,75_141,12.49168002789983,2026-09-16 07:31:37.022926,11.983333333333333
b7e07d0c-a8c6-4b49-857f-2acbc305b1a8,4619,20,5,1,0,1.0,0.81,181,181,181_181,5.845288386789297,2026-09-16 07:31:37.022926,6.116666666666666
c8f7437c-87a0-421a-b4bc-5a086fe7499c,7095,21,7,1,2,1.0,1.6,95,135,95_135,8.089661722992673,2026-09-16 07:31:37.022926,8.783333333333333
cd469257-2d6a-46b7-97f6-6f24b5d9587f,14844,16,14,1,2,1.0,2.75,66,148,66_148,18.627008711107106,2026-09-16 07:31:37.022926,20.433333333333337
6bec999c-449c-4620-a8cc-dee148ed9f4a,24490,17,22,1,3,1.0,9.4,75,17,75_17,40.377019272664796,2026-09-16 07:31:37.022926,40.5
d1ee3d02-5c9e-479a-a939-a4007489de32,23771,8,22,1,3,1.0,2.53,74,238,74_238,17.803951120131003,2026-09-16 07:31:37.022926,12.283333333333331
75771745-c8dc-48a1-aecc-83433188fd0b,20454,16,19,1,0,1.0,2.39,166,74,166_74,16.442020242615172,2026-09-16 07:31:37.022926,16.25
013409cc-6da6-4499-9012-747fbca25ec7,2171,13,3,1,5,1.0,2.0,74,151,74_151,11.513408610566188,2026-09-16 07:31:37.022926,11.933333333333334
80373aec-fac9-45c1-9a42-bba831127249,1161,13,2,1,4,5.0,1.53,75,74,75_74,10.22468102337432,2026-09-16 07:31:37.022926,10.266666666666667
b3a0dcb2-c83b-4d0c-92c1-7328b6aa95ab,5514,16,6,1,1,5.0,2.37,95,197,95_197,16.565974648720523,2026-09-16 07:31:37.022926,22.166666666666668
f8269c8e-3b6d-47bf-80cf-5177c77a7fea,29815,8,28,1,2,1.0,3.6,41,162,41_162,33.89564495954967,2026-09-16 07:31:37.022926,32.333333333333336
088df537-afb9-4412-b981-167d8a87250a,32103,18,29,1,3,1.0,1.8,24,236,24_236,15.32578026246765,2026-09-16 07:31:37.022926,12.833333333333334
8afbf7b9-c80e-4a48-ab91-5a27bbf53248,30110,11,28,1,2,1.0,0.86,24,166,24_166,7.506313718765299,2026-09-16 07:31:37.022926,5.216666666666667
121cb470-4563-4680-b38b-dffd029974d1,16628,20,15,1,3,1.0,0.0,74,208,74_208,6.379849923825738,2026-09-16 07:31:37.022926,25.383333333333333
805b848a-4800-4337-badc-8b29deaf00a3,14873,16,14,1,2,1.0,1.88,75,239,75_239,12.26352055266214,2026-09-16 07:31:37.022926,12.133333333333333
626e26c0-86b9-46d5-b743-69fa698c0807,30024,10,28,1,2,1.0,8.31,75,88,75_88,39.71542395942152,2026-09-16 07:31:37.022926,36.25
dad48125-1ce1-496d-9f72-5ff99543d330,3484,20,4,1,6,1.0,2.16,134,28,134_28,9.591411671167412,2026-09-16 07:31:37.022926,9.333333333333334
d9927d8f-f58c-4280-9630-2e7e86a4e8d0,850,6,2,1,4,1.0,0.0,132,132,132_132,0.40066693994164837,2026-09-16 07:31:37.022926,0.9833333333333332
b2835816-ced7-4c5b-9a0d-03c118978ce8,26409,0,24,1,5,2.0,1.25,74,42,74_42,6.548263783082039,2026-09-16 07:31:37.022926,7.383333333333334
e55b8377-a9d9-48ed-968c-a4585b166766,15122,18,14,1,2,1.0,0.93,33,54,33_54,6.92769583713599,2026-09-16 07:31:37.022926,5.65
7e6f0c49-2d7f-496e-a524-9816a951bd04,1099,12,2,1,4,1.0,4.33,244,74,244_74,14.096965600988112,2026-09-16 07:31:37.022926,8.466666666666667
908c596a-0f52-4dbf-a7b7-93112a269d68,16241,17,15,1,3,1.0,3.84,82,138,82_138,11.931461140902492,2026-09-16 07:31:37.022926,13.5
449c1c2b-0d97-48e4-8e2e-9158636144cf,19283,12,18,1,6,1.0,2.45,74,262,74_262,13.284694072858604,2026-09-16 07:31:37.022926,16.016666666666666
be33dd38-682b-4b3c-974b-0674c20149f4,21107,8,20,1,1,1.0,4.1,74,141,74_141,21.983837833494743,2026-09-16 07:31:37.022926,22.216666666666665
cea0c0f3-9cba-4815-ac3a-0e9295da40d7,34182,13,31,1,5,1.0,2.88,74,262,74_262,16.935996887333417,2026-09-16 07:31:37.022926,15.2
ada01795-791a-471e-8abb-1ca0821f2ee8,29965,10,28,1,2,1.0,1.75,74,263,74_263,17.176140859839748,2026-09-16 07:31:37.022926,19.466666666666665
a1730a01-0a7a-43b6-befd-397fa94d8dff,20925,0,20,1,1,1.0,1.4,95,135,95_135,6.033568625735346,2026-09-16 07:31:37.022926,9.15
8cc76ad6-9a20-4aa2-b93f-c629dec6d64b,17465,15,16,1,4,1.0,2.16,74,236,74_236,16.50063720592178,2026-09-16 07:31:37.022926,18.716666666666665
60e635db-c513-4456-9e7f-d7d47acfc865,19157,8,18,1,6,2.0,1.83,74,166,74_166,9.465980291780392,2026-09-16 07:31:37.022926,10.866666666666667
1acff9c6-52e0-4a19-8e99-18e854e567a6,22615,9,21,1,2,1.0,1.35,74,75,74_75,11.140640467961864,2026-09-16 07:31:37.022926,15.083333333333334
59a54104-9af6-4cae-9dca-b40c61b5df59,6376,12,7,1,2,1.0,1.38,260,7,260_7,10.364423294107485,2026-09-16 07:31:37.022926,9.216666666666669
3f9bd2f6-7fd2-47d2-9444-8dc56e81f22d,27683,10,25,1,6,2.0,0.0,74,264,74_264,3.5095518236994665,2026-09-16 07:31:37.022926,0.05
7c93a4da-c09e-4693-a209-f40e8643d61b,24673,18,22,1,3,1.0,2.08,97,189,97_189,16.752722730138508,2026-09-16 07:31:37.022926,21.666666666666668
df07baae-8458-4c7b-816c-b30c1520825d,32522,5,30,1,4,1.0,3.1,166,194,166_194,12.99919218073588,2026-09-16 07:31:37.022926,11.2
4b28c729-e9fb-4d6c-bf75-35e94570c98e,5356,15,6,1,1,1.0,1.9,75,236,75_236,14.297363572447201,2026-09-16 07:31:37.022926,0.25
bb60203f-becd-450f-a3c4-efa1b2a79110,26109,19,23,1,4,1.0,6.8,74,138,74_138,17.426746119494673,2026-09-16 07:31:37.022926,12.4
201a49d0-7f58-4d47-971f-7bab07333757,29397,19,27,1,1,1.0,1.09,33,40,33_40,8.52790560993186,2026-09-16 07:31:37.022926,5.583333333333333
686ed95c-5e03-4e93-8ced-0cd557c5571d,28405,7,27,1,1,1.0,9.29,127,161,127_161,39.079972585907626,2026-09-16 07:31:37.022926,35.016666666666666
5584797a-ab5f-4046-b0b0-81d111f54c5d,33678,20,30,1,4,1.0,1.5,42,166,42_166,10.732064856933496,2026-09-16 07:31:37.022926,6.933333333333334
53a0ceaa-5b3a-415b-b656-3a8e620e2da3,14276,8,14,1,2,2.0,2.6,166,238,166_238,15.859436334628617,2026-09-16 07:31:37.022926,7.1
8116702d-668f-4780-aab7-67356dbf840b,14899,17,14,1,2,1.0,3.46,65,225,65_225,24.68092971939281,2026-09-16 07:31:37.022926,31.15
8c11f4b5-18e1-4efe-b0f5-2f47cfdf70b7,17915,20,16,1,4,1.0,1.6,97,62,97_62,13.47677847056607,2026-09-16 07:31:37.022926,24.816666666666663
8317cddb-6c5f-4dc9-9eba-7d7588f2d27b,11370,18,11,1,6,1.0,6.26,74,70,74_70,25.287752103035192,2026-09-16 07:31:37.022926,16.1
2bcfc712-fff1-443a-b8e9-211334afe6ce,33852,0,31,1,5,1.0,2.18,97,91,97_91,20.44044401169561,2026-09-16 07:31:37.022926,30.65
2efa56e0-3f18-43ec-8224-00c1de2880cb,23521,22,21,1,2,1.0,0.86,7,7,7_7,5.100346532460093,2026-09-16 07:31:37.022926,3.716666666666667
96de1b99-7d2a-4d41-9902-67e11e3dec07,2261,15,3,1,5,1.0,0.79,82,82,82_82,7.190386032121221,2026-09-16 07:31:37.022926,5.25
9442d0d1-7128-4683-b94f-fa04a5e8dba4,2549,19,3,1,5,1.0,1.51,130,130,130_130,8.736454596054458,2026-09-16 07:31:37.022926,9.783333333333331
3e88b575-0607-4f68-848b-598d48bc0c98,14043,21,13,1,1,1.0,1.65,75,238,75_238,8.829395772818032,2026-09-16 07:31:37.022926,8.3
4282ee53-51fc-45ce-87df-76d186d963e4,19729,20,18,1,6,2.0,6.61,130,82,130_82,20.66603398957449,2026-09-16 07:31:37.022926,24.566666666666663
e99e78f9-9a77-439d-aecd-ff478f2f9cdf,14278,8,14,1,2,2.0,3.8,61,39,61_39,26.68796366994131,2026-09-16 07:31:37.022926,27.8
17f4efa0-34ed-4551-9a96-abe05f8ba097,23268,18,21,1,2,1.0,1.79,43,141,43_141,12.108102354748342,2026-09-16 07:31:37.022926,21.716666666666665
efd97726-32b3-4e5d-b76c-f8cbe832f4ea,8436,6,9,1,4,2.0,4.26,41,140,41_140,16.53162641933893,2026-09-16 07:31:37.022926,20.35
0f47a6e0-5839-4c51-9563-69a72802cbc6,9665,0,10,1,5,1.0,4.52,130,191,130_191,17.51383806915424,2026-09-16 07:31:37.022926,20.35
ba2e9adc-3616-4258-91de-dfef0fcbecbe,19305,12,18,1,6,1.0,0.93,7,223,7_223,5.982342998999757,2026-09-16 07:31:37.022926,6.866666666666666
bb6c1e7f-836a-4043-94e6-d274991754a0,367,13,1,1,3,1.0,6.06,65,246,65_246,24.93116301430204,2026-09-16 07:31:37.022926,33.2
ecbd89a4-a390-4a7c-8c82-90d786d688bc,32668,8,30,1,4,1.0,17.47,65,132,65_132,40.57283541333016,2026-09-16 07:31:37.022926,41.233333333333334
aa86cc41-7f34-4742-a5c9-7f1368844c24,17935,20,16,1,4,2.0,1.19,75,263,75_263,7.953239480552459,2026-09-16 07:31:37.022926,8.466666666666667
912e14db-e763-42cf-aeae-e7ae280271a2,22891,13,21,1,2,2.0,3.43,41,142,41_142,20.96044429708279,2026-09-16 07:31:37.022926,23.333333333333332
b0730843-df6f-4f42-96b2-68a7ab4be92e,5874,21,6,1,1,1.0,2.67,74,238,74_238,13.704002949986625,2026-09-16 07:31:37.022926,13.583333333333334
303a4118-810d-4ca1-bf69-ab480206ec93,7973,17,8,1,3,2.0,1.51,82,82,82_82,12.762073877800818,2026-09-16 07:31:37.022926,11.416666666666666
2c414af8-b600-490d-a122-55763410cda8,9109,16,9,1,4,2.0,1.5,74,75,74_75,11.224232879436164,2026-09-16 07:31:37.022926,10.283333333333331
ed667d4c-7814-450b-91c6-9272fd28830c,34779,22,31,1,5,1.0,3.44,130,205,130_205,18.416897616571895,2026-09-16 07:31:37.022926,16.233333333333334
f7cd5710-5641-4bd4-aa5a-7064df24c72c,14353,9,14,1,2,1.0,1.31,25,52,25_52,10.256213870970823,2026-09-16 07:31:37.022926,10.8
359c98cb-d3c8-49e6-8c72-83b150d23d96,9406,19,9,1,4,1.0,2.2,75,42,75_42,11.97163157136037,2026-09-16 07:31:37.022926,9.783333333333331
d91af1cf-eda7-41d1-aaab-2eef93377544,25563,14,23,1,4,1.0,1.91,75,74,75_74,14.661228451775687,2026-09-16 07:31:37.022926,16.4
af285b9d-a91d-4554-b80b-145e8f57197c,13087,9,13,1,1,1.0,1.33,152,42,152_42,8.974219395025678,2026-09-16 07:31:37.022926,7.233333333333333
6679ff9b-fdbb-460d-a202-e69be0af72e9,24745,19,22,1,3,1.0,14.96,75,26,75_26,43.55217629767287,2026-09-16 07:31:37.022926,47.21666666666667
1f46db28-04e9-46eb-9089-dd38f3617dab,17222,12,16,1,4,1.0,0.92,43,236,43_236,7.039245449914921,2026-09-16 07:31:37.022926,8.05
dc708583-ea81-4dec-a3a4-5f5eec7bd751,24684,18,22,1,3,1.0,2.32,43,75,43_75,15.806346388698781,2026-09-16 07:31:37.022926,11.033333333333331
7d3badca-e860-47a5-a6c7-be16f79b714b,15052,18,14,1,2,1.0,2.23,130,10,130_10,14.32702508523809,2026-09-16 07:31:37.022926,14.416666666666666
09131147-2a58-4735-852e-d67f14d889d8,15369,22,14,1,2,2.0,12.6,66,48,66_48,39.98999622296436,2026-09-16 07:31:37.022926,50.9
081f794e-51a1-4187-8cc5-610187c079a6,26735,12,24,1,5,2.0,1.81,74,168,74_168,11.195568421452327,2026-09-16 07:31:37.022926,12.45
794281ca-9254-40f0-ba14-5636a6093131,12211,13,12,1,0,1.0,0.0,75,75,75_75,4.168761236030966,2026-09-16 07:31:37.022926,0.25
ab440511-7171-4b41-81c5-2f4ce9fb9db9,34175,13,31,1,5,1.0,3.2,42,239,42_239,18.25615516063382,2026-09-16 07:31:37.022926,24.666666666666668
e8a7c99c-9ec4-4fc3-8cea-9da1fa4b28c0,31711,15,29,1,3,2.0,0.33,74,74,74_74,4.92094862714338,2026-09-16 07:31:37.022926,4.616666666666666
9a6494d3-1497-42c9-8700-577b4507485c,3886,10,5,1,0,2.0,2.23,74,236,74_236,14.937696506042537,2026-09-16 07:31:37.022926,11.783333333333331
637189c0-f70f-402d-a322-3ab527fedc84,12818,21,12,1,0,1.0,0.82,134,134,134_134,5.378617699819136,2026-09-16 07:31:37.022926,5.683333333333334
a75f21be-929f-498d-8d62-51874b2fb55b,22292,1,21,1,2,1.0,3.4,95,82,95_82,16.12883412112102,2026-09-16 07:31:37.022926,18.383333333333333
71a7cdb4-bb9b-40a0-a92d-18154c21b7bc,1565,18,2,1,4,1.0,1.79,95,28,95_28,9.493059232642567,2026-09-16 07:31:37.022926,7.833333333333333
5125b191-15b0-43bb-83f9-01a9e52a5e96,790,0,2,1,4,1.0,0.68,83,129,83_129,4.674396448866636,2026-09-16 07:31:37.022926,5.783333333333333
42f6e6bd-ffb8-46d6-b230-549a0b3da7cd,8818,12,9,1,4,1.0,4.87,74,239,74_239,22.531183701913108,2026-09-16 07:31:37.022926,27.45
24b613a3-f8a5-42e3-802a-ea2baf8fbf22,7248,7,8,1,3,1.0,5.04,74,162,74_162,18.536681959702275,2026-09-16 07:31:37.022926,41.9
d19bef2c-3ea5-425a-8111-e429e20e5960,10943,10,11,1,6,1.0,3.49,74,239,74_239,16.389631907245636,2026-09-16 07:31:37.022926,16.916666666666668
ead94d50-b39d-4eab-ab65-264aec9b3665,16126,15,15,1,3,1.0,1.56,75,166,75_166,12.160624653536434,2026-09-16 07:31:37.022926,13.566666666666666
9bccb135-8f6e-4d1e-a0c5-b3f5133baa88,34236,13,31,1,5,1.0,1.16,134,134,134_134,9.449478545334422,2026-09-16 07:31:37.022926,6.983333333333333
770e6031-8c9e-4d64-af91-2c7b545e2126,25752,16,23,1,4,1.0,5.2,82,28,82_28,25.947114958200224,2026-09-16 07:31:37.022926,28.033333333333335
a949517c-b4a0-41b8-8342-b7c67372838b,14355,9,14,1,2,1.0,1.29,75,42,75_42,8.283161110186866,2026-09-16 07:31:37.022926,4.466666666666667
a988ba75-cafb-437c-9491-a8b9688e6a73,27801,8,26,1,0,1.0,1.17,74,75,74_75,8.32663274000698,2026-09-16 07:31:37.022926,6.683333333333334
e29ce568-eead-41df-baa7-ea1349b0e19f,26596,8,24,1,5,1.0,6.74,243,143,243_143,14.219138254273865,2026-09-16 07:31:37.022926,11.783333333333331
62368e4a-2df0-4462-ab64-662ff2684e77,6294,11,7,1,2,2.0,1.3,43,236,43_236,10.230394147013886,2026-09-16 07:31:37.022926,12.65
4a6a8a8a-57ac-4f87-a24e-b9eacc4f38be,26008,17,23,1,4,1.0,4.39,82,198,82_198,26.933343101321626,2026-09-16 07:31:37.022926,21.816666666666663
5523e882-afbd-4773-9c80-5c7434b2d3d2,11630,1,12,1,0,1.0,0.61,74,41,74_41,4.276652117628608,2026-09-16 07:31:37.022926,3.533333333333333
a4de46a9-e215-448f-8ea9-2aff515d6084,10249,16,10,1,5,1.0,0.44,82,129,82_129,5.106128199180211,2026-09-16 07:31:37.022926,4.933333333333334
39eb2afc-58e0-4e09-be2f-b7c36a398388,9245,17,9,1,4,1.0,2.41,24,42,24_42,16.6976711926556,2026-09-16 07:31:37.022926,15.366666666666667
7ce36d33-84fc-4050-8290-c421c3080444,24033,11,22,1,3,1.0,0.95,168,41,168_41,7.201999765793409,2026-09-16 07:31:37.022926,8.316666666666666
ceeaca74-8a0e-4ba4-80f3-c0876642c932,20218,13,19,1,0,1.0,1.09,74,74,74_74,7.495245550851788,2026-09-16 07:31:37.022926,9.5
1da6f9bd-1c54-4a8a-85bb-8cb472b41c53,20307,14,19,1,0,2.0,2.37,74,236,74_236,14.456242753683169,2026-09-16 07:31:37.022926,15.033333333333331
944eaade-65a6-43a5-918f-8f35d656502e,31551,13,29,1,3,1.0,2.8,74,237,74_237,30.69154307110524,2026-09-16 07:31:37.022926,32.15
791562e2-581f-4ecd-aed8-9bfea9a91e97,20008,10,19,1,0,1.0,2.0,74,236,74_236,11.114628320163588,2026-09-16 07:31:37.022926,7.55
28eb492d-bc0e-449c-859a-1aa9fce73900,33480,17,30,1,4,1.0,1.86,260,7,260_7,17.5443141186555,2026-09-16 07:31:37.022926,17.566666666666666
dc611fcb-1d0a-42b9-bb22-fc906d15da8a,28601,10,27,1,1,1.0,3.5,196,93,196_93,27.589698825907625,2026-09-16 07:31:37.022926,10.15
984d4bbe-7f05-4782-9c98-17a00dced3ec,30905,19,28,1,2,1.0,3.28,130,218,130_218,20.673799125535172,2026-09-16 07:31:37.022926,22.783333333333335
1fe143a0-0b45-4806-a85c-78dd02ee8cbb,33952,7,31,1,5,1.0,3.4,74,140,74_140,18.726319538783105,2026-09-16 07:31:37.022926,20.683333333333337
a6874b90-57aa-48d2-a157-01afe428e52a,12433,15,12,1,0,1.0,2.92,43,152,43_152,18.512258796304643,2026-09-16 07:31:37.022926,15.95
538a6b2d-0f2a-4cbd-adde-7999ef176bf9,30907,19,28,1,2,1.0,1.62,223,223,223_223,11.827752604505797,2026-09-16 07:31:37.022926,10.783333333333331
fcbddb9e-17fa-4a18-9610-0cc73b58de42,23458,20,21,1,2,1.0,11.99,130,80,130_80,30.847742835301293,2026-09-16 07:31:37.022926,30.0
f693b304-57df-4dee-b32e-77f8fee66146,24308,15,22,1,3,1.0,1.0,75,238,75_238,7.675995672966354,2026-09-16 07:31:37.022926,6.833333333333333
31d36cc9-143b-41e3-b354-a34f1cf5a711,27107,15,24,1,5,1.0,1.24,41,42,41_42,7.759748744241615,2026-09-16 07:31:37.022926,8.6
38094658-2def-4d8a-a947-db5efdeb4be2,16409,18,15,1,3,2.0,0.8,25,33,25_33,7.365842614501335,2026-09-16 07:31:37.022926,8.4
b4efaa62-5e4d-455a-bbd8-d2abf9bbb550,17231,13,16,1,4,4.0,3.96,24,140,24_140,22.208076450132737,2026-09-16 07:31:37.022926,21.266666666666666
263ec4c4-db79-4090-a03c-c6da091c3e29,16028,14,15,1,3,1.0,1.22,43,238,43_238,8.355334517281733,2026-09-16 07:31:37.022926,7.416666666666667
a4f68f76-4b13-4dec-bbf1-400e0e8d90cd,27518,23,24,1,5,1.0,3.89,74,243,74_243,15.042678569047009,2026-09-16 07:31:37.022926,14.683333333333334
adb7339f-0ee0-4084-8a2a-c81eddf75486,27636,3,25,1,6,1.0,1.63,34,256,34_256,8.97974627483614,2026-09-16 07:31:37.022926,9.916666666666666
a46b1741-a593-4672-96b4-f3efcae7bb5e,33054,13,30,1,4,1.0,4.35,42,140,42_140,41.71276163612704,2026-09-16 07:31:37.022926,30.75
30215c12-e4ed-446b-a048-c8f40d74abf8,13814,18,13,1,1,1.0,3.02,74,43,74_43,18.99677446761764,2026-09-16 07:31:37.022926,20.266666666666666
7514d8f4-7717-4e5f-9dc7-756ad0433a62,34068,11,31,1,5,1.0,3.5,74,239,74_239,18.4883335763194,2026-09-16 07:31:37.022926,21.85
d2905d5a-62ec-4c3d-900e-47c3793ce0db,19272,11,18,1,6,1.0,13.46,134,246,134_246,38.69232560711566,2026-09-16 07:31:37.022926,40.71666666666667
e41368c7-127d-4c99-b45b-f4b82e719d7e,890,8,2,1,4,1.0,8.94,130,53,130_53,24.658398754657096,2026-09-16 07:31:37.022926,19.9
21f40cac-e876-458e-aa71-05b4e74f6ef3,17354,14,16,1,4,2.0,1.52,74,236,74_236,12.253855061811159,2026-09-16 07:31:37.022926,11.0
a08168b8-867f-4566-a8f8-2869b36290b7,30231,14,28,1,2,1.0,1.98,75,237,75_237,26.755234388232505,2026-09-16 07:31:37.022926,26.9
cfd97a45-726b-4708-9638-264aa6e960ee,3856,10,5,1,0,1.0,2.36,43,162,43_162,19.245191027558683,2026-09-16 07:31:37.022926,15.083333333333334
2708fd55-079f-439d-83a1-e4148d1ffa19,1858,2,3,1,5,1.0,1.02,95,95,95_95,5.434942230146078,2026-09-16 07:31:37.022926,5.8
6c39c437-f884-4401-b4d8-feebf9d494ba,5706,19,6,1,1,2.0,1.24,65,49,65_49,11.266933274906188,2026-09-16 07:31:37.022926,9.766666666666667
cdfcc66c-1b9e-46af-9815-89c879fe548b,34059,11,31,1,5,2.0,14.4,83,132,83_132,34.86000824292341,2026-09-16 07:31:37.022926,21.183333333333337
686d1991-4c91-4926-8a42-a30772805761,29259,18,27,1,1,1.0,1.7,43,239,43_239,12.163128467139575,2026-09-16 07:31:37.022926,10.133333333333333
af56e004-4958-467b-bfbf-9eea89201c6d,9792,9,10,1,5,1.0,1.38,74,75,74_75,7.751328468948727,2026-09-16 07:31:37.022926,6.716666666666667
5ac18dab-0031-4b86-b83d-0db93ccbf79c,20921,0,20,1,1,1.0,2.41,74,238,74_238,13.022700722130091,2026-09-16 07:31:37.022926,10.283333333333331
7b534509-19ea-4c92-810f-020100b3e2f9,815,2,2,1,4,1.0,8.08,129,135,129_135,15.214527939450697,2026-09-16 07:31:37.022926,14.333333333333334
88a68c27-60cb-4768-b56a-35776ea6a471,23147,17,21,1,2,1.0,1.49,130,130,130_130,11.030297352946608,2026-09-16 07:31:37.022926,12.133333333333333
223f0b56-4d47-47a4-ad03-5778e7842f32,6418,13,7,1,2,1.0,1.32,43,151,43_151,8.826197392747812,2026-09-16 07:31:37.022926,9.466666666666669
6985fef4-0d07-46da-abda-dbcaf1ad3faf,26126,18,23,1,4,1.0,1.96,130,135,130_135,13.639454321822008,2026-09-16 07:31:37.022926,17.8
c55735cb-4d74-4361-9651-fe59147542b0,25423,12,23,1,4,1.0,3.22,166,263,166_263,21.219807465192236,2026-09-16 07:31:37.022926,22.6
d1f8a93e-10bf-4104-84bb-da273996a292,29028,15,27,1,1,1.0,3.44,92,252,92_252,20.82464986481858,2026-09-16 07:31:37.022926,17.366666666666667
18ffe2b9-b5ca-4cd8-80c1-91956b82fc71,30060,11,28,1,2,2.0,2.56,97,225,97_225,27.118825884494207,2026-09-16 07:31:37.022926,19.783333333333335
ec9e5719-cf6c-43c9-a0c3-6cef366cd768,9783,9,10,1,5,1.0,4.08,74,7,74_7,16.78806875164682,2026-09-16 07:31:37.022926,13.766666666666667
8a1d6c8a-d654-4107-ae79-936f8911bce0,24351,15,23,1,4,1.0,0.73,244,244,244_244,6.82641018744122,2026-09-16 07:31:37.022926,4.166666666666667
081e39f2-2294-419c-8f19-9cb7bb6c6563,21639,15,20,1,1,1.0,3.72,43,230,43_230,28.092590950671298,2026-09-16 07:31:37.022926,28.583333333333332
116ed39d-0fd3-4255-baea-86809b236243,15999,13,15,1,3,1.0,1.06,95,95,95_95,8.161147567412927,2026-09-16 07:31:37.022926,6.433333333333334
37c58af8-294a-4903-af8e-ca0e810dd47d,7670,14,8,1,3,4.0,2.11,166,239,166_239,14.024489395063293,2026-09-16 07:31:37.022926,12.533333333333331
71f7b725-4ef9-4d54-818e-a66b7ce7fe99,1107,12,2,1,4,1.0,0.0,92,92,92_92,2.499063706554329,2026-09-16 07:31:37.022926,0.2833333333333333
e0b4a982-e0ff-423e-b31f-692fcaebba77,3766,9,5,1,0,1.0,1.86,74,236,74_236,13.014965036288567,2026-09-16 07:31:37.022926,10.833333333333334
7dacac1b-e069-44ad-a1ea-c82e9d39453c,17032,9,16,1,4,1.0,0.62,74,41,74_41,5.385441079405904,2026-09-16 07:31:37.022926,6.1
8991b328-57b7-4d5c-bd5a-21bfdfa461d0,15662,9,15,1,3,1.0,1.66,74,75,74_75,13.966577971423057,2026-09-16 07:31:37.022926,11.8
3a7a5183-e684-40d1-8337-faba6c112ff2,322,11,1,1,3,1.0,8.6,7,97,7_97,30.712706773994256,2026-09-16 07:31:37.022926,18.366666666666667
a4d7b354-6c5e-4ed6-87e2-2f0599135160,10659,23,10,1,5,1.0,3.25,97,261,97_261,15.420318578716266,2026-09-16 07:31:37.022926,14.416666666666666
289ee90d-cf9d-4373-82db-e2b405a52202,9478,20,9,1,4,1.0,2.72,82,7,82_7,14.770359920959883,2026-09-16 07:31:37.022926,13.95
c0e3a04c-ed20-468e-a65f-97296325e3be,3045,13,4,1,6,1.0,2.08,41,116,41_116,11.77666033056489,2026-09-16 07:31:37.022926,11.7
03d06d85-1eff-48e2-b382-b28cbd3746f2,15380,23,14,1,2,1.0,0.9,41,42,41_42,4.647926560146633,2026-09-16 07:31:37.022926,6.166666666666667
7fe9c6ba-0c72-4840-a0c7-9be5acd53150,28604,10,27,1,1,1.0,1.3,74,75,74_75,15.288818830802645,2026-09-16 07:31:37.022926,7.466666666666667
86b9b535-17c1-4a92-9b6d-15437940fa8b,7226,6,8,1,3,1.0,1.49,74,75,74_75,9.773186393303876,2026-09-16 07:31:37.022926,7.316666666666666
7c433c85-a986-455c-88a7-b8b0b265b26a,25873,17,23,1,4,1.0,3.31,74,239,74_239,22.619734847279958,2026-09-16 07:31:37.022926,21.15
217f0d44-a050-4287-b63f-e71449ead2b8,33878,1,31,1,5,1.0,1.65,157,80,157_80,8.258540347752335,2026-09-16 07:31:37.022926,6.516666666666667
0d9f9682-a78b-4f54-aa2d-b22b269a0346,19595,17,18,1,6,1.0,3.83,82,138,82_138,11.414883781189584,2026-09-16 07:31:37.022926,9.616666666666667
fee81d6c-cbea-4c8d-99e9-12bc0a6c921f,19391,14,18,1,6,2.0,3.39,24,237,24_237,18.62959504322149,2026-09-16 07:31:37.022926,18.5
c51f0223-66fc-4511-94ed-e7133d1a5efe,8493,7,9,1,4,1.0,1.3,74,43,74_43,10.1836925754564,2026-09-16 07:31:37.022926,13.0
8216a7a9-9f82-4fe4-84d3-488e54482701,3137,15,4,1,6,1.0,1.85,65,106,65_106,13.426912635261882,2026-09-16 07:31:37.022926,15.216666666666669
e4e89213-940d-4927-84fa-c31e69566cba,5099,11,6,1,1,1.0,9.3,75,256,75_256,32.776903851685596,2026-09-16 07:31:37.022926,38.46666666666667
59002480-41aa-4241-b2ca-ba9e7748bf27,20129,11,19,1,0,1.0,1.16,74,75,74_75,7.34485092927959,2026-09-16 07:31:37.022926,4.733333333333333
2c24d1c4-9465-469e-aef4-404da72b2a9b,34543,18,31,1,5,1.0,3.25,130,205,130_205,19.236779976285366,2026-09-16 07:31:37.022926,20.366666666666667
2a39e547-840a-40fe-be72-361ad5fe8102,14160,7,14,1,2,5.0,0.75,166,238,166_238,4.254371129820532,2026-09-16 07:31:37.022926,6.566666666666666
1f649b5d-5a9d-43eb-b3e3-5356be90122c,8997,15,9,1,4,1.0,1.38,75,74,75_74,8.587072130188503,2026-09-16 07:31:37.022926,7.833333333333333
f45bf843-841f-4b2d-9b57-0850a7a12ef5,31491,12,29,1,3,1.0,1.81,74,152,74_152,17.268567377858467,2026-09-16 07:31:37.022926,14.583333333333334
383a8424-6607-4ed4-9bd6-31196988d7c9,13067,8,13,1,1,1.0,3.7,24,50,24_50,18.62415464809448,2026-09-16 07:31:37.022926,14.483333333333333
4eb9a6c5-6427-4954-87b4-2c4d8e174314,33882,1,31,1,5,1.0,1.15,7,146,7_146,7.261765602946286,2026-09-16 07:31:37.022926,10.183333333333334
0f1d13e8-17ab-42cd-9830-1073b7567b33,6174,8,7,1,2,1.0,2.78,74,237,74_237,19.88259419134181,2026-09-16 07:31:37.022926,21.75
f243e663-13b7-4de5-aaa9-71b77fed6751,30556,17,28,1,2,1.0,4.12,82,138,82_138,15.757695316641732,2026-09-16 07:31:37.022926,18.566666666666663
b169bb93-4b0d-4fca-9d87-f260aef76ef5,32065,18,29,1,3,1.0,1.69,75,239,75_239,13.745343699992262,2026-09-16 07:31:37.022926,15.683333333333334
f8242aae-c8ef-446c-944a-3596966052b1,14168,7,14,1,2,1.0,4.56,166,140,166_140,28.408825878991934,2026-09-16 07:31:37.022926,28.766666666666666
c2a156f2-6ecc-435d-9887-6713a64900d0,33254,17,30,1,4,1.0,0.4,75,236,75_236,6.1666373847908,2026-09-16 07:31:37.022926,3.183333333333333
78704014-fa91-4646-b93c-de11b2fbbafc,20632,18,19,1,0,1.0,0.57,82,82,82_82,8.400593573072383,2026-09-16 07:31:37.022926,4.483333333333333
b630ee33-6288-49a2-9e45-058cff3d8d35,22833,12,21,1,2,1.0,0.67,95,95,95_95,5.404501868005377,2026-09-16 07:31:37.022926,5.533333333333333
b1ab157c-d89c-4f0e-8f18-070d21809939,3697,8,5,1,0,1.0,1.07,41,74,41_74,7.727502099215996,2026-09-16 07:31:37.022926,8.066666666666666
4bd149e0-0764-4c37-a4c5-9d6045536331,5365,15,6,1,1,1.0,2.61,95,82,95_82,18.957753324888124,2026-09-16 07:31:37.022926,16.366666666666667
767b9482-4d5b-4d4d-9a4c-5fd597e84b3b,6325,11,7,1,2,1.0,1.72,166,238,166_238,11.734566898427973,2026-09-16 07:31:37.022926,8.1
fefc8fe0-c73a-451c-9e9a-749d32785f0d,6655,16,7,1,2,1.0,0.8,223,223,223_223,6.064179587406687,2026-09-16 07:31:37.022926,5.883333333333334
c8a41790-3964-4629-9a91-7a8f9beac377,23291,18,21,1,2,1.0,3.31,130,216,130_216,20.736191334464646,2026-09-16 07:31:37.022926,20.35
c0b204d0-4788-47bd-9239-1e9b5c4b1e85,20676,18,19,1,0,1.0,2.41,74,151,74_151,14.274087538352433,2026-09-16 07:31:37.022926,16.3
3c2543f5-65da-44ff-89fa-841a8e6fed36,34156,12,31,1,5,1.0,6.76,74,138,74_138,12.042641539790072,2026-09-16 07:31:37.022926,12.033333333333331
2fbaed02-81a3-45f9-a36c-d66566c15dd6,25296,10,23,1,4,1.0,2.36,41,239,41_239,13.72614009039456,2026-09-16 07:31:37.022926,11.833333333333334
7da4f566-44e2-4715-a0ba-0f11432676c9,11090,14,11,1,6,1.0,1.23,166,24,166_24,7.774784126647773,2026-09-16 07:31:37.022926,8.133333333333333
81aafcff-0647-4ec6-9804-fd57bd94407d,21206,9,20,1,1,1.0,1.62,74,166,74_166,12.483243833068846,2026-09-16 07:31:37.022926,11.316666666666666
7a3e567f-8464-4d12-b03e-ef3d3eba7028,2967,11,4,1,6,1.0,1.86,74,263,74_263,10.077463569431078,2026-09-16 07:31:37.022926,8.816666666666666
8f5d1cb1-6c13-402f-b57f-31a730706ed2,18738,18,17,1,5,1.0,1.94,74,236,74_236,10.537305442795635,2026-09-16 07:31:37.022926,7.783333333333333
bacbe884-2728-46e0-9179-8f640aae5f50,30466,16,28,1,2,1.0,5.56,244,75,244_75,29.83185073338432,2026-09-16 07:31:37.022926,29.483333333333334
a2b2946c-f9ba-4a6e-bc9a-5913cedac9e8,388,12,1,1,3,2.0,1.67,75,74,75_74,7.640822759664035,2026-09-16 07:31:37.022926,6.133333333333334
fd0a29fd-114f-496b-a973-dd1f38653b59,7930,17,8,1,3,1.0,0.99,43,238,43_238,6.474478074886508,2026-09-16 07:31:37.022926,5.933333333333334
2642b6c4-9dcf-4885-8a70-cff83f264743,15154,19,14,1,2,1.0,3.5,74,239,74_239,18.057709587404034,2026-09-16 07:31:37.022926,16.816666666666666
3162ad86-38ea-4d1b-b327-9a0cd04b3f86,18439,13,17,1,5,1.0,5.31,134,198,134_198,22.958340581906466,2026-09-16 07:31:37.022926,27.533333333333335
d2bdb094-e414-4c48-ba58-e66e6b84b3ae,34696,20,31,1,5,1.0,1.5,65,97,65_97,13.02819965573289,2026-09-16 07:31:37.022926,12.216666666666669
669528d5-363d-466a-9585-d0dc62bbca52,23109,16,21,1,2,1.0,1.67,75,239,75_239,10.417867698026612,2026-09-16 07:31:37.022926,12.966666666666669
b248ea3e-157a-4efa-9151-bcf2df14bca4,4947,9,6,1,1,1.0,2.52,74,236,74_236,18.131787750902937,2026-09-16 07:31:37.022926,12.966666666666669
516bbc61-83dd-4b04-9dea-95cf4368405f,15888,12,15,1,3,1.0,3.2,55,123,55_123,20.156900467850207,2026-09-16 07:31:37.022926,16.65
f2968fe5-9204-4c81-b445-bd412cf08791,32084,18,29,1,3,1.0,3.79,82,138,82_138,15.500552341441058,2026-09-16 07:31:37.022926,14.266666666666667
acf7e194-7049-4453-a059-7b5d9fdc2394,34544,18,31,1,5,1.0,2.29,74,151,74_151,16.823267601043884,2026-09-16 07:31:37.022926,18.25
e2d9e6aa-c0bb-48c4-8e90-1b70cd89893f,28328,0,27,1,1,1.0,1.04,95,95,95_95,7.855877543529635,2026-09-16 07:31:37.022926,7.25
412dfd3a-7239-4040-a5dc-e649d5ad003f,13033,8,13,1,1,1.0,4.73,166,243,166_243,21.80386967020834,2026-09-16 07:31:37.022926,17.6
d05acf24-38a8-451f-9000-be03aab25eef,3523,21,4,1,6,5.0,0.53,7,7,7_7,4.0109811692010595,2026-09-16 07:31:37.022926,4.883333333333334
e0ab4f99-1777-47f3-81f8-18f7d08ca1c0,18372,12,17,1,5,2.0,5.3,75,223,75_223,20.893728103507225,2026-09-16 07:31:37.022926,19.466666666666665
e86dc2dc-7f35-4a77-8cbd-f58e66cda9fc,6556,15,7,1,2,1.0,3.46,244,151,244_151,19.33824163489406,2026-09-16 07:31:37.022926,18.533333333333335
d8d7458b-0a7d-4402-b0fb-0d29f3e5a01d,12379,16,12,1,0,1.0,1.64,130,130,130_130,11.631871925924392,2026-09-16 07:31:37.022926,9.666666666666666
b7d937ba-ca61-4378-a61a-d9b1a37208d9,13534,15,13,1,1,2.0,1.25,74,75,74_75,10.078545762614711,2026-09-16 07:31:37.022926,7.183333333333334
b4d52452-45e4-4ae6-b751-be57d4d54a7b,33523,18,30,1,4,1.0,0.7,74,264,74_264,10.930517864342203,2026-09-16 07:31:37.022926,11.333333333333334
0555d3bd-de40-4520-bc5e-c6855b9610ae,10188,15,10,1,5,1.0,1.27,82,95,82_95,8.901391894247805,2026-09-16 07:31:37.022926,9.9
451ecc59-abc2-4cfc-aca4-dc2307e19c1f,20541,17,19,1,0,1.0,1.31,74,41,74_41,8.895505236761275,2026-09-16 07:31:37.022926,9.966666666666669
9b3463e6-0c11-450d-8a55-0018c2507b87,6628,15,7,1,2,5.0,1.38,75,74,75_74,8.391201197181319,2026-09-16 07:31:37.022926,8.05
3804bf6f-80c9-4653-b1e8-cf8e66c0ccbc,23837,9,22,1,3,1.0,5.34,74,223,74_223,21.852645299406472,2026-09-16 07:31:37.022926,14.25
31aaab92-cb0a-48ba-8ac1-c4e4c04ab559,4055,13,5,1,0,1.0,1.66,74,42,74_42,10.566603016631575,2026-09-16 07:31:37.022926,9.8
20b8861d-57f7-4320-b944-4ce97eba03b7,2584,20,3,1,5,1.0,1.46,92,171,92_171,8.255446442565608,2026-09-16 07:31:37.022926,11.5
76efff36-ce78-436a-b00f-d67d84048f9c,31568,13,29,1,3,1.0,5.89,43,68,43_68,32.39350035598631,2026-09-16 07:31:37.022926,29.716666666666665
0466b2c0-eb2f-42f8-ba21-3ecbc793d1f7,4313,16,5,1,0,1.0,1.44,75,236,75_236,9.891738491477808,2026-09-16 07:31:37.022926,10.55
dbf83a5a-df39-4f3b-a228-6bf9516b8ae5,999,10,2,1,4,1.0,1.6,65,49,65_49,10.106049162823457,2026-09-16 07:31:37.022926,10.35
1cc191f8-d891-4bd4-b45b-a126025b1be6,18745,18,17,1,5,1.0,1.27,82,82,82_82,9.947283791032905,2026-09-16 07:31:37.022926,11.0
9183be15-f8d6-460b-b764-20b18b98caaa,32123,18,29,1,3,1.0,1.1,43,238,43_238,8.758251146117479,2026-09-16 07:31:37.022926,15.883333333333333
997ddac1-467f-4e3c-b9c5-6a111d6eae16,25119,8,23,1,4,1.0,1.2,74,75,74_75,10.642482748695475,2026-09-16 07:31:37.022926,9.8
6d8ef253-ba2a-406f-8029-d9ff99387829,21059,8,20,1,1,1.0,1.05,74,42,74_42,7.838453515643252,2026-09-16 07:31:37.022926,8.85
210dc101-ec87-42ad-8099-ca28b1a1fe3d,2206,14,3,1,5,1.0,2.9,74,238,74_238,15.300514976702132,2026-09-16 07:31:37.022926,14.75
16f6d8d7-1ccf-4a54-aaa6-3cda986fca6d,23414,20,21,1,2,1.0,3.0,43,48,43_48,15.254255944769138,2026-09-16 07:31:37.022926,16.1
76b619ae-8b94-46b4-b4ef-5c839a60c305,31986,17,29,1,3,1.0,4.53,55,29,55_29,29.501363590902702,2026-09-16 07:31:37.022926,39.266666666666666
d1deefb2-2de0-4003-9ea9-69c78117535a,32607,7,30,1,4,1.0,1.26,74,75,74_75,18.177026115058,2026-09-16 07:31:37.022926,22.55
559dbf1e-f8c1-44dd-abe9-ee31de80dbc3,11513,20,11,1,6,1.0,1.85,74,152,74_152,10.815851702486588,2026-09-16 07:31:37.022926,12.533333333333331
35c82f30-4a6d-4e46-9c9d-5f393b0f5f9a,30124,12,28,1,2,1.0,3.1,75,152,75_152,29.0061414564608,2026-09-16 07:31:37.022926,28.983333333333334
d99bbdf3-bd57-40c2-a159-7bc86f978c35,32131,18,29,1,3,1.0,1.13,65,97,65_97,11.847642353785538,2026-09-16 07:31:37.022926,11.733333333333333
3f5e5811-c75e-48f4-a443-c3accf98ba12,27718,20,25,1,6,1.0,0.24,7,7,7_7,3.6079871873199463,2026-09-16 07:31:37.022926,0.0833333333333333
d93acb2d-d36b-46cb-b477-70d639ec8911,14626,13,14,1,2,1.0,0.76,74,75,74_75,6.483755647521837,2026-09-16 07:31:37.022926,4.133333333333334
850b5b56-2626-4259-abe3-03401019534a,9393,19,9,1,4,1.0,1.32,75,74,75_74,5.9569187124159395,2026-09-16 07:31:37.022926,5.916666666666667
4b81562c-8d97-4ff8-8eb7-d87bba578850,23282,18,21,1,2,1.0,1.6,95,134,95_134,11.557751082050283,2026-09-16 07:31:37.022926,10.533333333333331
52a19d53-62b6-4a96-bc0f-271748b54473,9846,10,10,1,5,1.0,3.14,7,237,7_237,16.30929467010459,2026-09-16 07:31:37.022926,13.333333333333334
5e1cdcc1-1d82-413d-8bba-1de68224c491,18583,15,17,1,5,1.0,1.97,74,236,74_236,10.879337904794262,2026-09-16 07:31:37.022926,8.333333333333334
56e0560c-f3f0-4955-8568-f10e00be634a,26737,12,24,1,5,1.0,8.31,65,181,65_181,27.903694372618276,2026-09-16 07:31:37.022926,1.6666666666666667
15d371fd-63e6-44e3-b984-ccb763b0d7d3,7885,16,9,1,4,1.0,0.66,74,75,74_75,5.047345861833223,2026-09-16 07:31:37.022926,4.066666666666666
4902712d-0c5f-4fc5-bd42-367b620989c3,31759,15,29,1,3,1.0,1.29,74,75,74_75,14.029796402823449,2026-09-16 07:31:37.022926,10.7
2124f155-d4f3-4c80-8d3c-30ac28a5c412,4566,19,5,1,0,1.0,1.05,95,134,95_134,7.1337502723557815,2026-09-16 07:31:37.022926,4.633333333333334
355a2b37-cb9f-47c0-b9d8-3bae4c17aafb,4421,17,5,1,0,1.0,4.9,74,126,74_126,24.48886908197791,2026-09-16 07:31:37.022926,23.65
19d8875b-4454-47b3-96df-a2b1e6bf9420,31092,6,29,1,3,1.0,5.99,193,65,193_65,23.812907733112574,2026-09-16 07:31:37.022926,25.166666666666668
b4bb4805-6118-4044-b40d-8dcadeec8f74,34163,12,31,1,5,1.0,2.37,74,238,74_238,15.046825836060309,2026-09-16 07:31:37.022926,11.7
0afe57dc-d41b-44eb-a55e-c806f18c0f16,9687,2,10,1,5,1.0,1.17,256,37,256_37,6.433827571204695,2026-09-16 07:31:37.022926,5.75
10c9db9a-bc33-4b46-8cc6-e184c063b9bc,34576,18,31,1,5,1.0,2.1,74,264,74_264,18.53979583480833,2026-09-16 07:31:37.022926,17.966666666666665
a9721389-ce1e-4a3e-a663-a529b6f4a48e,13906,19,13,1,1,1.0,0.75,74,41,74_41,5.603365210632803,2026-09-16 07:31:37.022926,6.35
7689537b-71ee-44b8-a674-481683534600,21032,7,20,1,1,1.0,3.89,74,142,74_142,20.031566873031085,2026-09-16 07:31:37.022926,21.983333333333334
933a379e-fe40-404b-90ff-111e1346c5c3,16874,7,16,1,4,1.0,1.28,74,75,74_75,9.76255719077124,2026-09-16 07:31:37.022926,11.483333333333333
70a80785-98c8-4584-8305-1faff5521e58,5925,0,7,1,2,1.0,1.99,74,159,74_159,11.440961495645283,2026-09-16 07:31:37.022926,9.266666666666667
32d3c820-4773-4151-a328-c9b30aa03332,23289,18,21,1,2,1.0,1.17,95,95,95_95,8.423787578985413,2026-09-16 07:31:37.022926,6.766666666666667
3bb159ab-a78b-4762-ba53-c92c7cb270c7,29247,18,27,1,1,1.0,1.7,74,236,74_236,14.79424592036144,2026-09-16 07:31:37.022926,13.483333333333333
b1ea2bb7-c432-4d5a-8ebc-a47f32dd9ee4,1298,15,2,1,4,1.0,1.66,43,263,43_263,10.45830727379138,2026-09-16 07:31:37.022926,13.366666666666667
c97d47bd-2a47-48fe-a4be-ae488f6a1b2d,33769,21,30,1,4,1.0,1.52,95,95,95_95,10.478255431502895,2026-09-16 07:31:37.022926,11.783333333333331
47b0310b-63a4-4e69-a040-bbb38f2cbe16,34531,18,31,1,5,1.0,1.93,74,166,74_166,13.645464052227165,2026-09-16 07:31:37.022926,22.883333333333333
935f87ff-6844-486c-861c-c6c147c9c520,6289,11,7,1,2,2.0,1.45,97,66,97_66,13.050727113316048,2026-09-16 07:31:37.022926,14.083333333333334
8f900df8-3ad5-48fc-b9e4-b53c6d869f67,28354,6,27,1,1,1.0,1.37,74,75,74_75,10.42996978160749,2026-09-16 07:31:37.022926,10.183333333333334
191b6ad5-0081-45ba-92cb-751730f5d058,15663,9,15,1,3,2.0,1.35,74,75,74_75,11.659465399420462,2026-09-16 07:31:37.022926,10.183333333333334
ef6988c3-96af-4139-acbf-9f6d6469c560,25446,12,23,1,4,5.0,1.94,95,28,95_28,12.761784447206026,2026-09-16 07:31:37.022926,12.166666666666666
3cdd5d43-3e7d-4e7e-aec3-955ea2d7a45f,709,20,1,1,3,1.0,1.06,82,129,82_129,11.150896136396694,2026-09-16 07:31:37.022926,10.3
c78a6655-766f-41b5-bc91-29040f7e4fc3,6448,13,7,1,2,1.0,1.47,130,130,130_130,11.097760625824025,2026-09-16 07:31:37.022926,9.833333333333334
f0672b53-d2bb-434c-8d9e-ab356ffd031d,9395,19,9,1,4,1.0,1.12,74,42,74_42,7.30465446790977,2026-09-16 07:31:37.022926,11.966666666666669
490e7a82-9ec1-4ec6-a291-82cde13a06ad,27596,1,25,1,6,1.0,0.0,129,129,129_129,1.514803201715395,2026-09-16 07:31:37.022926,0.05
f3c61d61-e4d5-4130-9289-9b19d13b860a,33799,23,30,1,4,1.0,1.07,83,83,83_83,6.966257958452805,2026-09-16 07:31:37.022926,6.566666666666666
20c2c32f-2ca6-4756-b59b-b8de9af50160,2249,15,3,1,5,2.0,0.78,74,41,74_41,5.854113575714776,2026-09-16 07:31:37.022926,7.416666666666667
fea0779c-346f-4864-8841-7135ec25056b,6681,16,7,1,2,3.0,1.01,95,95,95_95,7.855771874206966,2026-09-16 07:31:37.022926,7.416666666666667
4e7882e5-9e1c-4d62-94d3-2f625a8162bd,22534,9,21,1,2,1.0,6.68,74,138,74_138,16.688057770303214,2026-09-16 07:31:37.022926,15.466666666666669
86911036-234d-4c2f-94ff-0f0529857a62,20689,19,19,1,0,4.0,1.34,166,239,166_239,7.91414725475053,2026-09-16 07:31:37.022926,8.433333333333334
d1847ab0-c2a1-4a67-abeb-60711ae7a9f6,21915,17,20,1,1,5.0,1.07,95,196,95_196,9.37183266720582,2026-09-16 07:31:37.022926,8.533333333333333
c1ca5f4b-c4a8-4914-92a5-458dea133e49,10449,18,10,1,5,1.0,0.96,75,75,75_75,6.860285407110268,2026-09-16 07:31:37.022926,7.833333333333333
ea04a8f9-b2f6-4196-93cb-76d27ea8a450,28564,8,27,1,1,1.0,1.75,74,152,74_152,17.426845811352113,2026-09-16 07:31:37.022926,19.083333333333332
b51268f5-dfcb-4af7-ab4d-3e39912f4830,13413,14,13,1,1,1.0,2.35,74,151,74_151,17.33345017418148,2026-09-16 07:31:37.022926,20.783333333333335
71565b21-ad92-4381-b2c8-7f86bf62bdf6,28110,18,26,1,0,1.0,1.02,43,151,43_151,5.7166179096915455,2026-09-16 07:31:37.022926,5.55
4a36c4d6-1686-45f6-8721-a85abe5568e8,13222,10,13,1,1,1.0,1.51,95,95,95_95,10.992094130217302,2026-09-16 07:31:37.022926,10.016666666666667
45ee5f0f-3ef1-4961-ad0a-48389855d1d7,3643,7,5,1,0,1.0,1.5,74,166,74_166,9.482724217037207,2026-09-16 07:31:37.022926,9.333333333333334
390145be-5129-4578-a447-67611e82815c,7649,13,8,1,3,1.0,2.6,92,252,92_252,15.83497142215952,2026-09-16 07:31:37.022926,12.416666666666666
3d84d1d2-5981-4f1f-bb44-26d534c195c5,33144,15,30,1,4,1.0,1.32,75,74,75_74,13.179507102109365,2026-09-16 07:31:37.022926,21.066666666666663
1cfb41fa-8da3-4958-b183-a0b89567ce0a,23331,18,21,1,2,1.0,1.06,82,129,82_129,9.119215208381515,2026-09-16 07:31:37.022926,10.4
3262364b-0342-4812-9f16-1eeb33f3cde2,8844,13,9,1,4,1.0,1.49,75,74,75_74,9.045783062072855,2026-09-16 07:31:37.022926,6.933333333333334
6ca6fca8-f175-440e-bcc3-f14e49125590,19263,11,19,1,0,1.0,2.95,74,262,74_262,15.469552410431051,2026-09-16 07:31:37.022926,16.0
e1af3f7a-6892-49b4-b0f5-a05ae76ed345,15654,9,15,1,3,1.0,2.69,74,237,74_237,19.069204466385376,2026-09-16 07:31:37.022926,22.516666666666666
34d8785c-73d4-419e-a81e-06f95b7f63b9,6568,16,7,1,2,1.0,7.95,75,13,75_13,34.078547975092704,2026-09-16 07:31:37.022926,32.25
d7478ecb-b2fc-4ffd-8c99-d2187c8b360c,2410,17,3,1,5,3.0,3.4,43,43,43_43,18.12772223666904,2026-09-16 07:31:37.022926,16.833333333333332
f6a4dfb6-3885-425e-9a97-9b01af73d5cc,14226,8,14,1,2,2.0,1.96,74,116,74_116,13.728733056384792,2026-09-16 07:31:37.022926,11.583333333333334
24cd39e9-4ad0-46bd-8956-5871c6e538a0,4168,14,5,1,0,1.0,3.94,75,186,75_186,24.205464661410126,2026-09-16 07:31:37.022926,39.983333333333334
7778aaaf-c5ea-4604-b2c4-3dc71dedaba8,29924,9,28,1,2,2.0,0.92,74,41,74_41,9.371293849817855,2026-09-16 07:31:37.022926,7.95
37b61486-1b34-4649-8f01-30eaf35d75a9,20491,16,19,1,0,1.0,1.72,74,75,74_75,9.897954118721698,2026-09-16 07:31:37.022926,12.433333333333334
2ce5c9ff-a4ad-4bdc-bfcc-89b2c78c8714,24880,21,22,1,3,1.0,0.0,75,75,75_75,4.362448475629709,2026-09-16 07:31:37.022926,0.3333333333333333
5b20b8b8-cc6f-4348-8374-2de5e9d1f307,32619,7,30,1,4,1.0,1.87,74,263,74_263,18.401025947245433,2026-09-16 07:31:37.022926,32.85
b19e9c78-fceb-4c3a-9895-0857b67ecb6e,279,9,2,1,4,1.0,1.45,74,75,74_75,8.505660400162197,2026-09-16 07:31:37.022926,6.083333333333333
b8d1c6b2-cb05-4bfb-bc92-70bb4efdc909,16926,8,16,1,4,1.0,1.23,74,75,74_75,10.226381223205653,2026-09-16 07:31:37.022926,11.666666666666666
b149a024-2694-430c-a85c-48769a3d4c3d,27215,18,24,1,5,1.0,2.16,75,238,75_238,15.205393714283165,2026-09-16 07:31:37.022926,9.85
2fd48c59-8d89-40c6-a778-de00850ab117,2958,11,4,1,6,1.0,1.56,97,189,97_189,10.60238765015711,2026-09-16 07:31:37.022926,10.133333333333333
5a427446-0da2-4270-9b9c-a55e9d123813,17562,16,16,1,4,1.0,2.58,82,129,82_129,16.13766174101987,2026-09-16 07:31:37.022926,12.183333333333334
a1c55932-654c-49a4-bc2b-54bb8a7f31b9,16512,19,15,1,3,1.0,0.89,75,236,75_236,6.1332614081468195,2026-09-16 07:31:37.022926,3.25
47023bda-ae1a-4732-9573-2d0b38ac3eae,16681,20,15,1,3,1.0,1.34,74,41,74_41,8.069507530740388,2026-09-16 07:31:37.022926,7.866666666666666
0e9583f8-2a89-4197-891c-344bd6132766,10127,15,10,1,5,1.0,2.82,74,141,74_141,15.711126948547161,2026-09-16 07:31:37.022926,13.716666666666669
df25f9a4-6cf4-45c0-b02b-41166b9ead13,18878,21,17,1,5,1.0,2.52,82,260,82_260,12.790859301277482,2026-09-16 07:31:37.022926,14.116666666666667
979643eb-fbb1-4a10-bb31-91cd08bb3fae,18781,19,17,1,5,2.0,0.6,41,41,41_41,4.702442129763944,2026-09-16 07:31:37.022926,4.716666666666667
4b8a137d-76f1-4459-b903-ba6946cf5356,2786,7,4,1,6,1.0,2.45,195,25,195_25,11.881248059615531,2026-09-16 07:31:37.022926,13.433333333333334
ac142dbc-c62d-484e-bf84-d0dce840a16b,29063,16,27,1,1,2.0,1.1,41,74,41_74,10.957107588541362,2026-09-16 07:31:37.022926,9.933333333333334
463bd5bf-b9a8-41fb-bbdf-804fbff73fda,32968,12,30,1,4,5.0,4.34,74,223,74_223,25.617568460458415,2026-09-16 07:31:37.022926,9.433333333333334
9b066b2b-ccfe-4313-84bd-513cb98ad13f,6302,11,7,1,2,1.0,7.8,75,68,75_68,28.11092838279792,2026-09-16 07:31:37.022926,42.38333333333333
fd2390a4-37a5-4a8f-84bd-0c347cb44093,13936,19,13,1,1,1.0,2.9,74,237,74_237,16.83842719332409,2026-09-16 07:31:37.022926,19.933333333333337
928c23bf-83e1-430e-8fc7-0fd050a9420e,34349,15,31,1,5,1.0,1.73,74,42,74_42,13.117843195981235,2026-09-16 07:31:37.022926,12.516666666666667
389769ba-6ff5-4f0b-be1a-31b76492b574,31769,15,29,1,3,1.0,3.5,82,138,82_138,14.108629890732812,2026-09-16 07:31:37.022926,13.566666666666666
e61ed595-b559-4ea6-99dc-b8c61b11914e,13476,15,13,1,1,1.0,1.25,97,181,97_181,11.984033487884409,2026-09-16 07:31:37.022926,9.983333333333333
f00d5071-e4f4-4165-a86f-d37eebdae103,6559,15,7,1,2,1.0,1.8,42,247,42_247,12.848885220289288,2026-09-16 07:31:37.022926,11.65
e8638cfa-fa6a-4ad3-a9fa-d42829382e2c,24740,19,22,1,3,1.0,5.6,75,107,75_107,25.07448571489741,2026-09-16 07:31:37.022926,26.166666666666668
c6337496-5c98-4ef1-842b-8f1afc17d23b,19137,8,18,1,6,1.0,4.23,24,162,24_162,21.16551232013317,2026-09-16 07:31:37.022926,21.4
aa6d7f67-f29a-4ee9-9454-fa1c1dbaab43,32571,7,30,1,4,1.0,0.9,74,74,74_74,9.067070716423494,2026-09-16 07:31:37.022926,6.633333333333334
0fb6ac5b-59fd-4a89-b4bf-39cfef1c0a52,5148,11,6,1,1,1.0,4.09,75,186,75_186,25.044398551371778,2026-09-16 07:31:37.022926,32.516666666666666
d384a9fc-265d-487d-a6e1-7ce70cc4a756,7734,15,8,1,3,3.0,1.4,97,49,97_49,12.736044777059131,2026-09-16 07:31:37.022926,9.766666666666667
58b0495f-a7f0-487f-8416-cdf967416fa8,18579,15,17,1,5,1.0,11.33,74,33,74_33,34.5307797970367,2026-09-16 07:31:37.022926,37.46666666666667
c29bb7a1-8518-47e5-8f84-abfe0d18055f,8449,6,9,1,4,1.0,10.79,65,138,65_138,22.93614568658541,2026-09-16 07:31:37.022926,15.75
6741db20-cfe7-4838-a366-8d044ee81c2e,7058,20,7,1,2,1.0,1.29,260,7,260_7,8.147121270879639,2026-09-16 07:31:37.022926,7.05
1212a743-c8db-40a9-8f26-8f338e0193e0,23610,20,15,1,3,1.0,1.84,92,192,92_192,11.031859288083478,2026-09-16 07:31:37.022926,10.333333333333334
baf22d5a-2066-47b1-8a83-06e625fd14a9,15075,18,14,1,2,1.0,3.58,75,244,75_244,21.342710596457625,2026-09-16 07:31:37.022926,15.583333333333334
88f56d6f-5420-4e61-a7b8-8a987c967ec8,16064,15,15,1,3,1.0,5.64,75,164,75_164,31.014261265961412,2026-09-16 07:31:37.022926,31.883333333333333
9bf2cc76-4a56-4a54-963e-66145557ea54,28281,22,26,1,0,1.0,0.89,244,243,244_243,4.873800540724654,2026-09-16 07:31:37.022926,8.483333333333333
7748236b-2c07-48f9-bc09-726b4a6d1487,9888,11,10,1,5,2.0,0.82,97,189,97_189,7.1220241882905135,2026-09-16 07:31:37.022926,6.166666666666667
2727e01d-64ea-4dcd-999e-efa6e57f505d,18727,18,17,1,5,1.0,1.6,74,75,74_75,9.746800976161644,2026-09-16 07:31:37.022926,6.933333333333334
03b6c2e6-ce11-4644-aeea-c3d3d7329481,18893,20,17,1,5,1.0,4.09,130,219,130_219,16.885799698019675,2026-09-16 07:31:37.022926,14.783333333333331
32dcfe94-79c5-4d22-841f-4359ac368446,11804,8,12,1,0,1.0,0.8,223,223,223_223,5.474418912431478,2026-09-16 07:31:37.022926,4.25
99abd5d7-6a00-4021-8f47-ca3030491674,7996,17,8,1,3,2.0,1.45,43,262,43_262,11.207829076351729,2026-09-16 07:31:37.022926,13.333333333333334
0ffa666d-6cef-4c76-8f76-0bd4030b6962,14677,14,14,1,2,1.0,2.47,166,239,166_239,17.021177169169114,2026-09-16 07:31:37.022926,13.216666666666669
b5b4a37b-f63c-4c8c-bf67-f0255657af7a,21075,8,20,1,1,1.0,1.0,75,236,75_236,8.07188077629187,2026-09-16 07:31:37.022926,9.65
1c3041c3-abc0-45c1-b552-dffbf9a94727,7564,12,8,1,3,1.0,0.91,74,42,74_42,6.751224009859853,2026-09-16 07:31:37.022926,8.266666666666667
79d9de8a-c168-4849-903c-f7f86a9c4a52,9549,21,9,1,4,1.0,0.74,65,181,65_181,9.965390517232859,2026-09-16 07:31:37.022926,9.95
017bb91e-af08-4d37-85e0-7290f1135508,10603,21,10,1,5,1.0,0.71,223,223,223_223,4.9737903768315705,2026-09-16 07:31:37.022926,5.7
4aee1a03-be97-4b53-bd79-20b517e0f705,14368,9,14,1,2,1.0,1.26,74,166,74_166,9.893381755923457,2026-09-16 07:31:37.022926,11.1
4478fe36-94c3-4af4-9329-9fd235702afe,29913,8,28,1,2,1.0,2.08,74,263,74_263,22.681334966005185,2026-09-16 07:31:37.022926,29.8
2c603e1b-9b31-461e-869f-2059c4c01d2e,23572,23,21,1,2,1.0,0.78,95,95,95_95,4.664593549736163,2026-09-16 07:31:37.022926,5.266666666666667
95b414c7-a1e2-4bbc-b497-01c2e22b636c,15232,19,14,1,2,1.0,1.06,95,196,95_196,7.806357723206982,2026-09-16 07:31:37.022926,9.133333333333333
9dca5620-caec-4cf2-845c-aff7996921f4,14159,7,14,1,2,1.0,2.92,166,142,166_142,17.284645704965364,2026-09-16 07:31:37.022926,14.616666666666667
751e861f-4f0c-4cae-9c11-b56ca51d3b75,31593,13,29,1,3,1.0,1.59,74,166,74_166,15.36739157043743,2026-09-16 07:31:37.022926,18.366666666666667
70047693-3728-4a2a-b4ff-41202b92133f,32528,6,30,1,4,1.0,1.32,74,75,74_75,10.826087784384073,2026-09-16 07:31:37.022926,11.85
d64afece-8863-4d24-9548-c9cd388cff83,26877,13,24,1,5,1.0,5.11,130,191,130_191,24.241120422596197,2026-09-16 07:31:37.022926,22.316666666666663
f8c62d81-a678-4042-bde9-5c0ed355e95a,21253,10,20,1,1,1.0,1.76,74,166,74_166,12.829293213528674,2026-09-16 07:31:37.022926,13.316666666666666
fe36cf0c-bcc9-4449-9645-1da6b8ef1fea,28345,4,27,1,1,1.0,8.46,95,145,95_145,20.349131989079055,2026-09-16 07:31:37.022926,17.416666666666668
4f1143dd-29a5-4136-bf47-e9501f52d347,18836,20,17,1,5,1.0,2.48,95,56,95_56,14.1086215901964,2026-09-16 07:31:37.022926,15.366666666666667
d61f88b1-9de7-48f3-b6f4-465f83be7062,6605,15,7,1,2,1.0,1.93,95,28,95_28,13.136589164376604,2026-09-16 07:31:37.022926,13.966666666666669
f2182f4b-64ff-480b-8e78-382ef3db08d9,4227,15,5,1,0,1.0,1.25,74,166,74_166,9.824785878838256,2026-09-16 07:31:37.022926,12.283333333333331
854dc32f-163a-40ed-940f-adbf99b2fdef,32790,10,30,1,4,1.0,4.71,75,244,75_244,26.312610506691353,2026-09-16 07:31:37.022926,28.483333333333334
107df2d6-5d40-453d-a4c9-b35c7521a023,9812,9,10,1,5,1.0,1.9,74,236,74_236,10.302758421343114,2026-09-16 07:31:37.022926,9.2
83cad06d-5116-4be9-930c-0b0f6c8ee543,31101,6,29,1,3,1.0,0.99,74,75,74_75,11.686216313606872,2026-09-16 07:31:37.022926,15.066666666666666
a899807a-8bc8-4f4a-adf1-6821ea4d0b12,28042,16,26,1,0,1.0,0.76,97,49,97_49,8.06012965759403,2026-09-16 07:31:37.022926,3.35
d2c67c26-d167-4a92-9bfa-d63ce5b550c2,31656,14,29,1,3,1.0,5.65,33,71,33_71,34.8739544403061,2026-09-16 07:31:37.022926,56.05
d09bd9a2-1048-4ca0-b613-14dadf8653d2,26532,6,24,1,5,1.0,13.05,82,265,82_265,33.82414764521986,2026-09-16 07:31:37.022926,25.9
4ed2ce8a-7bfe-4e37-8284-0aca6fa8c5cc,30605,17,28,1,2,1.0,1.49,95,135,95_135,13.911935065131319,2026-09-16 07:31:37.022926,14.116666666666667
9e480f1b-6c8e-4fb8-bb67-dfc3d8c33dce,22060,19,20,1,1,1.0,3.65,97,61,97_61,22.845449533714937,2026-09-16 07:31:37.022926,26.683333333333337
b9f01bfc-5480-4798-a130-4ba37463ebe3,5424,16,6,1,1,1.0,1.45,260,226,260_226,11.1525198646034,2026-09-16 07:31:37.022926,10.416666666666666
72dc3288-34e8-40c2-aa7e-3fc778b35cac,31255,8,29,1,3,1.0,0.59,166,74,166_74,5.00057802980162,2026-09-16 07:31:37.022926,3.933333333333333
76cbac33-c722-4c37-92fc-3fe712691ca8,10607,21,10,1,5,1.0,1.91,74,236,74_236,9.587022024373343,2026-09-16 07:31:37.022926,7.666666666666667
26a41ded-8fa5-497e-8b8f-add68c4a4222,9873,11,10,1,5,1.0,1.74,236,237,236_237,10.904839641890407,2026-09-16 07:31:37.022926,9.233333333333333
e3a03716-30c3-467c-87f5-7906c6667f04,11118,14,11,1,6,1.0,3.93,74,142,74_142,20.224336150051805,2026-09-16 07:31:37.022926,20.783333333333335
8cadb52c-9d0f-4111-b939-12b49d5586b6,26811,13,24,1,5,1.0,8.5,75,138,75_138,18.44020043130304,2026-09-16 07:31:37.022926,18.85
fdce7cce-c891-4bb0-ba52-440a7e4423c9,19078,3,18,1,6,2.0,7.23,157,140,157_140,20.190631438055284,2026-09-16 07:31:37.022926,21.75
365bf064-3c90-4502-bb95-0ff975efaa5f,4023,12,5,1,0,1.0,1.18,75,236,75_236,8.893594342514858,2026-09-16 07:31:37.022926,9.65
50327a67-9f2e-4507-ad08-04502f767191,32155,18,29,1,3,1.0,3.05,135,28,135_28,24.896999450740527,2026-09-16 07:31:37.022926,25.933333333333337
c79c2a44-99fd-48d5-a1f0-1cc254ef11e1,16572,19,15,1,3,1.0,1.1,210,108,210_108,7.373755271063467,2026-09-16 07:31:37.022926,8.233333333333333
363e4a91-9052-4203-ad2e-8014559ea158,18811,19,17,1,5,1.0,0.05,92,264,92_264,0.3262931931538228,2026-09-16 07:31:37.022926,0.05
4bc1a062-e04b-443a-9674-0817eaa77260,16013,14,15,1,3,1.0,1.03,74,166,74_166,8.829380029158603,2026-09-16 07:31:37.022926,10.95
2700a04b-608d-4d99-a445-491f24312eb7,15167,19,14,1,2,1.0,2.94,130,10,130_10,16.42079807988819,2026-09-16 07:31:37.022926,14.383333333333333
e922530c-7cd9-42fb-a490-16d4a92e9c7b,13159,9,13,1,1,1.0,6.6,74,138,74_138,16.779337972022727,2026-09-16 07:31:37.022926,15.0
b25e6765-3f03-4826-a35c-7ef950442b0c,6626,16,7,1,2,2.0,1.5,75,151,75_151,11.259408143556062,2026-09-16 07:31:37.022926,12.166666666666666
aa954825-08b4-4a58-bdf7-288af9b4b77f,25317,10,23,1,4,6.0,1.58,75,238,75_238,11.99100851620291,2026-09-16 07:31:37.022926,7.466666666666667
87561a10-fb00-4ab8-ac5c-0437b11acba7,29873,9,28,1,2,1.0,6.81,74,138,74_138,19.650156116514026,2026-09-16 07:31:37.022926,17.716666666666665
94cd7aec-2b33-4191-9bf0-0cfc55bd24bd,19996,10,19,1,0,1.0,2.02,74,263,74_263,11.62088779509383,2026-09-16 07:31:37.022926,10.216666666666669
9735d14c-bd8c-4479-92de-820892fd20f1,17454,15,16,1,4,1.0,5.98,82,130,82_130,30.47478354273983,2026-09-16 07:31:37.022926,42.6
970987c4-42bb-4a57-90d6-2976ffd82eee,21329,10,20,1,1,5.0,2.56,95,135,95_135,15.185142382728145,2026-09-16 07:31:37.022926,16.05
b135d356-4d9c-435b-bae0-f34bc31060fc,6019,7,7,1,2,1.0,1.32,166,151,166_151,7.892423217349599,2026-09-16 07:31:37.022926,4.483333333333333
177c60ec-1b67-491d-aab5-785257434965,7394,9,8,1,3,1.0,1.19,74,75,74_75,10.536493649979727,2026-09-16 07:31:37.022926,10.05
777f8a98-6945-436a-9f96-f60623a2023c,12339,15,12,1,0,3.0,4.74,95,192,95_192,18.492698253956974,2026-09-16 07:31:37.022926,21.833333333333332
7b79f93e-8e6c-4212-9630-606c09629f5b,34339,15,31,1,5,2.0,5.51,24,68,24_68,35.209411618201884,2026-09-16 07:31:37.022926,28.466666666666665
1a605865-e0f2-44f2-ba2d-04d018adfd34,32807,10,30,1,4,1.0,7.29,75,75,75_75,37.50309916625423,2026-09-16 07:31:37.022926,52.13333333333333
7b52ec02-631e-4883-9a90-70716b33ad78,32496,1,30,1,4,1.0,1.65,82,82,82_82,12.941420660260803,2026-09-16 07:31:37.022926,13.483333333333333
13e87712-2a30-4bc5-8072-03551ae04e5c,15175,19,14,1,2,1.0,0.86,95,95,95_95,6.023711916687669,2026-09-16 07:31:37.022926,4.366666666666666
aff911ad-692e-4e53-b6ca-05c35962075c,7935,17,8,1,3,1.0,2.3,75,141,75_141,17.108021850185793,2026-09-16 07:31:37.022926,22.866666666666667
bf71f446-9e43-4fcf-9122-cec9c769553f,4919,8,6,1,1,2.0,1.57,74,166,74_166,12.113193118089141,2026-09-16 07:31:37.022926,11.35
a22f9789-7918-47d1-805c-fb5e1399f1a6,31447,11,29,1,3,1.0,1.41,74,152,74_152,14.570867322144851,2026-09-16 07:31:37.022926,10.666666666666666
47ae3642-9b1c-446a-9cc8-be98a6bb593b,32020,17,29,1,3,1.0,1.58,74,236,74_236,15.24854623325081,2026-09-16 07:31:37.022926,13.866666666666667
446a2e6a-e512-4047-8930-c65ea853d7a4,11690,6,12,1,0,1.0,1.28,74,42,74_42,6.84792049492173,2026-09-16 07:31:37.022926,8.45
15a1c802-d736-446a-9435-46e314388c23,16921,8,16,1,4,1.0,1.68,130,28,130_28,12.586094246893882,2026-09-16 07:31:37.022926,10.566666666666666
a7acc46c-ad0f-4e08-8cbf-68ed8dbeff99,14834,16,14,1,2,1.0,6.05,129,92,129_92,28.712679582685656,2026-09-16 07:31:37.022926,21.45
7d2c4e3d-bf51-43a3-aa0e-096222141f98,14762,15,14,1,2,1.0,1.68,74,151,74_151,13.130652125330078,2026-09-16 07:31:37.022926,13.816666666666666
3fb77efc-d7bc-4ced-931f-3ef23ec46aab,410,14,1,1,3,2.0,2.5,74,262,74_262,13.550616286376085,2026-09-16 07:31:37.022926,11.983333333333333
23282540-c99d-4043-8145-f917a59a2fa4,31878,15,29,1,3,1.0,1.5,75,151,75_151,16.00181757090497,2026-09-16 07:31:37.022926,10.616666666666667
bdef23fd-872a-4ec8-9184-6b425306f8c3,32121,18,29,1,3,1.0,1.12,95,95,95_95,10.659622847128388,2026-09-16 07:31:37.022926,10.083333333333334
e25938e8-a881-4363-b058-68220327be34,3772,9,5,1,0,1.0,1.0,74,166,74_166,7.194324879054784,2026-09-16 07:31:37.022926,6.45
6035a1c9-196b-4baa-85f7-4ada6485d692,27873,11,26,1,0,1.0,1.3,74,41,74_41,8.131588210956048,2026-09-16 07:31:37.022926,9.516666666666667
dab5608f-2a64-4243-a1da-d8520d15b104,16554,19,15,1,3,1.0,4.58,65,89,65_89,21.732220385281146,2026-09-16 07:31:37.022926,21.183333333333337
355f8c0c-423b-45cd-b50b-9f09e043e88a,4533,18,5,1,0,1.0,1.88,74,151,74_151,11.947863832081469,2026-09-16 07:31:37.022926,12.216666666666669
7426046d-ce9f-4247-a3b1-e05b6fd098ab,6179,9,7,1,2,1.0,2.24,74,151,74_151,15.701901363112809,2026-09-16 07:31:37.022926,13.516666666666667
20db1523-3930-4130-adce-febf0ad07b9e,11745,7,12,1,0,1.0,1.49,74,75,74_75,11.658570663637605,2026-09-16 07:31:37.022926,9.683333333333334
13ec6cf6-f6dd-43b0-ba25-3312bb06c4ed,26207,20,23,1,4,1.0,2.9,65,17,65_17,17.38389250842012,2026-09-16 07:31:37.022926,19.266666666666666
f0d6f23a-5eb9-4471-aece-301cce292086,2712,0,4,1,6,1.0,1.45,74,166,74_166,7.977548336147307,2026-09-16 07:31:37.022926,9.783333333333331
489e7db4-54cd-42d1-9374-b7f2a399a033,3668,6,5,1,0,1.0,1.21,74,42,74_42,6.682804527864324,2026-09-16 07:31:37.022926,8.816666666666666
4bc05e3c-c7a6-44ba-b66f-f9184f5f40b2,4492,18,5,1,0,1.0,1.77,75,238,75_238,11.351453791158118,2026-09-16 07:31:37.022926,11.033333333333331
cb976318-f4ca-4339-bb3a-959ab3f535f7,31218,8,29,1,3,1.0,1.9,191,19,191_19,15.3486499756257,2026-09-16 07:31:37.022926,13.216666666666669
e079f5ca-d0b6-4b5d-bbe5-33341655b9fe,26995,15,24,1,5,6.0,1.56,75,238,75_238,10.394974362502532,2026-09-16 07:31:37.022926,6.633333333333334
fac4094b-a0d2-4312-9a98-7e5f94ae2f99,9328,18,9,1,4,1.0,1.45,75,239,75_239,9.412737633799201,2026-09-16 07:31:37.022926,8.216666666666667
8d9245cd-e551-417d-859c-865aed4e1bc8,25060,7,23,1,4,1.0,5.95,75,243,75_243,22.391211643636616,2026-09-16 07:31:37.022926,24.916666666666668
00bdf643-e09d-4a6e-84ad-7ea7e5991d01,28769,12,27,1,1,5.0,1.49,166,239,166_239,13.025699741880908,2026-09-16 07:31:37.022926,10.733333333333333
fb06daec-8dd4-4552-9beb-e5b1e503e425,19329,13,18,1,6,2.0,3.38,65,188,65_188,18.680270509921403,2026-09-16 07:31:37.022926,17.25
1924f22f-848c-484f-ac58-10034ccc19a4,15785,11,15,1,3,1.0,0.0,28,28,28_28,1.1305784948850246,2026-09-16 07:31:37.022926,0.0666666666666666
e7d30c56-2d3a-446a-a854-c22aff2b0990,4307,16,5,1,0,1.0,3.71,41,142,41_142,20.39379783713925,2026-09-16 07:31:37.022926,22.616666666666667
50be6dca-be0e-4930-9951-78d1d9fad20c,4510,18,5,1,0,1.0,0.82,7,179,7_179,6.093287271693814,2026-09-16 07:31:37.022926,9.216666666666669
43ff85dd-4d9c-4e01-ac4f-69a1b59d4bbc,1752,22,2,1,4,1.0,1.11,41,41,41_41,5.964642110034116,2026-09-16 07:31:37.022926,6.083333333333333
2f2e787b-5fbb-41f1-b33f-fca413ab23e6,26322,22,23,1,4,1.0,2.19,95,135,95_135,10.539884817124305,2026-09-16 07:31:37.022926,12.216666666666669
b9cc8d92-c578-4e31-85fb-870c807108ab,26673,10,24,1,5,1.0,1.61,65,181,65_181,10.766305222347649,2026-09-16 07:31:37.022926,11.15
be7b849e-0a72-4932-ac23-80d3383e63dd,33402,17,30,1,4,1.0,3.06,74,262,74_262,28.289584950546406,2026-09-16 07:31:37.022926,31.566666666666663
76421a40-fa4a-43cc-b373-99054821cef1,8553,8,9,1,4,1.0,2.2,74,69,74_69,15.268038571848844,2026-09-16 07:31:37.022926,21.616666666666667
01b41d8c-e7a7-48e8-8fa2-cb4cabed0472,21269,10,20,1,1,1.0,8.1,42,113,42_113,29.507110343063538,2026-09-16 07:31:37.022926,38.666666666666664
539e9086-c838-400c-8472-04b9694d2b20,26584,8,24,1,5,1.0,0.22,42,42,42_42,2.644090555428273,2026-09-16 07:31:37.022926,0.1666666666666666
5ef05b11-042f-49b1-96a9-fa99b3021688,30161,12,28,1,2,1.0,1.38,74,166,74_166,14.018225893890236,2026-09-16 07:31:37.022926,13.55
914c496e-9bd9-4180-9204-97513c1f14b1,26960,15,24,1,5,1.0,0.73,97,97,97_97,8.95923572794908,2026-09-16 07:31:37.022926,7.35
88ae7314-b7e3-4817-a059-d0b03ef2c74c,16047,14,15,1,3,1.0,5.38,74,243,74_243,25.550115182386424,2026-09-16 07:31:37.022926,19.416666666666668
0d932975-ef7f-4bc0-b8d2-a9725140119d,1140,12,2,1,4,1.0,1.38,41,24,41_24,8.459152091918003,2026-09-16 07:31:37.022926,9.383333333333333
123c63f7-7b02-4b89-9bef-ebe57c433f9f,7002,20,7,1,2,1.0,1.53,75,262,75_262,9.040976996298975,2026-09-16 07:31:37.022926,8.416666666666666
e4533701-18f3-4a43-8b08-c49f8890a8b6,28482,8,27,1,1,1.0,1.2,43,263,43_263,12.807594596413688,2026-09-16 07:31:37.022926,10.716666666666669
6e75f912-65af-4dc1-953a-a5a722919a26,26786,13,24,1,5,1.0,1.24,41,42,41_42,7.560007466136252,2026-09-16 07:31:37.022926,6.5
ad601387-df33-4b6b-b67f-7b30db1454a2,28156,17,26,1,0,2.0,1.47,75,74,75_74,7.762676681358895,2026-09-16 07:31:37.022926,5.55
d6d0affa-f2d5-42d0-8204-86c4cc1c79e1,31187,8,29,1,3,1.0,3.5,75,143,75_143,28.71085418163503,2026-09-16 07:31:37.022926,30.783333333333335
36cc6fec-a766-4e8e-99c3-5fdd1f0a43a7,5112,11,6,1,1,2.0,3.7,65,133,65_133,23.360129194567197,2026-09-16 07:31:37.022926,24.2
38aaf27d-8cf2-42d0-8b86-ec65138be47c,4970,9,6,1,1,1.0,0.0,92,73,92_73,2.48558213595708,2026-09-16 07:31:37.022926,11.666666666666666
c159313e-34bb-4bdd-adec-924117c73249,27629,3,25,1,6,2.0,8.0,34,7,34_7,20.468400574988358,2026-09-16 07:31:37.022926,17.45
e50b1cb5-89de-4d5f-8730-33d3251a1c85,30634,17,28,1,2,1.0,2.46,166,142,166_142,20.83218085912987,2026-09-16 07:31:37.022926,20.983333333333334
1b37b2aa-c5dd-45d1-9604-cf697e482389,27383,20,24,1,5,1.0,0.0,195,264,195_264,0.7804298725664383,2026-09-16 07:31:37.022926,0.05
0d3fd654-f06e-4e58-9aba-ae8dde3e2225,23509,21,21,1,2,1.0,1.86,74,75,74_75,10.135916381605279,2026-09-16 07:31:37.022926,8.316666666666666
90482873-4409-42e0-a91f-e4df887b25bc,29316,18,27,1,1,1.0,1.41,116,159,116_159,12.516977802772221,2026-09-16 07:31:37.022926,11.416666666666666
5dcf7426-5754-4dcd-92f9-0901c635a6ef,7061,21,7,1,2,1.0,4.03,97,227,97_227,20.24172831371794,2026-09-16 07:31:37.022926,24.033333333333335
9b3acf9d-61e6-4de5-bcfe-25e1bf3b175a,29377,19,27,1,1,1.0,0.8,75,74,75_74,5.743595107738965,2026-09-16 07:31:37.022926,4.166666666666667
c879e0f1-6c72-4e17-a5df-a91c9abde943,15114,18,14,1,2,1.0,1.35,75,74,75_74,6.3439846662153005,2026-09-16 07:31:37.022926,6.7
a8402f52-c59f-4189-ad79-fce8ab3c54ec,6245,10,7,1,2,1.0,1.71,74,75,74_75,13.242920992060174,2026-09-16 07:31:37.022926,15.516666666666667
b2182752-645d-471f-af76-2178e5be3ae4,7710,14,8,1,3,1.0,1.48,74,166,74_166,12.226912229029361,2026-09-16 07:31:37.022926,11.733333333333333
5bfc2108-0ec6-447c-954d-509cbca0ff9a,3326,16,4,1,6,1.0,1.66,74,236,74_236,9.431029016864368,2026-09-16 07:31:37.022926,6.616666666666666
df5fbc9d-6b2e-4a03-84b3-7e9dd553250b,4150,14,5,1,0,2.0,0.11,121,264,121_264,0.5304086440469025,2026-09-16 07:31:37.022926,0.05
1bb44b58-6801-4958-874a-7b4f736137e5,6658,16,7,1,2,1.0,1.3,74,75,74_75,9.685576538564414,2026-09-16 07:31:37.022926,7.666666666666667
f87386c4-c838-4276-beac-629fba379702,3444,19,4,1,6,1.0,2.19,74,116,74_116,12.080007872208487,2026-09-16 07:31:37.022926,11.316666666666666
ebdcadb3-d42f-499f-afbc-de773a2eba92,12741,19,12,1,0,1.0,0.92,74,41,74_41,6.323507271360223,2026-09-16 07:31:37.022926,11.083333333333334
381d2439-65ec-4eed-b096-d0305103812e,30577,17,28,1,2,1.0,2.07,166,239,166_239,16.21101623449364,2026-09-16 07:31:37.022926,15.766666666666667
35ed6228-b8dd-4ff6-b4c0-fc725b046e82,16780,0,16,1,4,1.0,0.89,75,75,75_75,5.432732376262968,2026-09-16 07:31:37.022926,5.1
ab40b789-cef5-4a33-8801-a73fc97a607d,18980,23,17,1,5,1.0,2.69,74,262,74_262,12.40736547623919,2026-09-16 07:31:37.022926,9.383333333333333
f219ab64-67aa-400b-8f0f-77cd01a996aa,1830,0,3,1,5,1.0,6.63,130,82,130_82,20.008976205655575,2026-09-16 07:31:37.022926,17.983333333333334
9901a939-d5f7-429c-bd6a-9e975510ce52,7060,21,7,1,2,1.0,0.83,75,236,75_236,5.128893405181151,2026-09-16 07:31:37.022926,4.15
d964efde-2e8e-4320-b696-7216d8194bd8,1826,0,3,1,5,1.0,1.56,97,49,97_49,8.723857294859325,2026-09-16 07:31:37.022926,9.666666666666666
f2ad7925-b524-40ce-9782-a984c5e77af5,28968,15,27,1,1,1.0,2.54,82,129,82_129,20.564832681664605,2026-09-16 07:31:37.022926,26.316666666666663
046fbbc9-b658-46fe-828e-c26c0760c37d,32485,0,30,1,4,1.0,2.19,41,238,41_238,11.703925367875847,2026-09-16 07:31:37.022926,10.716666666666669
1f3eb80c-2e30-4974-b0e8-bf39824a5474,14544,12,14,1,2,1.0,5.54,82,256,82_256,25.349415658791305,2026-09-16 07:31:37.022926,28.05
44dba7f9-db06-419e-a473-c402fa954b42,29464,20,27,1,1,1.0,2.27,74,151,74_151,16.321506065034438,2026-09-16 07:31:37.022926,14.266666666666667
85681b57-9f83-4e11-971c-8fb0edd8172f,23362,19,21,1,2,2.0,1.9,97,17,97_17,14.268801960796845,2026-09-16 07:31:37.022926,13.766666666666667
9cd7acf7-b43c-4836-a48e-ce83fcbb74fe,15168,19,14,1,2,1.0,1.54,75,263,75_263,10.095778244435424,2026-09-16 07:31:37.022926,8.766666666666667
ed09208b-dfe5-46f7-ae89-a4956f1de858,14084,23,13,1,1,1.0,15.45,82,132,82_132,31.92996282515053,2026-09-16 07:31:37.022926,30.4
a2df9c87-8ee1-4056-bb5f-96a78e51b5fc,5769,19,6,1,1,1.0,2.26,74,116,74_116,12.970541494285664,2026-09-16 07:31:37.022926,12.15
d432b20d-7391-4612-88f4-7b61b7a9480b,18257,9,17,1,5,1.0,6.57,166,234,166_234,22.425067335218237,2026-09-16 07:31:37.022926,24.416666666666668
f7c9eaca-c4ca-4a9e-9cfc-64d0c62b485a,14234,8,14,1,2,4.0,1.63,166,239,166_239,9.27585741380909,2026-09-16 07:31:37.022926,8.566666666666666
1253a738-9fec-4269-8340-9a965937af71,24754,19,22,1,3,1.0,1.61,75,263,75_263,10.573371928978938,2026-09-16 07:31:37.022926,12.8
97489a16-f072-4f74-8549-a782fbc617a8,26192,20,23,1,4,1.0,10.4,75,25,75_25,29.241681647349274,2026-09-16 07:31:37.022926,32.21666666666667
54137ad4-bfe4-45cf-a595-b4826e0ad9d1,14927,18,14,1,2,1.0,1.01,134,134,134_134,6.793701602122214,2026-09-16 07:31:37.022926,8.083333333333334
ae444b41-34fb-4766-b711-64f3b7af16ee,13117,9,13,1,1,1.0,3.43,74,119,74_119,20.272867545283614,2026-09-16 07:31:37.022926,18.45
b8d2b051-dd26-43a4-8e6b-da259fa8ccef,31575,13,29,1,3,1.0,0.8,74,75,74_75,11.040238735977889,2026-09-16 07:31:37.022926,7.5
c1088ce9-91dd-4005-b363-b5c86e40651d,3739,8,6,1,1,1.0,3.39,74,140,74_140,21.36806507037165,2026-09-16 07:31:37.022926,25.366666666666667
e4f3f594-5649-48a3-9725-9b79cd25742a,10932,11,11,1,6,1.0,3.07,74,238,74_238,17.01761118441432,2026-09-16 07:31:37.022926,19.05
34a6fef0-931f-4435-b61b-a6640613854d,29217,17,27,1,1,3.0,1.62,260,7,260_7,16.062957739715603,2026-09-16 07:31:37.022926,12.566666666666666
fe273696-1736-4c07-ac97-8f157f8c9d8d,15926,13,15,1,3,1.0,6.82,74,138,74_138,15.413995506676418,2026-09-16 07:31:37.022926,16.033333333333335
5b03f83a-11a8-4f7d-89e5-9364b65f8dc0,16880,7,16,1,4,1.0,1.41,74,152,74_152,9.83795830774055,2026-09-16 07:31:37.022926,8.616666666666667
926d5923-4f6c-4298-958e-56fff7e0a4e5,9679,1,10,1,5,1.0,4.79,255,239,255_239,18.02197473251716,2026-09-16 07:31:37.022926,40.36666666666667
22a79f9a-6e6c-49bf-a23c-5cd75255497e,1801,23,2,1,4,1.0,1.45,97,89,97_89,9.750245614495421,2026-09-16 07:31:37.022926,15.766666666666667
286a8a27-711a-4f70-bcf7-a2766fa4a9e4,12617,18,12,1,0,1.0,2.52,74,237,74_237,15.508094516609365,2026-09-16 07:31:37.022926,14.883333333333333
34238ca8-1913-4e85-abfa-6049ef848431,11155,15,11,1,6,1.0,1.6,74,236,74_236,10.348373545415708,2026-09-16 07:31:37.022926,8.266666666666667
4c2a86bb-1ff9-4ab4-befc-075d7b1e9a2c,25905,17,23,1,4,1.0,0.7,95,95,95_95,6.49456936070983,2026-09-16 07:31:37.022926,5.516666666666667
30a6ccce-53fd-43ed-8dbf-3ca7238b6343,3814,9,5,1,0,2.0,1.75,74,42,74_42,11.618792693345474,2026-09-16 07:31:37.022926,11.433333333333334
d6dd2dd9-4d0e-4b46-a820-863cd17d0f9b,2626,20,3,1,5,1.0,1.83,181,66,181_66,13.011221197498264,2026-09-16 07:31:37.022926,7.833333333333333
650e12ef-5184-49f0-9d20-a92dcf2ff17c,25944,17,23,1,4,1.0,0.22,95,95,95_95,3.961175292912965,2026-09-16 07:31:37.022926,4.416666666666667
ea0b3024-ed58-4ed4-b0db-d540a66364e8,26543,7,24,1,5,1.0,1.16,92,53,92_53,6.234112813199459,2026-09-16 07:31:37.022926,3.6166666666666663
862585fa-dea5-4be3-b789-0aee9d4b6f78,31379,10,29,1,3,1.0,0.54,75,75,75_75,5.986968720668404,2026-09-16 07:31:37.022926,13.0
8db63549-5aee-40a1-9363-358ffe589678,16972,8,16,1,4,1.0,1.41,130,10,130_10,10.30066477230397,2026-09-16 07:31:37.022926,9.516666666666667
5031d10c-7b67-4fd2-8a59-c72006581ae8,27575,0,25,1,6,1.0,1.53,74,168,74_168,8.585263488482987,2026-09-16 07:31:37.022926,8.933333333333334
5371d53a-b6c5-408e-a406-1409755ef821,15152,19,14,1,2,1.0,2.64,74,262,74_262,15.737475515555936,2026-09-16 07:31:37.022926,14.233333333333333
6d767d48-f2c3-488b-9056-9d3c5ea650d7,27227,18,24,1,5,1.0,3.36,75,162,75_162,25.618647348986983,2026-09-16 07:31:37.022926,25.733333333333334
ca0310f9-1c0b-46c6-b582-ffafc4b5185d,31841,16,29,1,3,1.0,1.14,236,236,236_236,11.232893337065121,2026-09-16 07:31:37.022926,10.5
59ca793c-4a1e-4a47-98b0-ac1b2ef1d7ca,24666,18,22,1,3,2.0,1.23,43,262,43_262,9.82278444457353,2026-09-16 07:31:37.022926,11.366666666666667
376b84ce-fec9-43c2-b46d-10d74613e9a3,23051,16,21,1,2,1.0,2.2,65,17,65_17,17.94348581482212,2026-09-16 07:31:37.022926,16.95
06ce4dff-ddbe-45fd-bc84-fbf0d7a9e39b,33793,22,30,1,4,1.0,2.86,74,43,74_43,18.881151925232054,2026-09-16 07:31:37.022926,11.1
06c039d7-4adb-4ac8-8993-a8fe081c0eb6,6009,7,7,1,2,1.0,8.75,75,231,75_231,32.07332972200381,2026-09-16 07:31:37.022926,32.916666666666664
cde6b5c4-bb25-4aed-b53b-a3f2cf965699,33145,15,30,1,4,1.0,3.28,74,239,74_239,29.502577964787122,2026-09-16 07:31:37.022926,28.716666666666665
fd110d5d-6258-4f1a-b6a9-72456dc7d9f6,6472,14,7,1,2,2.0,3.14,74,140,74_140,21.3954911829271,2026-09-16 07:31:37.022926,18.016666666666666
80f8b1d2-54cb-45a4-a4ac-bae521f6a5ee,30517,16,28,1,2,1.0,1.1,65,40,65_40,11.47458667648519,2026-09-16 07:31:37.022926,12.616666666666667
2517046a-0c46-4770-b911-ea35905c4fed,2041,11,3,1,5,1.0,0.0,193,193,193_193,0.6396240169062977,2026-09-16 07:31:37.022926,0.3
7e1face9-43a7-47d4-aff3-75e0ff38719d,3553,0,5,1,0,2.0,1.08,129,129,129_129,6.80344286747644,2026-09-16 07:31:37.022926,6.616666666666666
a60c0454-4a01-44cc-bbeb-fe1e060f514a,32449,22,29,1,3,1.0,3.1,75,229,75_229,17.173652878215833,2026-09-16 07:31:37.022926,19.766666666666666
9c50115f-10a2-47fb-babb-1cae0515747d,25571,14,23,1,4,1.0,1.7,97,49,97_49,15.091999942396845,2026-09-16 07:31:37.022926,12.0
0f12fd5c-8377-44b3-99f8-42a4d2d1b3e1,29338,18,27,1,1,5.0,0.84,134,134,134_134,7.694007852130861,2026-09-16 07:31:37.022926,6.45
8e05d76f-0341-47d3-89da-88a354f4635f,32667,8,30,1,4,1.0,0.4,236,236,236_236,4.189361254376096,2026-09-16 07:31:37.022926,4.7
eacb96e7-e35d-45bc-9ed2-af039be45618,24798,20,22,1,3,1.0,1.45,24,166,24_166,8.996748982591646,2026-09-16 07:31:37.022926,10.233333333333333
8000df7f-3d33-4b12-b5e0-76873763e95e,32478,22,29,1,3,1.0,0.18,226,226,226_226,1.4082213007532274,2026-09-16 07:31:37.022926,0.7
67f56efe-4ed9-4a5d-9119-d1af67bf2750,33045,13,30,1,4,2.0,0.0,56,56,56_56,3.812424427747219,2026-09-16 07:31:37.022926,0.0833333333333333
4ab5312e-e793-464b-a50d-40d8b40fd7b0,25741,16,23,1,4,2.0,1.27,97,49,97_49,13.37478754665332,2026-09-16 07:31:37.022926,15.25
493eceb8-bba9-4377-93df-5d7f01397245,32699,9,30,1,4,1.0,1.34,74,75,74_75,17.325405829416212,2026-09-16 07:31:37.022926,17.316666666666666
cc55cfbe-ebcd-4887-9247-b24884ba0da4,11372,18,11,1,6,1.0,2.81,74,74,74_74,12.050511214471685,2026-09-16 07:31:37.022926,28.366666666666667
278ca36f-65f0-4da7-8ca4-7b573a4ef2f9,13666,17,13,1,1,5.0,1.73,134,197,134_197,12.198175742827413,2026-09-16 07:31:37.022926,11.583333333333334
d2deb035-cb2d-49da-a264-c322b0cf77af,29869,9,28,1,2,3.0,3.2,75,142,75_142,28.63228223420339,2026-09-16 07:31:37.022926,23.833333333333332
99df030a-ee40-40a3-b6dc-b656464f0ddd,18046,23,16,1,4,1.0,0.52,95,95,95_95,3.2782391935180435,2026-09-16 07:31:37.022926,3.5833333333333335
c6eb34d3-c105-41ae-b4b9-e3c142126260,34067,12,31,1,5,2.0,1.4,65,52,65_52,16.090612300960203,2026-09-16 07:31:37.022926,13.916666666666666
95d9e50d-8a76-401b-939f-5a6b7b7b113e,4455,17,5,1,0,1.0,1.32,75,74,75_74,6.698135018447374,2026-09-16 07:31:37.022926,7.65
850bb567-2567-4696-9fe0-fbcb90906857,25162,8,23,1,4,1.0,0.86,74,41,74_41,6.850517132100006,2026-09-16 07:31:37.022926,7.666666666666667
be4a7481-1ba5-40de-a52b-05cd50da51a7,30022,10,28,1,2,1.0,1.92,74,152,74_152,18.063069312447354,2026-09-16 07:31:37.022926,16.666666666666668
5f517089-c0a8-4925-b698-122f304cffdb,26053,18,23,1,4,1.0,2.0,264,237,264_237,16.090700741206113,2026-09-16 07:31:37.022926,14.966666666666669
19b2e423-7926-442b-984a-b4d641110ecd,34378,16,31,1,5,1.0,0.28,129,129,129_129,3.8285655852947165,2026-09-16 07:31:37.022926,13.816666666666666
26517765-dad3-4c84-a272-e0bd5e57f03d,18346,11,18,1,6,1.0,1.94,74,263,74_263,10.065857942609306,2026-09-16 07:31:37.022926,7.233333333333333
443034b9-4f3d-4369-99d2-c42b75b1095c,18957,23,17,1,5,1.0,1.11,83,83,83_83,5.844232743489546,2026-09-16 07:31:37.022926,7.85
2c17c265-27a2-4559-bc49-4c2a0a0ee540,17097,10,16,1,4,1.0,0.6,41,42,41_42,4.574997496036825,2026-09-16 07:31:37.022926,2.55
05cf9c9c-1447-4869-b3d2-221e07794332,7631,13,8,1,3,1.0,3.48,166,50,166_50,19.34389727212514,2026-09-16 07:31:37.022926,12.283333333333331
92818461-8d3c-4858-9faa-c9839ad8a1d6,18024,21,16,1,4,1.0,1.38,74,43,74_43,8.000592417750962,2026-09-16 07:31:37.022926,7.75
6b959a26-6995-4562-a31d-5343a19cd93d,10162,15,10,1,5,1.0,4.21,82,134,82_134,20.630862075150265,2026-09-16 07:31:37.022926,18.8
480c460e-305f-45fd-b19b-e44de8307f9e,777,22,1,1,3,1.0,6.16,41,158,41_158,26.748413270898794,2026-09-16 07:31:37.022926,20.433333333333337
8da0eb1d-b00f-4aea-8db7-2561f3bb1504,31405,10,29,1,3,1.0,0.73,236,75,236_75,7.8536233048236195,2026-09-16 07:31:37.022926,8.483333333333333
2a045af7-8bf9-459a-ba7a-ee6eb29cbff2,20444,16,19,1,0,2.0,8.6,244,186,244_186,25.7532691151838,2026-09-16 07:31:37.022926,28.3
ba3fe5ce-572b-46d3-9d43-8bf75405769f,8611,9,9,1,4,1.0,8.5,41,138,41_138,21.28677662247482,2026-09-16 07:31:37.022926,30.05
666f60e3-ec56-4721-9410-0bd0ce44e9af,26647,10,24,1,5,1.0,0.38,82,82,82_82,4.977864700656445,2026-09-16 07:31:37.022926,1.75
7c7c546a-6358-4749-b453-689278d0bf5a,5398,15,6,1,1,2.0,0.55,166,166,166_166,4.300987877521664,2026-09-16 07:31:37.022926,2.783333333333333
317be762-a8b8-4546-8f85-d6b58fc9bfdb,9787,9,10,1,5,1.0,2.14,74,42,74_42,10.822138794976354,2026-09-16 07:31:37.022926,13.283333333333331
f22dbced-7a8c-4b9d-a91b-a19fa2ff8d3d,29524,21,27,1,1,1.0,2.0,95,196,95_196,11.600892651180546,2026-09-16 07:31:37.022926,11.533333333333331
501e3a2c-02de-4c91-a3de-38a7cc61f9f1,33567,19,30,1,4,1.0,8.3,75,138,75_138,25.767227494148997,2026-09-16 07:31:37.022926,29.783333333333335
dacca572-6da7-4cad-82c6-d6201996b873,32442,22,29,1,3,1.0,1.34,75,166,75_166,9.07319932576192,2026-09-16 07:31:37.022926,6.7
696fdf29-c14b-4f34-98e5-7e7581aa7ba2,27484,22,24,1,5,1.0,1.59,65,49,65_49,12.37566709645039,2026-09-16 07:31:37.022926,10.45
8fdf0fd4-8ce9-4989-bb94-58ab4767bb2f,27377,20,24,1,5,1.0,2.75,74,236,74_236,13.275675238592767,2026-09-16 07:31:37.022926,14.25
372a70dc-0071-4feb-926c-6c8dd27302a9,32637,8,30,1,4,1.0,6.8,74,138,74_138,16.692385205847415,2026-09-16 07:31:37.022926,20.616666666666667
b950f37a-0830-4bff-b5df-34956f9817f6,1923,7,3,1,5,1.0,9.69,195,140,195_140,26.29328360796486,2026-09-16 07:31:37.022926,23.166666666666668
48e70191-d8c6-4ddc-93cb-58cf32401c83,21473,13,20,1,1,1.0,4.29,49,89,49_89,24.457220528945644,2026-09-16 07:31:37.022926,33.083333333333336
7092740d-e58b-4408-95df-8ecc1ad7f099,14882,16,14,1,2,1.0,1.48,130,215,130_215,11.013149272741067,2026-09-16 07:31:37.022926,13.216666666666669
f9ac4b8b-ac60-4384-9949-db89c3330e9f,2554,19,3,1,5,1.0,2.27,74,24,74_24,12.190207012195746,2026-09-16 07:31:37.022926,13.466666666666669
88ed054e-5c68-454d-be78-35b4f0f08fe6,22172,21,20,1,1,1.0,1.95,95,135,95_135,9.208958539151881,2026-09-16 07:31:37.022926,8.333333333333334
4d6a71f6-ae1b-4543-9277-710c6b4213ec,9128,16,9,1,4,1.0,0.11,7,7,7_7,2.3006428598280855,2026-09-16 07:31:37.022926,1.5833333333333333
da4bc242-6b16-4d2a-91b4-f2a4ba981e6c,33440,18,30,1,4,1.0,2.9,74,141,74_141,23.867472936596368,2026-09-16 07:31:37.022926,24.833333333333332
bd530a57-3fd1-42a1-ad52-4d6a6c01d14b,21782,16,20,1,1,1.0,3.57,82,82,82_82,23.895148706280853,2026-09-16 07:31:37.022926,53.1
ecb0a022-121d-4ac3-8a8c-cbc874ef1e79,5527,17,6,1,1,1.0,1.46,65,189,65_189,13.965081758311017,2026-09-16 07:31:37.022926,17.8
f2c59284-d38d-404a-a98f-b50cf26d823c,27991,15,26,1,0,1.0,1.3,75,264,75_264,7.860432557190151,2026-09-16 07:31:37.022926,9.0
14d1be33-041c-48f6-a544-11dda3fa1d03,26667,10,24,1,5,1.0,2.67,166,244,166_244,13.035105634311396,2026-09-16 07:31:37.022926,12.066666666666666
2aee9b22-102f-4104-8386-2e711057115e,30263,14,28,1,2,6.0,2.27,166,75,166_75,19.73633245717815,2026-09-16 07:31:37.022926,18.6
2c70761d-ca14-42f4-b5d4-2d608becb2ee,34353,15,31,1,5,2.0,2.72,74,238,74_238,18.816673403160436,2026-09-16 07:31:37.022926,21.45
43b4f599-ceba-4417-a979-ae5592449ffc,3649,6,5,1,0,1.0,1.92,41,239,41_239,8.762153216388391,2026-09-16 07:31:37.022926,9.15
9c6b89c6-e62f-4ebd-9454-f8f154bb28f9,9442,19,9,1,4,1.0,1.15,74,41,74_41,7.466895085034723,2026-09-16 07:31:37.022926,10.5
db496c05-05a8-4f86-b7aa-b41cbd2f95ce,18495,14,17,1,5,1.0,0.57,41,41,41_41,4.698703540238333,2026-09-16 07:31:37.022926,3.433333333333333
502c279b-ff05-49e2-b28e-a8ef0c080814,31133,7,29,1,3,1.0,6.86,95,216,95_216,27.445901612843105,2026-09-16 07:31:37.022926,30.566666666666663
ba3b9b4a-9a0f-44a6-aab8-9f3bda821768,15707,10,15,1,3,1.0,6.84,74,138,74_138,15.378087198884892,2026-09-16 07:31:37.022926,14.666666666666666
3be3b15d-0da0-4dd0-ac50-fb398f09486f,12380,16,12,1,0,1.0,1.08,75,238,75_238,7.874700022787759,2026-09-16 07:31:37.022926,6.383333333333334
491f6cc8-fc8b-403b-b18b-6e8b3191f6dc,1556,18,2,1,4,1.0,10.08,130,16,130_16,32.83126873699004,2026-09-16 07:31:37.022926,22.766666666666666
227ed5ae-6cca-4251-84ee-70222e006095,169,3,1,1,3,2.0,0.27,33,33,33_33,2.572598263354735,2026-09-16 07:31:37.022926,1.0666666666666669
52db8e6d-0add-4874-a81f-bf1b90ea7dd8,6951,19,7,1,2,2.0,0.82,166,151,166_151,4.882827396149265,2026-09-16 07:31:37.022926,3.8
5013f231-9290-4cc6-afed-428906f0da27,4,0,1,1,3,1.0,2.76,95,82,95_82,15.314801249992707,2026-09-16 07:31:37.022926,18.6
b0d4ab56-54e8-4745-9e9d-2cad1caa0b0f,11686,6,12,1,0,1.0,1.53,74,75,74_75,8.177761536295169,2026-09-16 07:31:37.022926,8.616666666666667
db03c943-ad34-4ed5-b872-cf04990b54cd,8749,11,9,1,4,1.0,2.6,22,155,22_155,16.627836712624717,2026-09-16 07:31:37.022926,36.11666666666667
07b17f49-8728-44e5-88d2-6581b442ae74,18086,0,17,1,5,1.0,2.0,130,197,130_197,9.565840682949249,2026-09-16 07:31:37.022926,11.0
f8f4cb1f-30f2-4b5b-ba9f-e3bff4ab9a79,21668,15,20,1,1,1.0,1.8,74,166,74_166,13.5953997980737,2026-09-16 07:31:37.022926,15.9
74f876d0-8613-4b86-911c-2990350eac7c,22210,22,20,1,1,1.0,0.79,130,215,130_215,4.8540876616450985,2026-09-16 07:31:37.022926,4.016666666666667
a557823d-4b2e-4942-b462-87d3391d91bc,6316,11,7,1,2,1.0,8.28,236,138,236_138,22.39400333099129,2026-09-16 07:31:37.022926,21.766666666666666
faef51d0-5d40-4449-8cea-e0b6f0873983,17649,17,16,1,4,1.0,1.7,97,61,97_61,16.184432848125063,2026-09-16 07:31:37.022926,13.766666666666667
dc61ccea-ca31-467e-8810-44ddcb7fd53b,28272,21,26,1,0,1.0,0.42,82,82,82_82,6.721618152317536,2026-09-16 07:31:37.022926,3.2333333333333334
b5cfe69e-0ac7-4821-ace0-c478de882184,19320,12,18,1,6,1.0,2.01,74,151,74_151,10.927131684840138,2026-09-16 07:31:37.022926,13.05
eb2ffb9a-58e0-4e81-b766-c0b31fe169e0,8235,20,8,1,3,1.0,6.5,75,60,75_60,19.8098526712643,2026-09-16 07:31:37.022926,23.316666666666663
f585fb0a-f2ce-48e9-b7be-3370ff7d8134,13472,14,13,1,1,1.0,3.92,75,233,75_233,23.61427626518131,2026-09-16 07:31:37.022926,18.066666666666663
96c1459b-0220-4ad6-b284-d6879c225083,2773,6,4,1,6,1.0,0.89,74,42,74_42,5.107403147807658,2026-09-16 07:31:37.022926,5.316666666666666
bfe4aa06-add6-4230-99d7-551fe3dbcbb9,2417,17,3,1,5,1.0,0.0,7,7,7_7,2.734203285959427,2026-09-16 07:31:37.022926,0.0666666666666666
1e9f3fa0-e9e9-45b6-8e89-1aa713f616b1,27136,17,24,1,5,1.0,1.34,97,33,97_33,13.280541493576349,2026-09-16 07:31:37.022926,10.116666666666667
3f45594c-fdf8-4ede-beb5-bdbe12c622b0,19748,20,18,1,6,1.0,2.93,74,239,74_239,13.896615170542352,2026-09-16 07:31:37.022926,10.633333333333333
eeaf6e8b-a7c3-4d61-9d7a-acd4967df528,15349,22,14,1,2,1.0,1.0,75,238,75_238,4.840448933119433,2026-09-16 07:31:37.022926,4.266666666666667
ac2cf5f3-2188-4a92-837b-6a7aced6f67b,33131,14,30,1,4,1.0,2.59,74,238,74_238,23.469330452800634,2026-09-16 07:31:37.022926,30.1
b682096c-785a-4a2c-a5b0-a59b99e478ca,18457,13,17,1,5,1.0,1.36,95,135,95_135,7.9244586859690695,2026-09-16 07:31:37.022926,7.616666666666666
810efea7-1645-4062-94b1-38db3e661265,30356,15,28,1,2,1.0,2.8,75,74,75_74,30.795750324582436,2026-09-16 07:31:37.022926,31.383333333333333
0f638620-daa2-4362-b57a-7555d2ae5c4f,17003,9,16,1,4,1.0,1.91,75,262,75_262,17.4768332835553,2026-09-16 07:31:37.022926,17.616666666666667
5498faf2-035f-4588-a1d9-41a23ac8132a,6412,13,7,1,2,1.0,2.8,75,162,75_162,24.477975611972017,2026-09-16 07:31:37.022926,20.716666666666665
49ced541-3e22-4434-b31c-94d8b4d00307,5901,22,6,1,1,1.0,2.37,74,116,74_116,11.851111941747737,2026-09-16 07:31:37.022926,12.8
d53a03e8-5288-4d16-8555-eee5ea7c211f,4638,20,5,1,0,1.0,3.7,65,37,65_37,25.949087735834148,2026-09-16 07:31:37.022926,20.083333333333332
ab3893b8-43b6-48ea-991b-2ccf4891d3c8,13510,15,13,1,1,1.0,3.08,43,48,43_48,21.84745300785811,2026-09-16 07:31:37.022926,22.916666666666668
b69de919-4392-4a6e-a5dc-5f8639d54a27,2735,1,4,1,6,1.0,1.9,255,211,255_211,15.57911887340329,2026-09-16 07:31:37.022926,19.666666666666668
54832f36-9b94-4e37-a8d2-b1a45e2de29d,12945,7,13,1,1,1.0,1.45,74,75,74_75,11.065664169185153,2026-09-16 07:31:37.022926,6.733333333333333
1a3577cf-4985-4299-aa48-568cfea7aac6,33693,20,30,1,4,1.0,1.28,95,134,95_134,10.541967113399144,2026-09-16 07:31:37.022926,8.416666666666666
227441d9-ef3d-4889-b513-a0038657828a,5019,10,6,1,1,1.0,3.68,82,138,82_138,9.454034121907378,2026-09-16 07:31:37.022926,8.6
33ccdc63-7eb0-4edc-81bb-047642e03bd2,31053,0,29,1,3,1.0,2.94,130,219,130_219,16.80656443212452,2026-09-16 07:31:37.022926,15.266666666666667
279504c1-d9d2-4e39-8563-aca610cade34,10927,11,11,1,6,1.0,2.21,74,151,74_151,11.825463342320301,2026-09-16 07:31:37.022926,13.666666666666666
3a94dcdc-fa49-4361-bc2e-dc9e8f9f20ac,20760,20,19,1,0,1.0,3.35,95,216,95_216,15.844151315421573,2026-09-16 07:31:37.022926,17.25
b1ba4f2c-4bb1-47e7-8d2a-1eef458b8209,25010,4,23,1,4,2.0,0.0,129,264,129_264,0.10810410539552537,2026-09-16 07:31:37.022926,0.0333333333333333
a4663fb0-87fc-43c6-8556-64da45862103,182,3,1,1,3,1.0,3.14,255,226,255_226,14.120276908644833,2026-09-16 07:31:37.022926,12.883333333333333
890edf63-9ddb-46d5-b838-311bf2bb0a24,1048,11,2,1,4,1.0,0.58,82,82,82_82,5.866785742592278,2026-09-16 07:31:37.022926,3.4
079ba4b2-5752-4f6a-89f6-35bf6843687e,22799,12,21,1,2,1.0,1.66,74,75,74_75,12.96699542823797,2026-09-16 07:31:37.022926,13.383333333333333
25da2839-632b-4295-a6a7-7b7230e05242,21677,15,20,1,1,1.0,3.75,75,229,75_229,23.67887378396757,2026-09-16 07:31:37.022926,32.8
7d3be603-641b-45e4-b793-96a95e2e8b52,28832,13,27,1,1,1.0,2.3,166,244,166_244,12.742916534329897,2026-09-16 07:31:37.022926,22.65
8edfb971-687f-4048-b7c0-3a30c3bd1fc1,17153,11,16,1,4,1.0,4.61,43,234,43_234,26.28501507643016,2026-09-16 07:31:37.022926,30.7
b42e7eab-447a-43be-84e0-69c4adb96617,17286,13,16,1,4,1.0,0.98,75,74,75_74,7.470378447357695,2026-09-16 07:31:37.022926,6.466666666666667
6272fcd7-8a42-43ed-9133-f3917e0104bd,25753,16,23,1,4,1.0,0.75,223,223,223_223,6.566021206371147,2026-09-16 07:31:37.022926,6.933333333333334
4d861eb4-db05-46d7-adac-21555ed646fc,22246,22,20,1,1,2.0,1.82,25,49,25_49,10.621312358594206,2026-09-16 07:31:37.022926,11.05
238680b2-25b4-4bf6-a3b6-64265bb0c641,26310,22,23,1,4,1.0,0.86,82,260,82_260,6.98330883526126,2026-09-16 07:31:37.022926,5.333333333333333
fdd21b49-7a85-4c1d-b525-eef5106f823a,31387,10,29,1,3,2.0,0.95,75,75,75_75,9.576830727550279,2026-09-16 07:31:37.022926,12.483333333333333
37d83041-641c-412c-b7b3-ef38e6afaeb8,12509,17,12,1,0,1.0,0.1,41,41,41_41,1.989773075657747,2026-09-16 07:31:37.022926,1.7333333333333334
395c0ab6-ab25-4f2f-998e-e97979bc5110,22399,7,21,1,2,2.0,4.29,43,246,43_246,21.070721418294355,2026-09-16 07:31:37.022926,19.666666666666668
fba2f939-79be-484a-93fa-08532e9c0049,33345,17,30,1,4,1.0,1.07,43,263,43_263,11.194166988082548,2026-09-16 07:31:37.022926,8.033333333333333
dd4bb0e1-3e48-42d6-ae48-c28a70fed19c,5604,17,6,1,1,1.0,6.59,74,138,74_138,19.93510385725995,2026-09-16 07:31:37.022926,25.283333333333335
c18df33a-3735-4d8f-a4f3-567107e14c9f,27935,14,26,1,0,1.0,1.49,74,75,74_75,9.958424854776386,2026-09-16 07:31:37.022926,8.783333333333333
82b35891-13ef-400c-b3c9-e420e63b8a7f,16039,13,15,1,3,2.0,1.16,74,41,74_41,8.846220283864223,2026-09-16 07:31:37.022926,9.75
8c3f589e-824b-4313-8b2d-ba4a95d8268d,19346,13,18,1,6,1.0,1.6,74,166,74_166,10.03816564668324,2026-09-16 07:31:37.022926,13.433333333333334
00c7a8c3-f88b-4725-b516-e168585f2ad9,22012,18,20,1,1,5.0,1.43,95,95,95_95,9.782368781468959,2026-09-16 07:31:37.022926,14.866666666666667
12294158-e93b-47ed-af65-f265c16d9f43,4593,19,5,1,0,5.0,0.9,7,179,7_179,6.426129196088591,2026-09-16 07:31:37.022926,7.066666666666666
6520d585-7036-4e41-81e2-90b87e5c3ead,12685,19,12,1,0,1.0,1.85,43,239,43_239,9.059525745570022,2026-09-16 07:31:37.022926,9.55
f1725026-0c19-4ebe-91d8-381042fb26b7,22195,21,20,1,1,1.0,1.11,74,41,74_41,6.437067352421867,2026-09-16 07:31:37.022926,7.0
105c77e6-e759-4c5b-a13c-a86ddc2fec48,8122,19,8,1,3,1.0,0.11,146,146,146_146,1.7966767834826578,2026-09-16 07:31:37.022926,9.583333333333334
d2741968-fc83-448a-8357-8312f38442b4,22584,9,21,1,2,1.0,3.2,74,237,74_237,24.051736412690534,2026-09-16 07:31:37.022926,23.283333333333335
fbd86136-ee15-4e77-98e4-647e3cc3bd85,14132,6,14,1,2,5.0,5.65,166,90,166_90,20.910591075825526,2026-09-16 07:31:37.022926,18.2
66d9121b-f68c-4371-bd1b-1a795eb5ed49,28277,21,26,1,0,1.0,2.26,74,263,74_263,11.591767489751566,2026-09-16 07:31:37.022926,11.4
f15c4bb6-82fe-42e7-a039-e6d416e70851,22721,11,21,1,2,1.0,1.73,75,41,75_41,12.543117696964691,2026-09-16 07:31:37.022926,9.966666666666669
c3af4207-eab1-4834-a981-827b70fcd5c8,24921,22,22,1,3,1.0,0.83,97,106,97_106,8.47237932732768,2026-09-16 07:31:37.022926,6.0
3248b038-40e9-48c3-9302-6acbad9a7071,8145,19,8,1,3,1.0,0.68,134,28,134_28,4.234711604373037,2026-09-16 07:31:37.022926,5.616666666666666
f85b8bc9-b804-4dd0-8ad0-6e3d72c568d5,26882,14,24,1,5,1.0,3.5,196,121,196_121,17.64296117696753,2026-09-16 07:31:37.022926,9.066666666666666
40af6f7c-9f86-4c13-9341-5caf3b3051a3,18636,16,17,1,5,1.0,0.75,75,236,75_236,5.717870278533717,2026-09-16 07:31:37.022926,3.5166666666666666
fc03accf-d5b8-4104-87da-3338431ffad6,29175,17,27,1,1,1.0,0.77,74,41,74_41,7.826323196419426,2026-09-16 07:31:37.022926,6.183333333333334
3bd1b749-a383-4f76-8ed0-7dedccd7a070,29527,21,27,1,1,1.0,0.4,82,129,82_129,4.41841446912048,2026-09-16 07:31:37.022926,3.6666666666666665
10c12df5-2544-49a0-8de2-c55b585167b0,18155,4,17,1,5,1.0,2.97,129,70,129_70,8.278620156963749,2026-09-16 07:31:37.022926,9.166666666666666
c0b95c1b-e7b4-4669-9aa6-8b6a711da8bc,18753,18,17,1,5,1.0,0.64,75,75,75_75,4.87955171838475,2026-09-16 07:31:37.022926,4.616666666666666
e57d7218-a813-4d76-b2d3-f3f1b10adcd8,10323,17,10,1,5,1.0,1.31,95,102,95_102,8.959269886948034,2026-09-16 07:31:37.022926,11.516666666666667
15181ef3-67cc-4be0-8094-0abab1f63ed0,18770,19,17,1,5,1.0,1.05,130,215,130_215,6.909640117686329,2026-09-16 07:31:37.022926,6.4
b3a48f06-3bbd-4054-a3db-a9f96ceede70,33205,14,30,1,4,2.0,2.79,74,236,74_236,26.702381882503072,2026-09-16 07:31:37.022926,35.833333333333336
0e06f6df-e054-40e7-a136-c362600b6193,12402,16,12,1,0,1.0,1.4,41,74,41_74,10.61534734497723,2026-09-16 07:31:37.022926,9.8
d484733e-dcc5-4399-ba73-dd8bd09ce092,24625,18,22,1,3,2.0,2.36,74,151,74_151,16.07027042568272,2026-09-16 07:31:37.022926,16.366666666666667
6a40ff57-c0ec-4a37-8dd6-fdba53d9b444,12920,6,13,1,1,1.0,1.2,74,75,74_75,7.7049941830194415,2026-09-16 07:31:37.022926,6.533333333333333
00bd93ac-ac80-4f22-9617-00fc452e69f3,9106,16,9,1,4,1.0,1.88,223,223,223_223,15.404268778894796,2026-09-16 07:31:37.022926,13.183333333333334
4841683e-bfdf-4dcb-9ae5-c58ad505410b,10650,22,10,1,5,1.0,5.35,33,45,33_45,20.826482202423595,2026-09-16 07:31:37.022926,30.083333333333332
79ed39ec-987a-453e-bbfa-fac3abbce13a,20706,19,19,1,0,1.0,1.27,75,262,75_262,8.883865574553441,2026-09-16 07:31:37.022926,8.566666666666666
65ae0781-06f2-4135-a9c4-d5e2e66b9e86,8035,18,8,1,3,1.0,1.39,75,263,75_263,9.624059559575612,2026-09-16 07:31:37.022926,9.3
804af0e9-661d-4ca5-9a90-8f40950e2d39,12421,16,12,1,0,1.0,0.34,95,95,95_95,3.816509654473638,2026-09-16 07:31:37.022926,2.966666666666667
18549b7a-3548-4863-bef7-dcf6228ed15b,29539,21,27,1,1,2.0,1.0,74,152,74_152,7.35817970347564,2026-09-16 07:31:37.022926,7.166666666666667
c94a15f0-9f72-4458-b1e2-2eea62376e39,16052,14,15,1,3,1.0,1.37,75,74,75_74,7.972534455067351,2026-09-16 07:31:37.022926,7.116666666666666
db34a6bd-736e-4860-a1d5-6e198c8ff4bd,16847,7,16,1,4,1.0,2.13,74,166,74_166,14.684208491660542,2026-09-16 07:31:37.022926,12.116666666666667
b848c2f9-f24e-4c06-a460-dcc1678df759,4698,22,5,1,0,1.0,8.63,97,140,97_140,26.936999366916897,2026-09-16 07:31:37.022926,25.516666666666666
3058f9f8-df49-4df6-bd3b-f7f2a973e3b4,11495,19,11,1,6,1.0,2.22,95,258,95_258,12.404233763929712,2026-09-16 07:31:37.022926,13.016666666666667
ffcf1b2a-c8b0-473d-a476-9ac1ebe04205,24569,17,22,1,3,1.0,0.98,74,75,74_75,6.939486848413256,2026-09-16 07:31:37.022926,6.266666666666667
8e323a13-e7b9-40db-a21e-d85ecb5f0c98,24535,17,22,1,3,1.0,0.83,43,43,43_43,6.265059625312852,2026-09-16 07:31:37.022926,6.516666666666667
674fcf4d-f55c-4331-bb08-7d53eeb65c25,5123,11,6,1,1,1.0,5.45,28,82,28_82,23.41256187127145,2026-09-16 07:31:37.022926,24.816666666666663
be11c492-ec9a-4119-a50d-62e3f1451ab3,24184,13,22,1,3,1.0,1.81,74,42,74_42,13.137318558100457,2026-09-16 07:31:37.022926,11.3
97e2061b-958a-442a-819a-72e0194f1c9a,24802,20,22,1,3,1.0,1.13,74,75,74_75,6.6037477815775905,2026-09-16 07:31:37.022926,6.983333333333333
f2130c68-7498-4cb0-bc72-d93e9354c4e9,14082,23,13,1,1,1.0,0.9,95,95,95_95,5.270626832322827,2026-09-16 07:31:37.022926,6.6
9e3ce2b9-47e3-43f7-9275-ae08af3a9645,12555,17,12,1,0,1.0,3.8,82,138,82_138,11.208327370381415,2026-09-16 07:31:37.022926,11.216666666666669
5d29f1d9-bcbd-4059-8f19-7bac1d5bee21,15320,21,14,1,2,1.0,15.97,130,87,130_87,31.001717175257326,2026-09-16 07:31:37.022926,27.866666666666667
9499ab5f-74fd-4db1-9de5-5f6a27e0098f,20238,13,19,1,0,1.0,1.17,95,95,95_95,7.641916676377104,2026-09-16 07:31:37.022926,7.283333333333333
776f542e-262e-424a-8ab3-2a4d270dd256,3934,11,5,1,0,1.0,4.49,75,90,75_90,23.214227245051923,2026-09-16 07:31:37.022926,34.05
02e96002-93ad-4a53-9582-272744146aa6,1844,1,3,1,5,5.0,1.56,75,262,75_262,8.52863124747407,2026-09-16 07:31:37.022926,10.633333333333333
abd022cf-ca09-444b-8d36-40b456d41d48,3039,13,4,1,6,2.0,2.26,65,17,65_17,14.641099666977322,2026-09-16 07:31:37.022926,15.516666666666667
121f9bce-2f3d-47d7-900a-7268999258d9,16813,5,16,1,4,1.0,4.45,83,173,83_173,17.061375218382686,2026-09-16 07:31:37.022926,16.533333333333335
8c4c310c-ce31-48c8-8577-e742121a766d,785,23,1,1,3,1.0,2.96,95,82,95_82,13.73463448421625,2026-09-16 07:31:37.022926,17.466666666666665
c9bb9f2a-26d6-4660-9452-0488e1500664,21839,17,20,1,1,6.0,1.52,75,74,75_74,9.417969869697597,2026-09-16 07:31:37.022926,11.516666666666667
30963dd6-bc54-463d-bb32-560977c27602,25105,8,23,1,4,1.0,3.76,33,107,33_107,20.90108910648963,2026-09-16 07:31:37.022926,20.733333333333334
fcd0e98a-be46-4a34-8a22-9018952f637f,25622,15,23,1,4,2.0,1.97,74,166,74_166,14.570988058155368,2026-09-16 07:31:37.022926,12.883333333333333
18583b7b-935c-4ace-ba5f-97e8cbe596f1,7479,11,8,1,3,1.0,0.49,82,82,82_82,5.2502360204433165,2026-09-16 07:31:37.022926,3.4166666666666665
e33d3356-fb52-4300-9409-5854a8c4171a,3415,19,4,1,6,2.0,1.9,74,236,74_236,9.913347720768382,2026-09-16 07:31:37.022926,9.466666666666669
a06ea31e-a1fd-46b1-9f76-9c1060d844a4,26717,11,24,1,5,1.0,3.3,74,140,74_140,17.817501436771753,2026-09-16 07:31:37.022926,16.983333333333334
ff62a3e8-5bfd-4c0e-b4d3-1f8e137f6e3a,12444,16,12,1,0,1.0,5.9,244,142,244_142,22.514211236793685,2026-09-16 07:31:37.022926,19.0
8d816a72-e871-4ce8-bd7f-61dd212e52f4,2334,16,3,1,5,1.0,1.21,130,28,130_28,9.505773427236264,2026-09-16 07:31:37.022926,9.533333333333331
fab37114-d647-41f7-9c92-928a00a2cd6f,17475,15,16,1,4,1.0,1.32,236,238,236_238,9.642665781471479,2026-09-16 07:31:37.022926,10.383333333333333
2c0e9bbb-4bd9-49a4-889f-1d7cc6a28481,17146,11,16,1,4,1.0,1.68,74,75,74_75,11.830267722335451,2026-09-16 07:31:37.022926,11.883333333333333
3959252c-9106-42b6-8f45-c54fd846ac09,12166,13,12,1,0,2.0,1.42,75,74,75_74,8.650607901430403,2026-09-16 07:31:37.022926,8.166666666666666
57966540-a62e-403d-b4ce-a15ec049ee77,24784,19,22,1,3,1.0,0.0,43,237,43_237,21.494744175118797,2026-09-16 07:31:37.022926,11.233333333333333
925d61b6-a119-4524-9a93-23a8b6191138,22302,3,21,1,2,1.0,1.03,75,238,75_238,6.3486386173602165,2026-09-16 07:31:37.022926,4.85
efbf8bd5-700b-4aa3-bf8f-05f7e01fd2a1,9401,19,9,1,4,5.0,0.9,43,75,43_75,7.314234984054439,2026-09-16 07:31:37.022926,8.316666666666666
9dbbfd2b-2887-407d-8b37-25bedb6f4f2d,7039,20,7,1,2,1.0,0.72,130,215,130_215,5.08179870619184,2026-09-16 07:31:37.022926,5.9
3257cfd1-8a6e-4843-bddd-89972e5e1e72,15298,21,14,1,2,1.0,2.24,95,135,95_135,10.323805837451909,2026-09-16 07:31:37.022926,9.733333333333333
cda6bfa4-f9fb-45f6-8b98-7b3373f4a3e7,17484,16,16,1,4,1.0,3.43,75,170,75_170,22.773057255438875,2026-09-16 07:31:37.022926,22.783333333333335
707f34aa-ecaa-449c-aa9b-c643aad23996,31763,15,29,1,3,3.0,0.75,95,95,95_95,8.11897655067244,2026-09-16 07:31:37.022926,6.233333333333333
19627d56-6c57-46b7-80af-6d85791c69e2,14167,7,14,1,2,1.0,2.17,74,151,74_151,15.618105549626822,2026-09-16 07:31:37.022926,11.066666666666666
a4fc33ce-d80b-42c1-ae5a-106f6b3b3d24,26881,14,24,1,5,1.0,1.11,41,42,41_42,7.217365098050412,2026-09-16 07:31:37.022926,6.616666666666666
840ca17c-d650-456d-8578-382a0eb78031,1310,15,2,1,4,1.0,8.87,244,233,244_233,27.138680251726033,2026-09-16 07:31:37.022926,22.133333333333333
90785971-6953-46b4-bd21-ba6358ee4f2a,33611,19,30,1,4,1.0,2.72,74,239,74_239,18.885441788641366,2026-09-16 07:31:37.022926,14.216666666666669
2955ec24-92f3-4a81-8d7e-6d0f4fa73bce,17729,18,16,1,4,1.0,3.5,75,229,75_229,21.671031660325962,2026-09-16 07:31:37.022926,25.05
f5e1854d-35a8-4934-8574-7740fc24d02f,11353,18,11,1,6,1.0,1.34,75,74,75_74,6.2524739204931485,2026-09-16 07:31:37.022926,4.45
588df924-d3ef-43d8-97cf-358dfdffedd8,13508,15,13,1,1,1.0,1.13,75,262,75_262,10.259860485431078,2026-09-16 07:31:37.022926,10.65
43dbe8fc-1ff2-43b3-a7fd-209444f09f23,14805,16,14,1,2,2.0,0.5,75,75,75_75,5.346352833539,2026-09-16 07:31:37.022926,3.65
ea199cc2-cf64-4540-b0ef-29c5e761fbec,24576,17,22,1,3,1.0,2.46,43,142,43_142,15.916549245358741,2026-09-16 07:31:37.022926,13.65
a2e13326-aa40-4a43-9261-60c855fc775d,33052,13,30,1,4,6.0,1.24,75,151,75_151,10.778401844502138,2026-09-16 07:31:37.022926,9.1
3b056730-110a-400e-8d39-e3d052d1bbf9,28786,12,27,1,1,1.0,1.15,24,238,24_238,10.324191363901155,2026-09-16 07:31:37.022926,15.383333333333333
c26d8172-2208-4617-9df5-d4214468f60e,9104,16,9,1,4,1.0,1.86,75,238,75_238,13.4727662098982,2026-09-16 07:31:37.022926,8.683333333333334
615a5402-e88b-4f2e-bd51-cba3234e6fa4,20584,17,19,1,0,1.0,1.41,74,75,74_75,8.702246646721012,2026-09-16 07:31:37.022926,8.333333333333334
f1adee9a-4cf5-460d-ab03-ed868c5ed175,7711,14,8,1,3,1.0,1.21,74,75,74_75,9.095400639892217,2026-09-16 07:31:37.022926,8.266666666666667
36ad9fb7-408c-4e21-8a3b-164e7b875ea3,7093,22,7,1,2,1.0,9.89,75,255,75_255,32.67062174392662,2026-09-16 07:31:37.022926,28.116666666666667
6369dcdf-92a5-4885-8d65-840d657f64a5,31466,11,29,1,3,1.0,3.1,7,112,7_112,27.253960103838192,2026-09-16 07:31:37.022926,23.083333333333332
e2c31144-294f-41b5-88fc-9858185d88b2,12675,18,12,1,0,2.0,2.48,74,236,74_236,14.955463551410276,2026-09-16 07:31:37.022926,13.933333333333334
5bc10789-bf3c-4ee1-8055-5f03d96cae0d,3747,8,5,1,0,1.0,2.16,116,151,116_151,13.944180930755424,2026-09-16 07:31:37.022926,5.933333333333334
9bd4782a-8aa9-42b3-971d-6d8de7505668,10980,12,11,1,6,1.0,2.5,74,236,74_236,12.986633782122384,2026-09-16 07:31:37.022926,11.0
c6ec3a82-e80e-4cda-a19f-97252a3e75ac,6695,16,7,1,2,1.0,1.73,244,243,244_243,12.513080345009909,2026-09-16 07:31:37.022926,15.833333333333334
0c22716c-62f3-4a74-b9a4-363483625200,9083,16,9,1,4,1.0,1.3,75,74,75_74,7.721491740588711,2026-09-16 07:31:37.022926,5.233333333333333
f94a3500-8504-4a43-8543-6d4766bb0b25,728,21,1,1,3,1.0,11.94,130,17,130_17,28.11348049790307,2026-09-16 07:31:37.022926,30.083333333333332
cb9e1f02-2e41-4992-8bba-63c7e1099f61,31545,13,29,1,3,1.0,2.74,130,95,130_95,23.16855700117452,2026-09-16 07:31:37.022926,14.516666666666667
0d58f40c-3eae-47e7-b1f8-d3c7070de7a1,33035,13,30,1,4,1.0,0.9,152,116,152_116,7.918239146950403,2026-09-16 07:31:37.022926,5.75
7679d800-a479-4d01-815c-83d73fc66633,21155,9,20,1,1,1.0,1.54,74,141,74_141,12.400482022645413,2026-09-16 07:31:37.022926,16.5
fde8357f-4081-4e0f-99f4-9ed12fef5fca,1490,17,2,1,4,1.0,6.99,130,138,130_138,18.896627217711128,2026-09-16 07:31:37.022926,18.4
687f11a1-6246-4167-b1bd-c25a187833cc,7206,7,8,1,3,1.0,6.67,74,138,74_138,15.824096360842267,2026-09-16 07:31:37.022926,17.416666666666668
0d71a9bd-d48f-4a55-a7e9-c3ebb9527eca,4420,17,5,1,0,1.0,1.23,74,42,74_42,8.343460121052582,2026-09-16 07:31:37.022926,8.216666666666667
03e475d7-8389-49e4-bdd7-60cbb77aef68,24310,15,22,1,3,1.0,5.41,75,68,75_68,26.782771403853335,2026-09-16 07:31:37.022926,26.0
21671aa1-bc40-4850-81d2-efeacd85162c,12834,21,12,1,0,1.0,0.84,74,74,74_74,5.332724687263568,2026-09-16 07:31:37.022926,4.233333333333333
38178379-fd3a-41f0-a5fa-62870e7cb8f3,34667,20,31,1,5,1.0,1.37,74,42,74_42,9.233172580467565,2026-09-16 07:31:37.022926,6.966666666666667
46c27737-3c4a-4656-b638-801b511deb4a,28213,19,27,1,1,1.0,0.97,75,236,75_236,7.158864189832845,2026-09-16 07:31:37.022926,8.766666666666667
92050694-0f5e-4bb7-b874-4d60f121f144,27151,17,24,1,5,1.0,1.94,74,263,74_263,12.428742998536526,2026-09-16 07:31:37.022926,7.666666666666667
111f4b6a-c675-4535-8b66-6d2ef7dd06fa,15724,10,15,1,3,1.0,7.45,33,237,33_237,28.454031895073147,2026-09-16 07:31:37.022926,35.2
513d2706-3a11-4d62-a40f-7ee5cb059d48,4218,15,5,1,0,2.0,0.67,41,74,41_74,6.069777314056646,2026-09-16 07:31:37.022926,9.95
0fde97f6-67b6-494b-8cbb-d2555bc76550,23707,7,22,1,3,2.0,2.57,74,238,74_238,17.722236699412278,2026-09-16 07:31:37.022926,13.616666666666667
19be8cdd-4e3b-4602-89ae-9dc82e948ce8,870,7,2,1,4,2.0,7.95,130,138,130_138,23.296592778162776,2026-09-16 07:31:37.022926,16.566666666666666
d5c340f8-89bc-454b-be3e-015d75aa0118,27254,17,24,1,5,1.0,2.97,74,262,74_262,16.489711310361322,2026-09-16 07:31:37.022926,17.05
96a0e0f2-6bab-42ad-a39d-03c9f2d5feb3,448,15,1,1,3,1.0,3.58,166,230,166_230,23.1368381389149,2026-09-16 07:31:37.022926,18.2
48813c36-2b8d-4be9-964e-654d54580bf3,15434,6,15,1,3,1.0,3.63,74,140,74_140,15.320161856434964,2026-09-16 07:31:37.022926,12.1
ef840a9c-3818-4451-bb68-3562f4a9282c,1274,15,2,1,4,1.0,2.12,41,151,41_151,13.098037770402682,2026-09-16 07:31:37.022926,6.8
a920803a-4b4d-4779-a4eb-1bac8326eb42,34650,19,31,1,5,1.0,3.91,166,229,166_229,20.720539552107706,2026-09-16 07:31:37.022926,21.033333333333335
9a0299ad-7cb6-4629-a32e-c21c4139f292,20171,13,19,1,0,1.0,1.57,74,75,74_75,8.914353130229047,2026-09-16 07:31:37.022926,8.316666666666666
e60a2b2e-579e-4614-b4b9-274bbb96432f,12033,11,12,1,0,1.0,1.38,75,74,75_74,5.68527768756582,2026-09-16 07:31:37.022926,5.75
921d77f9-c073-4177-aa6c-0ad82853757f,12176,13,13,1,1,1.0,1.66,74,75,74_75,12.740165897339661,2026-09-16 07:31:37.022926,10.0
54496ae5-8651-4a58-9e8d-4e6e5647ff5b,33837,0,31,1,5,1.0,3.4,255,97,255_97,17.02505225323568,2026-09-16 07:31:37.022926,17.483333333333334
35d9db17-e6ff-422b-b8a7-b7cb111dbe41,26917,14,24,1,5,2.0,1.28,65,49,65_49,11.64140416729409,2026-09-16 07:31:37.022926,9.983333333333333
c7a17959-aab5-4c78-af3b-a7ee80303f45,33814,23,30,1,4,2.0,12.93,130,230,130_230,34.99686407127276,2026-09-16 07:31:37.022926,36.233333333333334
110512d6-82eb-47d4-b37a-18a32ccd7405,31048,23,28,1,2,2.0,0.5,130,130,130_130,4.163772332978362,2026-09-16 07:31:37.022926,0.0666666666666666
6290d5f7-8cf2-457d-9cb1-26b7c71ddfc5,31835,16,29,1,3,1.0,1.47,74,75,74_75,15.537608096977992,2026-09-16 07:31:37.022926,10.7
65929a36-1329-4d95-b2c7-cb12b423340e,11144,14,11,1,6,1.0,1.08,74,74,74_74,7.278436551326926,2026-09-16 07:31:37.022926,9.266666666666667
470fb31e-162f-421b-b804-0a20b0c977ad,18378,12,17,1,5,1.0,2.21,74,238,74_238,12.082996243624287,2026-09-16 07:31:37.022926,12.85
4d8b35cd-fe5b-43b4-9a27-fc7ec6a7e364,11610,23,11,1,6,1.0,3.92,260,160,260_160,16.50013729925871,2026-09-16 07:31:37.022926,29.316666666666663
460450b7-41c7-4ea7-92df-b3c5a436d2b9,1632,19,2,1,4,1.0,0.0,20,264,20_264,0.8175691856537018,2026-09-16 07:31:37.022926,0.0333333333333333
3c5dffcb-53c2-4851-855e-8416082338e7,33448,18,30,1,4,2.0,1.86,97,54,97_54,19.124407768841927,2026-09-16 07:31:37.022926,18.266666666666666
f010b79d-4680-4cc9-8692-a2b8d24157d3,19279,12,18,1,6,3.0,3.42,74,239,74_239,17.70207564924502,2026-09-16 07:31:37.022926,19.516666666666666
a74d73c3-f0f0-42e9-9a33-9d30c7e73e8d,8953,14,9,1,4,1.0,1.42,7,146,7_146,10.824490372161753,2026-09-16 07:31:37.022926,9.366666666666667
3f260eb1-7ccb-46f6-981d-1b73799e3b64,6647,16,7,1,2,6.0,1.51,75,74,75_74,9.242587890795923,2026-09-16 07:31:37.022926,10.833333333333334
3685fae7-9753-4439-98a2-0af319de4a2e,2419,17,3,1,5,1.0,1.1,166,74,166_74,9.281563728955941,2026-09-16 07:31:37.022926,10.166666666666666
436f7dd2-6c86-4d3e-89ee-e9e784ea6a56,7926,17,8,1,3,2.0,1.48,74,75,74_75,10.821112925324705,2026-09-16 07:31:37.022926,9.366666666666667
5a67c28d-ac0c-4fbe-bc78-0d6ea719c574,25506,13,23,1,4,1.0,1.66,146,229,146_229,8.90248059194204,2026-09-16 07:31:37.022926,4.2
d02eab4c-f3a2-433c-bc81-18750084c129,34060,11,31,1,5,2.0,1.11,97,97,97_97,11.993238813002815,2026-09-16 07:31:37.022926,9.2
4df09f0b-47c4-4211-b657-1d01d4759e3a,2673,22,3,1,5,1.0,2.27,74,263,74_263,11.238632834093028,2026-09-16 07:31:37.022926,10.216666666666669
e6d1c4c8-9389-42da-8dcc-bdd29264b116,19711,19,18,1,6,1.0,1.45,75,151,75_151,8.34282389739013,2026-09-16 07:31:37.022926,7.3
19fa70fa-6073-48d2-ae0f-df5d1225aa61,8572,8,9,1,4,1.0,1.77,74,42,74_42,12.865017859788686,2026-09-16 07:31:37.022926,12.716666666666669
c80e5a47-0266-47cc-a298-1be1fd40e761,8917,14,9,1,4,1.0,5.61,82,225,82_225,33.81917413708291,2026-09-16 07:31:37.022926,32.733333333333334
d0995898-e895-429e-b97c-29e14165084b,19012,1,18,1,6,4.0,7.7,226,164,226_164,20.264808343950286,2026-09-16 07:31:37.022926,27.95
d269be23-8d14-4ed3-96ad-b04efb344628,11662,5,12,1,0,1.0,1.25,74,75,74_75,7.357164238422841,2026-09-16 07:31:37.022926,8.866666666666667
47001757-85f3-4366-948a-06c59522a500,3116,14,4,1,6,1.0,1.52,168,74,168_74,8.992701059278676,2026-09-16 07:31:37.022926,8.966666666666667
a79e9fb4-ba25-4772-bc0c-3367afed956a,12844,22,12,1,0,1.0,4.0,74,143,74_143,17.094969054350223,2026-09-16 07:31:37.022926,20.566666666666663
14589eaa-4698-41bb-9ffd-f9fc700eb401,24077,12,22,1,3,1.0,3.17,41,138,41_138,9.690185253096343,2026-09-16 07:31:37.022926,26.0
9ce81fee-d699-4106-82cf-046b86c8cbad,8740,11,9,1,4,1.0,1.89,74,166,74_166,13.310979390492026,2026-09-16 07:31:37.022926,14.633333333333333
d75e8bb0-7fa0-43b1-9427-25c4afda620d,3620,7,5,1,0,2.0,0.94,74,41,74_41,6.793158696596177,2026-09-16 07:31:37.022926,5.716666666666667
a8b90fd5-8e15-4f76-b1cc-574f943a6cb2,31196,8,29,1,3,1.0,0.51,74,74,74_74,5.370188092837201,2026-09-16 07:31:37.022926,4.483333333333333
d1f9b93d-d10e-44d0-b922-3d2859c0f24b,8143,19,8,1,3,1.0,3.09,74,140,74_140,17.753762662848025,2026-09-16 07:31:37.022926,15.833333333333334
cf449869-4320-4ac0-a1ee-44599214f4fc,14642,13,14,1,2,6.0,1.43,75,263,75_263,12.639063634469927,2026-09-16 07:31:37.022926,11.533333333333331
d22a4960-9a3f-4bea-93df-45c9c60a3766,9145,16,9,1,4,1.0,5.79,82,225,82_225,34.21386570950895,2026-09-16 07:31:37.022926,40.266666666666666
faf2b6db-e5ca-4cdb-84f6-b195032b9f0e,14004,20,13,1,1,1.0,3.02,65,89,65_89,16.35168950477851,2026-09-16 07:31:37.022926,17.6
f9af6b07-f4d2-49e8-a443-81c3f6473ba1,30640,17,28,1,2,1.0,2.2,74,264,74_264,24.046532241721675,2026-09-16 07:31:37.022926,26.983333333333334
1937515d-a5ed-46ed-9021-889643842c29,29681,6,28,1,2,1.0,0.88,74,42,74_42,6.644378486091034,2026-09-16 07:31:37.022926,6.066666666666666
018e981e-fb17-44bb-85c4-f6720d4151d7,13538,14,13,1,1,2.0,1.6,43,239,43_239,10.852396525685194,2026-09-16 07:31:37.022926,11.416666666666666
6a042e8c-b3fd-4b07-afdd-572b49c93936,8455,6,9,1,4,1.0,1.17,74,75,74_75,7.463226269671195,2026-09-16 07:31:37.022926,6.866666666666666
f99ad3a9-3850-4ef6-9e42-d60eb270c38d,22068,19,20,1,1,1.0,0.57,75,75,75_75,4.065953330065857,2026-09-16 07:31:37.022926,2.6
10bbe862-d254-459d-b1be-6abfafac2133,18090,0,17,1,5,1.0,0.0,73,264,73_264,0.1802635429070071,2026-09-16 07:31:37.022926,0.05
af6f3b04-5b1b-47aa-a569-aa42460dd93a,32445,22,29,1,3,1.0,0.95,74,74,74_74,6.509199512290431,2026-09-16 07:31:37.022926,7.816666666666666
7b10305e-481f-4a4f-8a81-b5bcd4d0a7df,33655,19,30,1,4,1.0,3.94,260,138,260_138,16.22217598214574,2026-09-16 07:31:37.022926,12.05
51c957d6-7920-4792-b14e-9ab71564cf6a,13551,15,13,1,1,1.0,0.0,75,262,75_262,13.042309839237436,2026-09-16 07:31:37.022926,16.4
b70e9837-028e-4ec4-9045-b09a0958077d,3447,20,4,1,6,4.0,0.0,226,226,226_226,2.6533856683905976,2026-09-16 07:31:37.022926,0.1833333333333333
4335373d-e9db-4696-93b8-737d22224b00,8300,21,8,1,3,1.0,1.09,130,215,130_215,6.396803604170538,2026-09-16 07:31:37.022926,5.116666666666666
04df6c93-f2fd-46b3-b022-2c11d7e06d83,16594,20,15,1,3,1.0,1.38,75,262,75_262,8.93997568850097,2026-09-16 07:31:37.022926,10.083333333333334
ed6a8590-1998-4e14-8f90-f86057ca6dfb,34502,17,31,1,5,1.0,0.91,82,129,82_129,10.514987718089598,2026-09-16 07:31:37.022926,16.216666666666665
2414e640-744d-4769-b8d6-6f1aa696a3ea,18964,23,17,1,5,2.0,4.01,41,142,41_142,16.422939453507897,2026-09-16 07:31:37.022926,17.666666666666668
5c88124b-4698-4e33-9d95-d11183cb733c,14092,0,14,1,2,1.0,8.15,97,129,97_129,23.043670375366357,2026-09-16 07:31:37.022926,22.133333333333333
9879ff2b-6b18-43a7-8ee7-7c9fb747d39d,9233,17,9,1,4,1.0,2.06,74,151,74_151,15.135643506803527,2026-09-16 07:31:37.022926,17.9
ba6bd16c-7125-4072-9bb3-4607dbf1aed7,31603,13,29,1,3,1.0,1.41,74,41,74_41,14.511918911909556,2026-09-16 07:31:37.022926,12.466666666666669
dda0c727-d7fc-4466-8df7-f89447898561,7358,9,8,1,3,1.0,2.08,24,42,24_42,14.09302202980811,2026-09-16 07:31:37.022926,13.15
008aa931-2273-407d-97e0-5f0f1a1d21c5,4765,6,6,1,1,1.0,4.14,41,140,41_140,16.416545681593664,2026-09-16 07:31:37.022926,20.55
ff21152c-72ac-46ef-bdcf-8ced6eb82726,10815,8,11,1,6,1.0,5.14,166,143,166_143,19.0877909015615,2026-09-16 07:31:37.022926,13.783333333333331
68851af2-5dfd-49d9-8f1c-0f17519b23d4,25883,17,23,1,4,1.0,0.9,42,41,42_41,7.392682110950813,2026-09-16 07:31:37.022926,6.5
d5842469-ccc9-48fc-9826-cebb4c74841a,27222,18,24,1,5,2.0,18.38,75,132,75_132,42.188747690703565,2026-09-16 07:31:37.022926,50.31666666666667
429e877d-b617-4377-90f8-d6da22f90645,13155,9,13,1,1,1.0,5.45,74,138,74_138,14.707060640281316,2026-09-16 07:31:37.022926,17.566666666666666
09ff27ec-577d-45e9-b828-59303ecacc40,28964,15,27,1,1,1.0,2.92,134,216,134_216,23.335627912912695,2026-09-16 07:31:37.022926,21.733333333333334
979cb534-de10-4e02-a596-ce30f9f712c0,20016,10,19,1,0,1.0,3.92,75,233,75_233,19.932679060607853,2026-09-16 07:31:37.022926,22.4
61b48690-e58f-4cd4-91df-282bac2c16e2,14588,13,14,1,2,1.0,2.93,134,216,134_216,16.60584532163752,2026-09-16 07:31:37.022926,14.233333333333333
9be8d4cf-91f4-47f7-8dea-59573d3de916,12281,15,12,1,0,1.0,2.03,75,238,75_238,14.531661631263615,2026-09-16 07:31:37.022926,12.966666666666669
8a39eedf-dd6a-4e06-bf7a-959682f56161,32251,20,29,1,3,1.0,1.19,75,74,75_74,7.279454775873009,2026-09-16 07:31:37.022926,5.133333333333334
f9391f21-6f33-4888-8f5a-fc538f862a8a,9690,2,10,1,5,1.0,1.94,82,157,82_157,10.296271066788048,2026-09-16 07:31:37.022926,8.933333333333334
9ef54700-afe6-431a-a8f3-d53ad26e21ee,32242,19,29,1,3,1.0,0.7,74,74,74_74,6.286705175338204,2026-09-16 07:31:37.022926,3.8333333333333335
a7e6f510-0048-4894-9d74-f5569f12cf32,3231,16,4,1,6,1.0,3.86,74,239,74_239,19.571223428787132,2026-09-16 07:31:37.022926,22.6
1209c50f-b2fb-4913-9f76-fad5b8bce8cd,25853,17,23,1,4,5.0,2.04,43,238,43_238,14.096646938824541,2026-09-16 07:31:37.022926,12.35
a5203da9-d8c7-4335-9adc-e288bd960d81,25924,16,23,1,4,1.0,1.21,43,262,43_262,10.47852006516491,2026-09-16 07:31:37.022926,9.783333333333331
2b2eb3cb-65aa-4f96-b909-0722a39a3e7f,7269,8,8,1,3,1.0,1.9,74,263,74_263,14.11634464461563,2026-09-16 07:31:37.022926,13.65
4304a44b-d195-4f06-ace8-5703829929eb,20324,15,19,1,0,1.0,0.55,82,80,82_80,4.740222143372438,2026-09-16 07:31:37.022926,16.683333333333334
543df8ae-67b3-4dd1-bfe4-88f6587f2d4c,11802,8,12,1,0,2.0,16.48,130,208,130_208,37.56496756821893,2026-09-16 07:31:37.022926,34.5
8d7aa32f-24c7-4e52-a3d3-1ef29cc512eb,7740,15,8,1,3,1.0,7.3,166,125,166_125,30.363831419612488,2026-09-16 07:31:37.022926,26.283333333333335
d0976032-ec66-4640-96a1-b7953e1b8c02,4217,15,5,1,0,2.0,0.81,166,166,166_166,5.4869966636981236,2026-09-16 07:31:37.022926,4.866666666666666
1bc11611-ba60-4d63-aa34-082c40fb8078,9559,21,9,1,4,1.0,1.87,74,236,74_236,10.082880435539858,2026-09-16 07:31:37.022926,9.816666666666666
2c134c51-288b-47ca-82c7-ccc1dce6d644,20668,18,19,1,0,3.0,1.4,74,75,74_75,8.330344923759931,2026-09-16 07:31:37.022926,8.5
720cad26-bdf6-4175-a09e-f351d2b9a277,17752,18,16,1,4,1.0,0.66,74,74,74_74,5.3873567365527055,2026-09-16 07:31:37.022926,3.75
fef62091-a70e-458b-822c-24fa83a2f9c5,20097,11,19,1,0,1.0,2.13,74,151,74_151,12.59965958147093,2026-09-16 07:31:37.022926,12.6
913009b1-7a83-4c45-ad85-b37e6203c33c,10856,9,11,1,6,1.0,9.64,195,48,195_48,29.57940810605408,2026-09-16 07:31:37.022926,34.31666666666667
0d7faad7-124a-4742-8f35-e1d225c11a89,20085,11,19,1,0,1.0,1.66,116,244,116_244,9.076818887228134,2026-09-16 07:31:37.022926,9.216666666666669
534f9f9b-7c2c-4f15-9836-265853f6f07b,6598,15,7,1,2,2.0,1.62,43,262,43_262,13.336444545373004,2026-09-16 07:31:37.022926,14.7
a125960d-9489-4620-98d8-aad0ffff8fee,19668,19,18,1,6,1.0,0.9,74,42,74_42,6.0396891588885815,2026-09-16 07:31:37.022926,6.766666666666667
e7e64f79-76ab-4761-81d5-29d7d9bfa42e,10281,16,10,1,5,1.0,1.49,74,75,74_75,8.577064950622109,2026-09-16 07:31:37.022926,5.733333333333333
6dd4fed7-534e-420b-8492-56499e89c25b,21951,18,20,1,1,1.0,0.75,74,41,74_41,5.961682938464464,2026-09-16 07:31:37.022926,4.533333333333333
08c877c5-2dce-456c-a057-51b749795433,28044,16,26,1,0,4.0,0.0,264,264,264_264,0.6130666016390126,2026-09-16 07:31:37.022926,0.05
1f10abab-7822-4b2c-b01d-e72dc02e3b87,10024,13,10,1,5,1.0,1.38,75,74,75_74,7.286154940682731,2026-09-16 07:31:37.022926,5.166666666666667
7ad5001e-a8b2-4c83-a671-41dd93f0a66b,30657,17,28,1,2,1.0,1.37,75,41,75_41,11.858252476299109,2026-09-16 07:31:37.022926,14.966666666666669
96bd6f16-7bf3-412f-af28-4ffabbad0a43,1836,2,3,1,5,1.0,2.7,179,83,179_83,12.657886077409923,2026-09-16 07:31:37.022926,7.133333333333334
c26a0028-74a4-4a64-b28c-d71257c8a7a3,21764,16,20,1,1,1.0,2.11,74,166,74_166,15.148408841087537,2026-09-16 07:31:37.022926,16.533333333333335
25a90765-021f-44ab-bba1-60cd925cd497,27487,22,24,1,5,1.0,1.78,74,166,74_166,10.127354513482347,2026-09-16 07:31:37.022926,12.366666666666667
47f8f053-e9ec-4a06-a18b-cf44a55d4fe7,14555,12,14,1,2,1.0,0.1,18,18,18_18,1.9387580359797723,2026-09-16 07:31:37.022926,1.6
971f5198-7556-425e-aa4a-6363bc32e332,21201,9,20,1,1,1.0,0.67,75,151,75_151,5.2274213455360385,2026-09-16 07:31:37.022926,12.383333333333333
a890f03d-0af1-4097-8bb6-c2cf2f673cd2,18253,10,17,1,5,1.0,2.1,42,75,42_75,10.579792436028706,2026-09-16 07:31:37.022926,12.15
0d918ffb-0689-4965-8a28-27a03ab50fb8,17024,9,16,1,4,1.0,2.5,74,238,74_238,16.530196839211015,2026-09-16 07:31:37.022926,15.533333333333331
efd82f70-12fe-4c06-b644-15e3772a76e5,13961,20,13,1,1,1.0,1.3,75,237,75_237,8.15654775334843,2026-09-16 07:31:37.022926,6.233333333333333
94f2cafd-fe85-4777-ba70-43f4c85719bf,16505,19,15,1,3,1.0,2.11,43,142,43_142,11.628403900296137,2026-09-16 07:31:37.022926,13.766666666666667
b51f6b3c-7912-4a9f-9288-219b07fae48b,34795,22,31,1,5,1.0,3.17,236,143,236_143,16.85390721560029,2026-09-16 07:31:37.022926,13.216666666666669
5ee6d62b-099f-4bd2-bee7-202f4a87d182,23617,5,22,1,3,1.0,16.9,74,132,74_132,33.24455265630425,2026-09-16 07:31:37.022926,29.633333333333333
358c5937-8d5e-4da9-965e-27e418a35b30,8454,6,9,1,4,1.0,3.87,116,43,116_43,14.601718871305724,2026-09-16 07:31:37.022926,14.8
19908a77-743a-4bac-a50b-ba1fe9e95aa3,15131,18,14,1,2,1.0,1.1,33,40,33_40,7.968375295257629,2026-09-16 07:31:37.022926,8.15
1ac2d834-c750-4978-8368-0df1e67cf049,21375,11,20,1,1,2.0,0.64,74,74,74_74,5.44846190234297,2026-09-16 07:31:37.022926,4.366666666666666
78086787-298e-493b-8ec9-ccaef035b22e,23012,15,21,1,2,1.0,1.13,97,49,97_49,10.890622646692213,2026-09-16 07:31:37.022926,11.516666666666667
453ee710-bd6a-4bc1-b219-44abf17ee859,29720,7,28,1,2,1.0,5.14,243,41,243_41,24.21215104555852,2026-09-16 07:31:37.022926,15.883333333333333
bce15b71-2213-4736-aaa2-41d69c19fe33,9149,16,9,1,4,1.0,3.73,82,138,82_138,11.53667282938967,2026-09-16 07:31:37.022926,10.666666666666666
afce14c5-4cda-4f10-b526-bd8fd56598dc,30913,20,28,1,2,1.0,4.04,130,131,130_131,22.06856948517559,2026-09-16 07:31:37.022926,18.783333333333335
dfc64235-87c8-4e82-b458-c9c31ee15bc0,12343,15,12,1,0,2.0,0.19,43,43,43_43,3.798710820085222,2026-09-16 07:31:37.022926,2.2666666666666666
b0689ee3-965f-4388-a4b7-f0ea5be237dd,15866,12,15,1,3,1.0,0.0,74,74,74_74,1.844731595148042,2026-09-16 07:31:37.022926,0.5833333333333334
b8006074-0771-41d7-b317-0a335f33086d,7390,9,8,1,3,1.0,1.88,75,41,75_41,12.485113485092445,2026-09-16 07:31:37.022926,12.883333333333333
5fa2f66f-91d3-4cad-a3c6-54df8bd0af80,9374,18,9,1,4,1.0,3.8,65,225,65_225,26.252162131961157,2026-09-16 07:31:37.022926,32.5
0e5a40d1-67c6-4e88-97f3-50eb4ea3e5ee,32925,12,30,1,4,1.0,6.37,244,236,244_236,25.74750557821872,2026-09-16 07:31:37.022926,33.71666666666667
9195e326-6bdf-44bf-8c7f-980a5c189dff,18314,11,17,1,5,1.0,0.32,65,25,65_25,3.8727361122051422,2026-09-16 07:31:37.022926,3.8
e92c4a17-3429-4182-ad94-7134b3831caa,17298,14,16,1,4,1.0,1.34,75,24,75_24,10.18557442636978,2026-09-16 07:31:37.022926,11.516666666666667
0ff70378-107e-4959-9c4e-221cc8d57ac8,8880,13,9,1,4,1.0,1.83,75,141,75_141,14.33417963501055,2026-09-16 07:31:37.022926,17.1
23eafb6b-3b36-4111-abbc-dcac140a3a6e,25181,9,23,1,4,1.0,1.22,74,75,74_75,11.317288521120595,2026-09-16 07:31:37.022926,6.966666666666667
7dc6eccb-36e9-4843-8771-ad79f792f064,11221,16,11,1,6,1.0,1.55,74,152,74_152,9.793968081746684,2026-09-16 07:31:37.022926,13.1
1b052a1b-da6a-44c1-ab48-895ba0c808e9,33180,15,30,1,4,1.0,0.0,95,264,95_264,1.473552052251429,2026-09-16 07:31:37.022926,0.05
74cf0f93-1f5b-47d2-adf6-b66e76d6c5f6,32490,0,30,1,4,1.0,2.28,97,89,97_89,13.957934024229699,2026-09-16 07:31:37.022926,31.55
762eac41-d047-4f92-9720-580efa7a9f1f,1689,20,2,1,4,1.0,1.7,74,166,74_166,9.225376604606794,2026-09-16 07:31:37.022926,10.416666666666666
cb928a25-dfc3-4bf8-ad86-17c270a1fcd2,14951,17,14,1,2,1.0,1.43,43,263,43_263,11.617761688736609,2026-09-16 07:31:37.022926,9.033333333333331
5b13d7fa-258c-4cd1-a56e-5c8409724d6a,7210,7,8,1,3,1.0,5.14,243,41,243_41,18.615260006445933,2026-09-16 07:31:37.022926,14.7
49ce8cd2-c452-45b0-b140-ffbaf87e391d,18195,7,17,1,5,3.0,5.4,166,128,166_128,18.79074867623964,2026-09-16 07:31:37.022926,13.833333333333334
2261003a-2560-4ca0-a585-664f8a03701a,9450,19,9,1,4,1.0,6.73,74,138,74_138,19.1826117351446,2026-09-16 07:31:37.022926,17.383333333333333
f485ed19-9b5d-4c12-9aee-37d73c09e85f,9948,11,10,1,5,1.0,1.24,95,196,95_196,7.428493450650417,2026-09-16 07:31:37.022926,9.85
99a43bd2-7440-4e13-a970-d3d6038a3d04,26359,22,23,1,4,1.0,2.26,74,116,74_116,11.745434759442338,2026-09-16 07:31:37.022926,10.266666666666667
8fbbe8d8-c029-4c17-97e7-f45f021be829,10882,10,11,1,6,1.0,1.86,75,239,75_239,8.584208286945692,2026-09-16 07:31:37.022926,6.166666666666667
e39c3883-882a-496b-ae33-b4f4f3d56f58,15603,8,15,1,3,1.0,0.96,74,74,74_74,7.7083329550125175,2026-09-16 07:31:37.022926,24.566666666666663
8fc283dc-c50b-4427-87a0-acdfb838bb67,17347,14,16,1,4,1.0,1.75,74,236,74_236,13.918879889737987,2026-09-16 07:31:37.022926,23.333333333333332
0f895571-864c-4df0-ab87-076d970b3ef1,9764,8,10,1,5,6.0,1.31,166,238,166_238,7.72010189319431,2026-09-16 07:31:37.022926,7.566666666666666
9bcc7eef-0cb3-4fcd-9a37-8cd6e7d59c3d,3193,15,4,1,6,1.0,8.56,74,185,74_185,24.362170113983943,2026-09-16 07:31:37.022926,25.4
3666a53a-5c77-4364-97dd-8dcb7763f484,7753,15,8,1,3,1.0,10.93,65,129,65_129,41.390879390755124,2026-09-16 07:31:37.022926,18.266666666666666
a8035881-f6b8-4d13-9eb5-c650269bea78,4720,0,6,1,1,1.0,0.0,134,28,134_28,1.1905660007118286,2026-09-16 07:31:37.022926,4.7
8567c5bd-79bc-4d3a-99cd-326278cfe3cf,13095,9,13,1,1,2.0,1.39,74,43,74_43,11.310205056017946,2026-09-16 07:31:37.022926,15.883333333333333
bfd339a5-c654-4c32-8394-ad5065c1c0b6,30366,15,28,1,2,1.0,3.65,82,138,82_138,14.098322712693628,2026-09-16 07:31:37.022926,10.183333333333334
7c813e8b-a466-43e3-8e95-0db50c123ee8,20408,15,19,1,0,1.0,2.48,41,236,41_236,14.966008969224596,2026-09-16 07:31:37.022926,19.583333333333332
1c681365-25d2-4076-b80a-26ac70573545,30850,18,28,1,2,2.0,2.76,74,140,74_140,23.983707918391833,2026-09-16 07:31:37.022926,22.416666666666668
bfaa3080-d609-4077-8468-1f8c17fa997f,16644,21,15,1,3,1.0,6.13,92,175,92_175,21.61105633281949,2026-09-16 07:31:37.022926,17.266666666666666
5f033349-effb-460c-b83a-8f9c02e665c9,14800,16,14,1,2,1.0,1.65,75,262,75_262,13.080215590460954,2026-09-16 07:31:37.022926,15.133333333333333
f6ecfe4b-3d67-402a-ac31-fead8861cbb6,1627,19,2,1,4,1.0,0.0,92,53,92_53,0.6297489751574731,2026-09-16 07:31:37.022926,12.583333333333334
2422006e-80ee-4d92-9a29-acdfe2d68ede,24981,0,23,1,4,1.0,3.74,95,260,95_260,14.894870412384716,2026-09-16 07:31:37.022926,21.783333333333335
96cc3e8a-37fc-44a0-899a-067f4f5ed7b4,19809,22,18,1,6,1.0,2.84,74,262,74_262,13.01761627525816,2026-09-16 07:31:37.022926,14.833333333333334
8e1723e1-89d8-4466-acf3-5a918c974c8b,12682,18,12,1,0,6.0,1.06,236,238,236_238,6.894120775860156,2026-09-16 07:31:37.022926,5.016666666666667
d133f844-4023-4825-b271-3cfd7071a855,6429,13,7,1,2,1.0,1.38,95,134,95_134,10.22521177220777,2026-09-16 07:31:37.022926,10.166666666666666
e20a1494-4518-4530-9558-23ec0437d925,18062,0,17,1,5,2.0,3.59,82,95,82_95,15.17939480886886,2026-09-16 07:31:37.022926,13.65
ba73ddf3-f753-4ba4-a04c-577d8fd9e324,6769,17,7,1,2,1.0,3.82,82,138,82_138,11.623340089956114,2026-09-16 07:31:37.022926,10.133333333333333
97f5c3eb-43e9-4b6b-863d-2c74de27b0fe,30507,16,28,1,2,1.0,4.55,41,68,41_68,33.02982195938847,2026-09-16 07:31:37.022926,37.61666666666667
33c15daa-e449-4ea5-aea4-df5a2976b4d6,15475,7,15,1,3,1.0,2.46,116,151,116_151,15.02654808967061,2026-09-16 07:31:37.022926,8.383333333333333
5c2b9264-3df2-4ccf-9850-3140ecc0ac26,7290,8,8,1,3,1.0,1.2,74,75,74_75,11.283870424813868,2026-09-16 07:31:37.022926,11.916666666666666
53382b31-b372-4f69-875b-f97b20db49da,12051,11,12,1,0,1.0,0.48,75,263,75_263,4.752651823280324,2026-09-16 07:31:37.022926,3.6666666666666665
8349064f-fc54-40fb-a531-b4970839bdce,31006,22,28,1,2,1.0,3.1,130,10,130_10,17.1211556444989,2026-09-16 07:31:37.022926,15.8
af66fc53-cf84-4949-9299-5b89c1a0a3b4,9193,17,9,1,4,1.0,4.96,75,68,75_68,26.068340446893597,2026-09-16 07:31:37.022926,26.783333333333335
78b99ac8-9bb7-4ac0-8966-bdf94087b8dd,43,0,1,1,3,1.0,6.92,166,248,166_248,18.857251545514245,2026-09-16 07:31:37.022926,12.85
1caca82f-f39c-4bd2-a727-481e77b069ec,676,19,1,1,3,1.0,1.09,65,52,65_52,14.733938238219265,2026-09-16 07:31:37.022926,8.1
a1f51ad9-f840-4058-995e-a28eb537ef19,15442,7,15,1,3,1.0,1.06,74,74,74_74,8.42566190728051,2026-09-16 07:31:37.022926,7.1
165ed36b-794c-4043-8062-bdbba25f4849,29345,18,27,1,1,1.0,1.27,75,74,75_74,8.473773493227599,2026-09-16 07:31:37.022926,7.3
128e1542-dae0-4e4e-aad2-807611bba21e,19468,15,18,1,6,1.0,0.97,95,196,95_196,7.202572869073709,2026-09-16 07:31:37.022926,7.516666666666667
356de681-286f-4ab1-b030-fcfe1fad936e,17526,16,16,1,4,1.0,1.21,24,75,24_75,9.579077022831038,2026-09-16 07:31:37.022926,11.716666666666669
7ab9a524-6f33-4dc7-8291-7d311096602f,3125,14,4,1,6,1.0,8.46,193,95,193_95,25.784779187343908,2026-09-16 07:31:37.022926,36.583333333333336
730a8b82-a016-40de-a000-c18b1fa5d18a,3272,16,4,1,6,1.0,0.0,193,193,193_193,1.257906399327935,2026-09-16 07:31:37.022926,0.1833333333333333
65c73301-b3c6-4fbe-8089-e6c112b30250,21527,13,20,1,1,1.0,3.43,166,237,166_237,22.456357159806895,2026-09-16 07:31:37.022926,21.6
52dd6de1-47d7-4567-9ea3-81410e892a44,14219,8,14,1,2,1.0,6.19,33,137,33_137,24.693632065583778,2026-09-16 07:31:37.022926,22.05
95968be5-c84c-42bc-8503-ee2cf20cc6d7,28113,18,26,1,0,2.0,1.06,74,75,74_75,6.924102999121316,2026-09-16 07:31:37.022926,7.516666666666667
07aa4ae4-93a7-4600-81b2-ce6262063a4e,15478,7,15,1,3,1.0,1.34,74,75,74_75,10.810765165246199,2026-09-16 07:31:37.022926,14.65
f3b09259-a3c7-48ba-8435-27f561c28269,25486,13,23,1,4,1.0,1.01,75,263,75_263,7.866419003775991,2026-09-16 07:31:37.022926,6.616666666666666
256c862b-740b-44b1-b679-25aa31437709,27969,15,26,1,0,1.0,1.17,95,196,95_196,8.764600960969025,2026-09-16 07:31:37.022926,8.566666666666666
466793eb-7cb9-423e-9cb6-2bc82e44f829,21062,8,20,1,1,1.0,1.37,74,43,74_43,11.765076834181347,2026-09-16 07:31:37.022926,10.95
dbd7d7fb-4a67-4f8b-89a9-e287ccb61825,16169,16,15,1,3,1.0,1.42,75,74,75_74,8.561754720320245,2026-09-16 07:31:37.022926,8.766666666666667
3b3cb910-6756-4ceb-91ef-7d8ea1aad898,8900,13,9,1,4,1.0,0.83,166,166,166_166,4.959437259177777,2026-09-16 07:31:37.022926,4.516666666666667
dfec5bd4-1e1b-46a7-a313-d494d2b7cfc3,7675,14,8,1,3,1.0,3.74,82,138,82_138,11.186327102767486,2026-09-16 07:31:37.022926,10.766666666666667
44cbd051-5f51-4fbd-a950-12c365086818,34085,11,31,1,5,1.0,1.06,41,74,41_74,8.209663570192806,2026-09-16 07:31:37.022926,11.366666666666667
001d0c6d-fcae-4483-9f7b-8f39e0ee74cf,12726,19,12,1,0,1.0,1.11,130,215,130_215,6.971954337022163,2026-09-16 07:31:37.022926,7.733333333333333
bd5a09e3-2e1e-477d-af7d-2d620ed23619,6272,11,7,1,2,1.0,2.52,146,163,146_163,18.089837728130927,2026-09-16 07:31:37.022926,18.333333333333332
7d4d5668-a5e4-4ca5-93d9-e03966ea81df,23908,10,22,1,3,1.0,0.94,74,41,74_41,7.456709354780837,2026-09-16 07:31:37.022926,6.983333333333333
dc320ffc-36b7-4550-8548-958531aab953,29343,18,27,1,1,5.0,0.47,95,95,95_95,4.304178822267768,2026-09-16 07:31:37.022926,5.5
9e591ecc-bfbf-4f9e-9966-c8b1c381d1b0,3224,16,4,1,6,1.0,3.34,74,140,74_140,17.576001373135803,2026-09-16 07:31:37.022926,18.616666666666667
76a54b1c-13aa-44f6-8690-2dfc500a0be3,33166,15,30,1,4,1.0,0.0,74,264,74_264,7.83053095216922,2026-09-16 07:31:37.022926,0.0
f06d25b7-81c9-40a7-9035-4c6f343859e6,22902,14,21,1,2,1.0,1.34,75,74,75_74,8.177644811646982,2026-09-16 07:31:37.022926,8.433333333333334
3e724143-663e-4ae6-8c1a-69dcf4c85229,25633,15,23,1,4,1.0,2.9,75,143,75_143,20.122652074938433,2026-09-16 07:31:37.022926,19.85
d888ea51-6ab8-407d-8953-7bbb97d02740,7864,16,8,1,3,1.0,2.6,166,236,166_236,17.142732473503123,2026-09-16 07:31:37.022926,14.516666666666667
1a868a08-6641-4a8e-a8d9-76e7a7af3d34,26452,1,24,1,5,1.0,0.45,256,255,256_255,2.8538148764302225,2026-09-16 07:31:37.022926,4.766666666666667
74e2cea8-1e92-4616-8e34-807e8bc79653,15948,13,15,1,3,1.0,6.7,74,138,74_138,15.295291862744227,2026-09-16 07:31:37.022926,14.366666666666667
a1322067-b7f0-45c1-b88c-9d06a70f67d5,7778,15,8,1,3,2.0,0.73,82,129,82_129,6.888557182316274,2026-09-16 07:31:37.022926,5.966666666666667
9bee6a17-2d39-4e73-8b00-5007693f8d72,12245,14,12,1,0,1.0,0.7,74,41,74_41,6.215026097371558,2026-09-16 07:31:37.022926,6.483333333333333
b871f830-9a8c-4304-ae8d-4a39f4d4d0b0,13154,9,13,1,1,1.0,1.19,74,75,74_75,9.945667970058789,2026-09-16 07:31:37.022926,8.3
9d9211d0-5432-4237-9e26-ebd1e3949714,32743,9,30,1,4,1.0,2.74,166,143,166_143,22.297094536887503,2026-09-16 07:31:37.022926,16.15
573a6313-5ec8-499c-8a5b-4c98fdfd8a66,12145,13,12,1,0,1.0,2.78,75,142,75_142,17.059671315314038,2026-09-16 07:31:37.022926,18.783333333333335
d1280614-5d66-4368-9e97-c9626a9abd4b,5801,20,6,1,1,1.0,1.13,43,263,43_263,7.298779376398697,2026-09-16 07:31:37.022926,5.266666666666667
c2940814-30c9-4b41-b268-30b45b4f7f6d,14102,0,14,1,2,1.0,0.99,95,95,95_95,5.7333499444664815,2026-09-16 07:31:37.022926,4.433333333333334
819e1ccb-3053-41ae-92cb-c49a7c54db1c,897,8,2,1,4,1.0,0.76,41,74,41_74,5.498485030183682,2026-09-16 07:31:37.022926,4.85
83798903-aa70-4c33-a617-05c3f1270f98,15102,18,14,1,2,1.0,1.01,33,54,33_54,7.235435558230982,2026-09-16 07:31:37.022926,8.366666666666667
930a5fb0-79aa-401b-ba54-1727415d22a3,9340,18,9,1,4,1.0,2.03,82,95,82_95,13.902852599027485,2026-09-16 07:31:37.022926,10.8
0a6bc728-4a00-4675-9d88-5c4e238cb8f5,21385,11,20,1,1,1.0,1.14,166,151,166_151,7.4286576837687015,2026-09-16 07:31:37.022926,6.8
a80cd467-aed3-49c9-a7eb-712f3eb0390d,14357,9,14,1,2,1.0,2.71,74,236,74_236,20.060992222126032,2026-09-16 07:31:37.022926,27.05
e120bdc2-8b8c-4f53-8d25-9cdb5535485d,12304,15,12,1,0,1.0,2.0,74,166,74_166,13.763282295535074,2026-09-16 07:31:37.022926,13.033333333333331
9abc2713-d681-4d6f-a5b7-a33fc3012f2a,7568,13,8,1,3,1.0,8.91,75,75,75_75,29.62232959308634,2026-09-16 07:31:37.022926,28.983333333333334
84ccb1b3-5f70-44c2-8aa3-0f4acb7295ca,32581,7,30,1,4,1.0,2.87,74,262,74_262,24.89967383985519,2026-09-16 07:31:37.022926,35.93333333333333
6473d5f3-b282-4c4b-ba35-31014f916e1e,24056,12,22,1,3,1.0,5.43,130,132,130_132,22.580178127579284,2026-09-16 07:31:37.022926,21.85
79a440cc-1664-47ba-8d5e-8f177e8c8c81,8495,7,9,1,4,1.0,0.65,74,74,74_74,5.304439817033537,2026-09-16 07:31:37.022926,4.0
b092b49b-4dc5-4eb6-b038-7f06fdfa02c0,26418,0,24,1,5,5.0,4.04,97,227,97_227,18.2644010292986,2026-09-16 07:31:37.022926,22.05
bdb3fbe1-bc9c-43c1-af9a-c5554f2c1efe,25460,13,23,1,4,1.0,4.35,41,161,41_161,29.52899783928091,2026-09-16 07:31:37.022926,32.68333333333333
98de811a-2772-41b6-9cd2-5d2fd2e41ace,32409,22,29,1,3,1.0,0.0,75,236,75_236,8.393200551993687,2026-09-16 07:31:37.022926,4.466666666666667
fe0b1ca3-48d1-43ce-96bd-710fdb675eb2,28913,14,27,1,1,1.0,1.03,166,238,166_238,8.902002153948384,2026-09-16 07:31:37.022926,8.066666666666666
706df0c3-6d54-4d2d-a2b0-5d3a466869d0,18536,15,17,1,5,1.0,1.96,74,24,74_24,11.746429979559592,2026-09-16 07:31:37.022926,11.883333333333333
1aeddce4-881e-4050-9820-b72bc51e2bed,4829,7,6,1,1,1.0,1.01,74,42,74_42,7.274500772899902,2026-09-16 07:31:37.022926,8.866666666666667
66ff323e-1bd8-4651-9284-4baa5e0df1f4,2606,21,3,1,5,1.0,0.01,41,41,41_41,1.6548745726784018,2026-09-16 07:31:37.022926,0.2833333333333333
7a8cb5a9-510d-4aaa-8f8c-072e0ebf44f5,27811,2,26,1,0,1.0,1.88,129,129,129_129,10.515635115131916,2026-09-16 07:31:37.022926,9.716666666666669
2ef51710-0175-4de9-b6ff-935e17b1fbb9,16725,22,15,1,3,1.0,2.3,75,237,75_237,12.362733626252094,2026-09-16 07:31:37.022926,10.616666666666667
e87d78df-d129-4e55-9d7e-a9c98709c1d4,27933,14,26,1,0,1.0,1.5,74,75,74_75,9.958424854776386,2026-09-16 07:31:37.022926,9.1
73d3f39e-0040-4f67-949d-0fbe69ce715d,15347,22,14,1,2,1.0,1.9,130,197,130_197,9.941533141678317,2026-09-16 07:31:37.022926,9.45
6fa30ffb-5a8f-4d47-ba0f-bf9b5083a192,15782,11,15,1,3,1.0,1.12,74,74,74_74,8.905168694099519,2026-09-16 07:31:37.022926,7.75
13c8cefb-baef-4c55-9d8d-38a32fbd84d3,9698,2,10,1,5,2.0,2.52,255,148,255_148,13.19124341117152,2026-09-16 07:31:37.022926,10.25
d310e88a-4e97-4e57-a721-f217dcad3d80,26056,18,23,1,4,1.0,1.46,24,75,24_75,10.785184703669769,2026-09-16 07:31:37.022926,16.883333333333333
35a28119-54f9-48f6-86cb-bcaa6e77629f,14070,23,13,1,1,1.0,0.81,41,74,41_74,4.670439415129096,2026-09-16 07:31:37.022926,5.116666666666666
42814306-1170-4396-a658-f480edeec4a8,29477,20,27,1,1,1.0,1.11,95,95,95_95,8.832025390127002,2026-09-16 07:31:37.022926,9.566666666666666
a3009643-783f-4b71-8248-c09ae85a1090,30343,15,28,1,2,1.0,1.9,74,263,74_263,19.015818323645117,2026-09-16 07:31:37.022926,18.55
e2b4e77d-27c1-4929-a5a4-dbb0dcc0d231,6563,15,7,1,2,1.0,1.65,41,74,41_74,13.628170544517264,2026-09-16 07:31:37.022926,11.983333333333333
7542a44d-592a-4bca-98a8-68a2bc7d0155,29400,19,27,1,1,6.0,1.88,75,263,75_263,13.90207345224905,2026-09-16 07:31:37.022926,19.433333333333337
d7bcffae-1196-4bbd-9bc4-9b2d92a1d97c,34276,14,31,1,5,1.0,1.84,65,181,65_181,15.797833482693884,2026-09-16 07:31:37.022926,24.316666666666663
1bde04a1-063b-425b-ad3c-f80052a4334c,27783,8,26,1,0,1.0,1.4,74,75,74_75,9.757908603421324,2026-09-16 07:31:37.022926,8.25
af6c9bdd-c47e-4689-bb97-72899e9dca5f,18178,6,17,1,5,1.0,0.0,53,264,53_264,0.0357234230090226,2026-09-16 07:31:37.022926,0.1
8dff7386-325e-4ab3-a7a7-eaa0bff99de2,13247,11,13,1,1,1.0,3.65,244,43,244_43,21.139468324711455,2026-09-16 07:31:37.022926,19.666666666666668
1ca8370e-81fe-47d8-8e42-b7a5c472a075,33212,15,30,1,4,1.0,6.27,196,173,196_173,32.99252606814492,2026-09-16 07:31:37.022926,50.46666666666667
8549ea9d-551c-436e-831e-38c4acd4ca76,10799,7,11,1,6,1.0,5.21,195,188,195_188,23.37773327318383,2026-09-16 07:31:37.022926,24.333333333333332
bb12c98c-a85b-4873-891a-6ba205ffac11,30050,11,28,1,2,1.0,2.35,97,181,97_181,21.13617502483507,2026-09-16 07:31:37.022926,15.133333333333333
7e3bec5e-d5ea-4bf6-b7ee-8f054e2a130e,1855,2,3,1,5,1.0,1.13,112,80,112_80,5.993593694917682,2026-09-16 07:31:37.022926,6.3
54f3a788-132b-4b0b-a4af-380f9fb6114f,28764,12,27,1,1,1.0,2.71,74,262,74_262,24.730353257986398,2026-09-16 07:31:37.022926,33.2
ca17a71c-be6c-4fac-9e0d-1717321fe47d,4089,14,5,1,0,1.0,0.32,41,41,41_41,3.680933843068843,2026-09-16 07:31:37.022926,2.3333333333333335
f85ba6c3-b592-4d21-995f-d6a5680eb6c4,28040,16,26,1,0,1.0,1.57,33,195,33_195,9.572463014986651,2026-09-16 07:31:37.022926,8.533333333333333
b4c851b9-60d0-44c4-a9c5-a8e9630f6a7c,12499,17,12,1,0,1.0,2.68,244,243,244_243,15.530423678920299,2026-09-16 07:31:37.022926,12.916666666666666
77f9af4f-8a48-4ef9-828c-ea97b0265c92,4589,19,5,1,0,2.0,14.39,25,244,25_244,29.422661509471258,2026-09-16 07:31:37.022926,35.516666666666666
407f30b6-ba2d-417e-9e59-03142814eb67,22110,20,20,1,1,1.0,0.64,43,263,43_263,4.88157803053476,2026-09-16 07:31:37.022926,4.35
fc6a726c-77f3-4c5b-a36f-754615548196,13299,12,13,1,1,1.0,4.49,134,216,134_216,19.236583064059314,2026-09-16 07:31:37.022926,14.066666666666666
74d8eb08-b135-4635-9dca-d65616c32f1e,22412,7,21,1,2,1.0,0.92,74,75,74_75,7.630016873244796,2026-09-16 07:31:37.022926,6.533333333333333
04f6bfc9-159c-47fb-a5d8-de1636d05daa,23242,17,21,1,2,1.0,3.03,74,238,74_238,19.551389547240763,2026-09-16 07:31:37.022926,17.55
af55a863-45b7-4181-9cb5-7585c04b2658,18521,14,17,1,5,1.0,1.99,74,24,74_24,11.746429979559592,2026-09-16 07:31:37.022926,15.416666666666666
b9ded082-065d-407c-898f-8bd83e923448,15264,19,14,1,2,1.0,0.52,260,260,260_260,3.9967917579379417,2026-09-16 07:31:37.022926,5.5
240bfc41-1762-4165-92f4-cb350354e821,29199,17,27,1,1,1.0,2.79,74,43,74_43,25.11137472388461,2026-09-16 07:31:37.022926,18.566666666666663
16a86cf1-32e7-4dd8-933e-f99a0afc791c,27563,0,25,1,6,1.0,1.2,210,210,210_210,6.3575480688798685,2026-09-16 07:31:37.022926,6.966666666666667
f0620e1d-83a2-4f47-b4de-901489ccbbe0,3687,8,5,1,0,1.0,1.66,33,40,33_40,10.812234787564712,2026-09-16 07:31:37.022926,11.0
e0178c28-f91c-42c4-a894-0af1bad358ae,26270,21,23,1,4,1.0,4.68,74,243,74_243,16.738740128372694,2026-09-16 07:31:37.022926,12.133333333333333
abd602bb-c044-4fb5-bfc2-905da8653490,9331,18,9,1,4,1.0,1.54,65,40,65_40,12.617452614341932,2026-09-16 07:31:37.022926,12.35
94d3d5bb-7a5d-429c-9a7e-85783bfc9657,7152,1,8,1,3,8.0,0.12,130,130,130_130,0.7030635316211611,2026-09-16 07:31:37.022926,0.1
6266ef88-1be6-40ae-a96c-6939eb8f3893,14909,17,14,1,2,1.0,2.4,166,42,166_42,16.619433024433402,2026-09-16 07:31:37.022926,13.85
beb9bed3-3f8e-491f-b040-820ae784d0eb,7585,13,8,1,3,1.0,1.73,129,157,129_157,12.81593775294351,2026-09-16 07:31:37.022926,10.483333333333333
91038258-9baf-4b48-8f64-e32a4819ba1d,10992,12,11,1,6,1.0,1.45,152,74,152_74,8.15426771423603,2026-09-16 07:31:37.022926,9.7
9431fecb-cd85-46ce-8bb8-64eede5c9097,8534,8,9,1,4,1.0,2.7,74,239,74_239,17.951786661377152,2026-09-16 07:31:37.022926,15.716666666666669
49e2b530-0cc1-49fc-a7d9-0964af833084,24277,14,22,1,3,1.0,0.88,74,166,74_166,7.562607041017208,2026-09-16 07:31:37.022926,7.75
1cc4e360-790a-43b0-8df5-2ef2d8e427ae,6648,16,7,1,2,6.0,1.76,75,41,75_41,12.313669614114215,2026-09-16 07:31:37.022926,7.1
545ccfae-0e12-4b61-aa6e-752586843df4,1835,0,3,1,5,1.0,1.23,66,65,66_65,6.523749717014108,2026-09-16 07:31:37.022926,6.55
f1355176-6360-407e-aa9a-78204e3e3bc0,32804,10,30,1,4,1.0,1.27,74,41,74_41,13.07702054794999,2026-09-16 07:31:37.022926,9.2
005fff3b-8a50-4288-9e50-f2dfecc2cce9,15746,10,15,1,3,1.0,0.94,152,166,152_166,6.156797401107451,2026-09-16 07:31:37.022926,4.65
5d1137ba-cd1f-43ba-a469-1c0b960b50d4,29395,19,27,1,1,1.0,1.16,65,97,65_97,10.440240308086246,2026-09-16 07:31:37.022926,12.816666666666666
e295ebd1-b60a-4540-ab30-10e45ffdee5a,9170,16,9,1,4,5.0,0.86,134,134,134_134,6.6579307058338895,2026-09-16 07:31:37.022926,7.416666666666667
59a84117-85b7-41e9-8bd8-d5c27e03b820,28610,10,27,1,1,1.0,4.7,244,238,244_238,13.545704607368544,2026-09-16 07:31:37.022926,24.083333333333332
b164d43d-b8c5-4e20-9fcc-199c8ee88634,4401,17,5,1,0,1.0,1.3,75,74,75_74,6.698135018447374,2026-09-16 07:31:37.022926,7.55
1e0d1469-d51e-4080-93af-4a9c397c841d,18374,12,17,1,5,3.0,3.02,166,263,166_263,15.888962903987904,2026-09-16 07:31:37.022926,18.45
665e2466-8604-4fb1-aa49-7cee114b2cd3,17334,14,16,1,4,2.0,0.6,75,236,75_236,5.663420766334163,2026-09-16 07:31:37.022926,11.466666666666669
94ff40d5-3115-4a2f-9c05-51f50ae882ff,8295,21,8,1,3,1.0,0.72,75,236,75_236,4.726149311108767,2026-09-16 07:31:37.022926,3.7666666666666666
aa54c962-ddeb-47d4-b699-6ad950596539,10113,14,10,1,5,1.0,1.9,74,236,74_236,11.821048720915769,2026-09-16 07:31:37.022926,10.816666666666666
419cd2d8-4cca-46d7-b02c-3a4c0ea74946,17985,21,16,1,4,1.0,2.19,74,263,74_263,11.56886758614483,2026-09-16 07:31:37.022926,12.783333333333331
30b49671-be12-4d66-8d46-c493d7e1933c,31698,15,29,1,3,1.0,0.02,75,75,75_75,1.8216853162218642,2026-09-16 07:31:37.022926,1.1
3842d526-e63a-4f4f-a635-168acf039797,13671,17,13,1,1,1.0,3.16,66,61,66_61,20.729507928718597,2026-09-16 07:31:37.022926,23.583333333333332
8730d216-6bff-4b5e-94ef-97d4861dae34,17342,14,16,1,4,1.0,0.29,97,97,97_97,4.259089324737822,2026-09-16 07:31:37.022926,4.766666666666667
6564f07a-4db7-4c6d-8806-ad883122ba47,26885,14,24,1,5,1.0,1.5,74,166,74_166,10.131537465720179,2026-09-16 07:31:37.022926,11.133333333333333
9c0f2083-1934-4be9-9852-f708e270a8bd,31861,16,29,1,3,1.0,3.49,82,138,82_138,14.363195070142233,2026-09-16 07:31:37.022926,16.3
17455ff2-3f0b-4539-9570-e3aead7adfdc,31339,9,29,1,3,1.0,1.09,41,75,41_75,10.138418858682579,2026-09-16 07:31:37.022926,13.3
0ec9e390-3917-4500-a6ee-e987a6fd0d7f,17865,19,16,1,4,1.0,0.77,41,166,41_166,6.028575275180231,2026-09-16 07:31:37.022926,5.983333333333333
30376f28-7f53-4fc5-8e6b-ab91dcdb9b9a,14855,16,14,1,2,1.0,1.44,74,75,74_75,10.765531851997542,2026-09-16 07:31:37.022926,7.1
3e8322b0-9ddb-4035-8a91-f83cea2d56be,32983,13,30,1,4,1.0,2.4,74,236,74_236,25.085180659662942,2026-09-16 07:31:37.022926,30.0
fea16092-ffd9-4425-8d29-56b2b1932f87,25808,16,23,1,4,1.0,2.59,74,237,74_237,18.653629344036922,2026-09-16 07:31:37.022926,16.483333333333334
cd4003d2-b92b-41ea-8052-eae86c1bf0de,8963,14,9,1,4,1.0,2.81,74,43,74_43,20.22381626290018,2026-09-16 07:31:37.022926,23.383333333333333
8f6dffa4-22ba-49fe-9e2b-f68a1cb19dc5,22537,9,21,1,2,1.0,0.8,43,238,43_238,4.379038740913712,2026-09-16 07:31:37.022926,2.9833333333333334
c75820fd-7159-45bf-b492-91f7095e2d25,2877,9,4,1,6,1.0,3.3,74,126,74_126,14.397068861221314,2026-09-16 07:31:37.022926,18.633333333333333
f713f081-c4a6-4a60-9f7a-97c869f654d4,17936,20,16,1,4,1.0,1.59,75,41,75_41,8.954775095964854,2026-09-16 07:31:37.022926,7.316666666666666
d170077c-4d00-44a0-9295-59be210a5d1d,25513,13,23,1,4,1.0,0.0,189,189,189_189,9.871575381351036,2026-09-16 07:31:37.022926,0.0333333333333333
7ee35969-273e-48bb-a55f-a44c97830920,22610,9,21,1,2,2.0,0.83,166,166,166_166,4.705201643309837,2026-09-16 07:31:37.022926,6.366666666666666
df49d460-d867-4513-adf2-73ee7da720d9,17753,18,16,1,4,1.0,3.59,82,138,82_138,12.67758823686851,2026-09-16 07:31:37.022926,10.133333333333333
27a310dd-e5bb-469d-9b6e-c3ed62b790d5,16582,20,15,1,3,1.0,4.0,216,132,216_132,18.748039454483575,2026-09-16 07:31:37.022926,8.483333333333333
5358ef92-abe0-4108-89f6-32fe9305bb9e,1059,11,2,1,4,1.0,1.61,75,237,75_237,9.010735301175728,2026-09-16 07:31:37.022926,10.066666666666666
b4100712-e5bd-453e-b7a8-b55395559815,16961,8,16,1,4,1.0,2.4,82,129,82_129,14.517941273210216,2026-09-16 07:31:37.022926,6.716666666666667
35b1667b-93c4-499c-83ac-4b6778f71ee0,25352,11,23,1,4,1.0,4.22,97,72,97_72,34.66711096886975,2026-09-16 07:31:37.022926,26.25
c22e0efd-5341-4562-ab6e-4edecbd5adc0,5599,17,6,1,1,1.0,6.64,66,162,66_162,24.135094224920806,2026-09-16 07:31:37.022926,22.016666666666666
89089747-2cdf-47b3-a31b-6233c90cc9c2,26006,18,23,1,4,1.0,0.76,75,75,75_75,6.44732755421333,2026-09-16 07:31:37.022926,3.8666666666666663
ac1062f4-6805-4c33-bc98-b9f081096eb8,2910,10,4,1,6,1.0,3.09,74,239,74_239,15.206876941618955,2026-09-16 07:31:37.022926,11.55
7f73128e-98b8-43cb-a9d9-bb0809146b97,9220,17,9,1,4,1.0,0.73,166,151,166_151,5.209606592539478,2026-09-16 07:31:37.022926,4.133333333333334
52241523-cd5e-4e01-ac13-1dd3e1a05f12,7776,15,8,1,3,1.0,4.23,65,71,65_71,27.3528903530686,2026-09-16 07:31:37.022926,35.53333333333333
dc68e09e-1ec9-4d17-aee5-29ff85876775,32848,11,30,1,4,1.0,9.02,82,135,82_135,33.51036379440681,2026-09-16 07:31:37.022926,25.85
5ec0fb3e-55d6-4815-a242-2e1a3bfb3c7c,9596,22,9,1,4,1.0,4.01,97,231,97_231,20.312952637733044,2026-09-16 07:31:37.022926,21.433333333333337
556bee5c-9e9b-4586-9c23-c00b2039f7f1,7354,9,8,1,3,1.0,0.43,75,75,75_75,4.3148699494432785,2026-09-16 07:31:37.022926,3.25
65fb7814-f971-47fb-abf8-4f160fec3ccd,21540,14,20,1,1,1.0,1.73,43,237,43_237,16.179842440707326,2026-09-16 07:31:37.022926,19.816666666666663
b6039417-5e0b-4ac9-a273-8f30195e76b7,23783,8,22,1,3,1.0,0.42,75,236,75_236,5.29532271693797,2026-09-16 07:31:37.022926,4.083333333333333
0bab5c2d-a3a4-4bd1-9d0b-cb850208a940,3428,18,5,1,0,1.0,2.37,74,263,74_263,14.36779356456257,2026-09-16 07:31:37.022926,10.333333333333334
d9934e91-5282-4f10-86d1-73af9da0403e,28749,11,27,1,1,6.0,3.28,43,230,43_230,28.123681845402412,2026-09-16 07:31:37.022926,35.13333333333333
5a8e68d8-e67e-4b41-8884-4164c2582e40,19947,9,19,1,0,1.0,0.0,145,145,145_145,1.372822793299061,2026-09-16 07:31:37.022926,1.3
0e6a852f-e075-48ea-b402-cc234cb2f5bd,13119,9,13,1,1,1.0,0.7,75,41,75_41,4.9536920159069835,2026-09-16 07:31:37.022926,6.866666666666666
950137e6-a79f-4e0c-9497-c62167f11666,8496,7,9,1,4,1.0,3.79,41,230,41_230,18.889575457631533,2026-09-16 07:31:37.022926,16.8
0b0204db-3a4f-41d4-a7b2-420d7a060cde,25891,17,23,1,4,6.0,3.53,75,229,75_229,22.68314527890846,2026-09-16 07:31:37.022926,23.383333333333333
d2345f74-fa91-4b74-a84f-3634ac2a46b7,17460,15,16,1,4,2.0,6.48,75,90,75_90,32.214982031883615,2026-09-16 07:31:37.022926,31.083333333333332
f0a66c71-2bbb-4635-a473-10c1c1c6696c,32002,17,29,1,3,1.0,1.69,74,236,74_236,16.244612440061747,2026-09-16 07:31:37.022926,13.066666666666666
69d1bac6-4355-4cc6-80c4-050a649bda27,18189,7,17,1,5,1.0,2.55,74,237,74_237,11.261820982494827,2026-09-16 07:31:37.022926,11.15
f56f189c-1b69-44b7-8d8c-7009a399127a,31008,22,28,1,2,1.0,4.14,65,37,65_37,35.65527589125977,2026-09-16 07:31:37.022926,30.766666666666666
947f577e-9202-4a50-bbe7-b4111af3b8ba,4586,18,5,1,0,1.0,0.77,130,28,130_28,6.659391126263536,2026-09-16 07:31:37.022926,8.266666666666667
540c036a-ec46-4656-bdcf-a3ee80593033,21384,11,20,1,1,1.0,0.22,82,82,82_82,5.032040271683885,2026-09-16 07:31:37.022926,4.133333333333334
fcf5560f-5044-496c-b02a-555c7a966b74,13937,19,13,1,1,1.0,1.47,41,42,41_42,8.62811930182943,2026-09-16 07:31:37.022926,9.566666666666666
3d85f352-54d1-4008-9610-b0f46ad11fc0,1457,17,2,1,4,1.0,4.32,75,143,75_143,22.970417184283207,2026-09-16 07:31:37.022926,16.916666666666668
b21bfb61-7bed-4174-bc3e-93b9ad07af96,11985,10,12,1,0,2.0,4.82,236,244,236_244,20.405959991763662,2026-09-16 07:31:37.022926,32.766666666666666
e241a656-82c4-4792-a711-cb39b7ad41ef,14339,9,14,1,2,1.0,1.71,74,166,74_166,12.63335623250222,2026-09-16 07:31:37.022926,9.816666666666666
45c60a46-290e-4169-824a-6b4943a98ac4,19995,10,19,1,0,1.0,1.95,97,61,97_61,11.880517769103532,2026-09-16 07:31:37.022926,13.283333333333331
609bb44d-7751-4e2c-b092-20df776019f1,16443,18,15,1,3,1.0,4.52,130,216,130_216,24.11559065626878,2026-09-16 07:31:37.022926,21.8
2922363d-2034-44f8-a4e1-50869e9ed579,7729,14,8,1,3,1.0,1.93,43,141,43_141,14.647245708341067,2026-09-16 07:31:37.022926,18.133333333333333
56bb5d93-8a72-4449-9875-f9f5753b774f,32303,20,29,1,3,1.0,1.71,95,95,95_95,11.706322439090856,2026-09-16 07:31:37.022926,13.55
9e0a30c4-0bfa-4f70-83c8-2e34c5714912,2747,2,4,1,6,1.0,1.83,95,56,95_56,10.57854732935472,2026-09-16 07:31:37.022926,10.416666666666666
8df173e8-f5f8-4e79-9f73-c2b4abb6dfa5,8346,22,8,1,3,1.0,1.03,95,95,95_95,6.218937369031362,2026-09-16 07:31:37.022926,5.966666666666667
25f1be13-f992-4a9c-a44c-69860d9dfe66,4646,20,5,1,0,1.0,1.66,75,151,75_151,9.147155997469673,2026-09-16 07:31:37.022926,7.05
af27fc4e-6648-44de-bed8-fc958c171c8e,6889,18,7,1,2,1.0,3.02,43,229,43_229,18.773240779795877,2026-09-16 07:31:37.022926,21.133333333333333
297ea608-016b-4bea-9830-630cfbb3780a,19426,14,18,1,6,2.0,2.88,74,238,74_238,15.399117014482004,2026-09-16 07:31:37.022926,12.716666666666669
8a1f34ea-61dc-4cc5-9102-78048eed48dc,26105,19,23,1,4,1.0,3.33,7,129,7_129,20.099195450105707,2026-09-16 07:31:37.022926,21.05
f042cd70-e650-4fef-a75f-2a4217bc8f57,3967,12,5,1,0,1.0,1.66,43,43,43_43,11.194541610252179,2026-09-16 07:31:37.022926,13.033333333333331
3e23b07f-106c-4ea1-9301-45531530f370,8146,19,8,1,3,1.0,3.67,134,98,134_98,14.787842109272985,2026-09-16 07:31:37.022926,17.0
9b8a4215-5e7d-4996-a934-786eae881e3b,2949,11,4,1,6,1.0,1.88,75,237,75_237,10.341106579488795,2026-09-16 07:31:37.022926,7.683333333333334
c5d6cf24-33b5-4f9e-9bc3-65075e2baba2,28784,12,27,1,1,1.0,2.36,24,236,24_236,20.638528410731592,2026-09-16 07:31:37.022926,17.583333333333332
460b0b10-d0b4-45fe-baf3-90ece6b1adf3,22528,9,21,1,2,1.0,0.94,75,238,75_238,6.387844679264211,2026-09-16 07:31:37.022926,10.216666666666669
44bca267-ebac-46ec-9de4-77e2f17339fe,2392,17,3,1,5,1.0,0.64,75,236,75_236,4.664235026845447,2026-09-16 07:31:37.022926,5.333333333333333
fcd643f1-1707-4ada-a141-0abb7b4d4af3,10040,13,10,1,5,2.0,3.6,166,142,166_142,19.26646428638693,2026-09-16 07:31:37.022926,12.1
82f67267-9f41-4b9f-9040-fd5c8133fd19,417,14,1,1,3,2.0,3.04,82,129,82_129,16.741629521220514,2026-09-16 07:31:37.022926,14.5
999cd7f2-ab31-4a25-927b-c33592713c93,31747,15,29,1,3,1.0,2.06,74,263,74_263,21.271761232096736,2026-09-16 07:31:37.022926,31.583333333333332
f51bd8c6-eb95-4567-a489-7f8d351f6109,16059,15,15,1,3,1.0,1.29,75,238,75_238,9.880672912459794,2026-09-16 07:31:37.022926,8.783333333333333
b7d3e101-bbbd-4187-8426-7efcd811ae85,12430,16,12,1,0,1.0,2.28,74,151,74_151,15.145832263369021,2026-09-16 07:31:37.022926,16.75
87f13351-4f78-4d78-9c2d-bca0cba36770,33378,17,30,1,4,1.0,2.65,95,28,95_28,18.684348794533115,2026-09-16 07:31:37.022926,16.266666666666666
5d235eaa-2a4f-44d2-b724-f436aba498dd,31744,15,29,1,3,1.0,3.42,82,192,82_192,24.976875091583796,2026-09-16 07:31:37.022926,26.633333333333333
15b6c3a8-860f-46ba-b7ea-1ea3f33dba4d,23870,9,22,1,3,1.0,1.02,74,74,74_74,8.58539959138339,2026-09-16 07:31:37.022926,6.616666666666666
6f47d4b7-10ec-4860-8dbf-a38e926b7a47,23413,19,21,1,2,1.0,1.9,65,49,65_49,14.16287536521302,2026-09-16 07:31:37.022926,16.716666666666665
96328a70-f6d8-4ef3-b18f-80822901e176,34195,13,31,1,5,6.0,2.59,75,142,75_142,15.940716759130504,2026-09-16 07:31:37.022926,15.75
bdbc3b2f-31d7-43c3-8322-e8df21430616,28626,10,27,1,1,1.0,1.61,166,74,166_74,15.532691579548434,2026-09-16 07:31:37.022926,14.866666666666667
23ed08a6-7cb2-47bb-9faa-ce3ad15247a9,31968,17,29,1,3,1.0,2.58,166,263,166_263,21.238305970378022,2026-09-16 07:31:37.022926,15.0
2653f0f7-abc4-4584-a1ca-177138150180,22127,20,20,1,1,1.0,1.09,97,97,97_97,9.788551254504016,2026-09-16 07:31:37.022926,7.0
749e7e1c-3514-4bb9-8b40-9ad73c4152ee,13003,8,13,1,1,1.0,1.44,74,43,74_43,12.512920519275768,2026-09-16 07:31:37.022926,9.95
00d99332-d6eb-4835-b78f-0dbd2a10885a,24256,14,22,1,3,1.0,3.05,75,162,75_162,28.51230034223586,2026-09-16 07:31:37.022926,29.233333333333334
9f0f9c01-f605-4ef2-ac8f-22c92f4dbb44,24051,11,22,1,3,1.0,0.65,74,42,74_42,5.254064461656586,2026-09-16 07:31:37.022926,9.066666666666666
c2f8f60e-b29f-4733-ad8e-49b5322be822,6854,17,7,1,2,1.0,1.85,166,43,166_43,12.800277572889081,2026-09-16 07:31:37.022926,9.716666666666669
d119d15a-c67d-4768-957d-61dc9122ff9c,21010,7,20,1,1,2.0,1.9,74,116,74_116,13.169928461418346,2026-09-16 07:31:37.022926,13.716666666666669
33f02c65-3c6f-456d-ae50-4245d6feea34,16141,16,15,1,3,1.0,2.4,95,197,95_197,16.891160839087096,2026-09-16 07:31:37.022926,16.266666666666666
82577014-41a0-43d3-be80-ee5143401e3b,30425,16,28,1,2,1.0,1.76,166,43,166_43,16.54454965389333,2026-09-16 07:31:37.022926,11.683333333333334
711f5be3-7b1e-43c9-affb-1457f897a094,10771,4,11,1,6,1.0,10.19,112,89,112_89,25.761214822867736,2026-09-16 07:31:37.022926,22.233333333333334
851d00a3-fa32-44bd-bf0c-2443510fb7bf,11396,18,11,1,6,1.0,0.19,89,89,89_89,2.0316130640699326,2026-09-16 07:31:37.022926,0.7333333333333333
463b9e50-0fa8-4a3a-a7f2-fd4a6f066744,21396,12,20,1,1,1.0,1.98,74,166,74_166,13.619960742670623,2026-09-16 07:31:37.022926,13.266666666666667
a4a7c90d-72cd-4e86-9d1b-d1dd0b9474a8,26655,10,24,1,5,1.0,2.87,74,151,74_151,13.833468815427596,2026-09-16 07:31:37.022926,14.216666666666669
cf66bfa5-9997-4a64-b91b-7345ef1c17c0,29376,19,27,1,1,1.0,2.32,95,102,95_102,16.5436914251433,2026-09-16 07:31:37.022926,14.45
7e330fde-27fc-4ce1-875a-2e928a2e7bb0,14506,11,14,1,2,1.0,0.0,116,116,116_116,2.406079146682682,2026-09-16 07:31:37.022926,0.2333333333333333
9b647bf4-e363-47fd-9eb7-ad96a13dce82,19600,17,19,1,0,1.0,2.18,74,151,74_151,13.263208260363763,2026-09-16 07:31:37.022926,15.833333333333334
3e0f8835-ea9b-4570-819b-b7008803c565,22813,11,22,1,3,5.0,1.18,129,82,129_82,10.757206067681036,2026-09-16 07:31:37.022926,14.333333333333334
3770de14-3431-49ab-8c46-698b917336f3,13051,8,13,1,1,1.0,0.48,75,236,75_236,5.7370723242559905,2026-09-16 07:31:37.022926,3.6166666666666663
79886866-8b7c-4979-aa38-fd03f911fb07,21479,13,20,1,1,1.0,0.71,75,75,75_75,5.915585369392383,2026-09-16 07:31:37.022926,9.633333333333333
849d7fbc-df32-4278-9aa2-5d51c0881d60,24039,11,22,1,3,1.0,2.5,82,138,82_138,12.824787584814937,2026-09-16 07:31:37.022926,10.283333333333331
52c12822-3a87-434a-a685-793980ced062,21632,15,20,1,1,1.0,4.91,95,138,95_138,15.222027444592102,2026-09-16 07:31:37.022926,12.033333333333331
665d93af-5948-4a37-9932-2468414295ee,29518,21,27,1,1,1.0,1.99,43,237,43_237,12.471991154522346,2026-09-16 07:31:37.022926,9.566666666666666
903821d9-2096-488e-8502-58b68fd41a5b,18448,13,17,1,5,1.0,0.79,24,151,24_151,5.753174260370729,2026-09-16 07:31:37.022926,6.65
faab7619-937d-49f9-a90b-5eea7859a692,18435,13,17,1,5,1.0,0.84,95,95,95_95,5.877622090708418,2026-09-16 07:31:37.022926,6.2
47ae21fc-78a4-483c-bc14-eb1585dcafcd,34149,12,31,1,5,1.0,1.29,166,41,166_41,9.759219645993284,2026-09-16 07:31:37.022926,10.066666666666666
c929d395-4b2b-4bac-921f-325e6506e54d,15144,19,14,1,2,1.0,1.36,43,238,43_238,8.104197940035112,2026-09-16 07:31:37.022926,9.666666666666666
0f7b0ed6-1e55-4b88-b5fd-cd290163738f,12987,7,13,1,1,2.0,1.47,74,42,74_42,10.648539285029116,2026-09-16 07:31:37.022926,8.833333333333334
c0fe5a3f-c13f-4f07-81d6-1b6527bafa57,6353,12,7,1,2,1.0,3.73,82,138,82_138,9.937943379324132,2026-09-16 07:31:37.022926,11.033333333333331
99c45074-52df-4c6a-a978-14bf64c8ca8c,12669,18,12,1,0,2.0,13.03,130,163,130_163,37.88544909212372,2026-09-16 07:31:37.022926,41.833333333333336
f897da67-ed43-4799-85d9-5fd6e7cdf9be,4315,16,5,1,0,1.0,1.32,82,157,82_157,9.624250318974017,2026-09-16 07:31:37.022926,6.9
b737fce3-a6d0-4860-a08f-c157b8860f2c,27025,15,24,1,5,1.0,3.95,75,48,75_48,22.205497432797944,2026-09-16 07:31:37.022926,19.733333333333334
3ab555ba-d00a-49b0-959e-0e802dc73192,28067,17,26,1,0,1.0,0.5,42,42,42_42,3.6604412768733554,2026-09-16 07:31:37.022926,3.85
711e5b65-3081-4b69-9229-ea9f24f47d46,7090,22,7,1,2,1.0,1.88,129,82,129_82,15.07390033393101,2026-09-16 07:31:37.022926,18.133333333333333
2b7056f4-ee7a-43d0-9b7a-12ed31ebbb0f,13881,19,13,1,1,1.0,1.06,260,129,260_129,8.002934328397151,2026-09-16 07:31:37.022926,6.333333333333333
52101e8c-4e0d-488f-94df-590bf29cf2a0,33457,18,30,1,4,2.0,1.88,74,236,74_236,16.145808047495116,2026-09-16 07:31:37.022926,16.7
23e700c6-7440-4379-90f8-20c5929cfcd8,4178,15,5,1,0,1.0,1.1,75,74,75_74,7.149413599622868,2026-09-16 07:31:37.022926,5.833333333333333
d0e9b76d-9b46-4987-86a3-adb66c70405a,30849,19,28,1,2,1.0,2.87,75,230,75_230,19.208899356132882,2026-09-16 07:31:37.022926,21.116666666666667
d6648c1c-2700-4d8f-b731-c2c007683dcc,4976,9,6,1,1,1.0,2.63,41,142,41_142,15.855544581489665,2026-09-16 07:31:37.022926,15.233333333333333
1a1df95f-3ab9-420b-b7bb-856b6951133c,16189,16,15,1,3,1.0,3.84,82,138,82_138,11.351401992219058,2026-09-16 07:31:37.022926,8.45
681a18e2-48e3-4a06-9a4d-497c5b2b3731,10687,23,10,1,5,1.0,2.41,74,236,74_236,10.893553709146715,2026-09-16 07:31:37.022926,8.433333333333334
d635d3a9-a269-4f04-81af-5321334e8e1c,18551,15,17,1,5,1.0,2.69,74,262,74_262,14.560808715990342,2026-09-16 07:31:37.022926,13.5
73c2372d-02f1-425f-bd54-d5a610af5634,5610,17,6,1,1,1.0,1.91,75,262,75_262,14.050285865684108,2026-09-16 07:31:37.022926,16.0
d7927357-0d1e-4a16-b897-245b70bfd743,9716,4,10,1,5,1.0,3.53,226,226,226_226,14.865475782676652,2026-09-16 07:31:37.022926,17.333333333333332
4de0a61f-92c3-44f4-90b2-dcece6e8eeca,2268,15,3,1,5,1.0,1.65,65,181,65_181,11.107573995047721,2026-09-16 07:31:37.022926,13.266666666666667
98f83998-23c1-4d0a-852b-67947a9b3206,27531,23,24,1,5,1.0,1.31,260,157,260_157,8.29669887559845,2026-09-16 07:31:37.022926,6.916666666666667
c989f997-d84c-4f57-bc67-e54882819f3a,28992,15,27,1,1,1.0,0.0,150,150,150_150,3.312857321346801,2026-09-16 07:31:37.022926,0.0833333333333333
19a9f75d-8051-47fd-a35d-9dcbc016fa58,10101,14,10,1,5,2.0,5.76,66,234,66_234,25.388414570405057,2026-09-16 07:31:37.022926,29.783333333333335
86d9b521-8208-4626-aeea-f2ae32af9c63,9954,12,10,1,5,1.0,6.05,166,90,166_90,24.01400218355121,2026-09-16 07:31:37.022926,23.1
ea031b09-99d3-4c41-a057-50102e3e70f7,32740,9,30,1,4,2.0,1.33,74,75,74_75,16.48506470124499,2026-09-16 07:31:37.022926,24.416666666666668
4481577f-e93b-4cd9-9e76-32c5cdf4a1d1,365,12,1,1,3,1.0,2.86,74,262,74_262,14.497768336692989,2026-09-16 07:31:37.022926,11.8
59409623-5f3c-43de-baf4-45d7537d38f3,15354,22,14,1,2,1.0,2.6,33,125,33_125,12.526435047404444,2026-09-16 07:31:37.022926,9.883333333333333
ccdc5c0a-9617-4dfd-b0c3-e5532b6872e9,8675,10,9,1,4,1.0,0.64,74,41,74_41,5.28384309807864,2026-09-16 07:31:37.022926,5.316666666666666
0dff1154-c74f-4a47-af2e-e2f44b7ab1e8,3912,11,5,1,0,5.0,0.91,74,41,74_41,6.829085700934601,2026-09-16 07:31:37.022926,4.633333333333334
05c766a6-f426-4f97-89b0-da68df7f45ab,5617,18,6,1,1,1.0,0.88,129,260,129_260,6.954166090586755,2026-09-16 07:31:37.022926,7.4
c8daf3f9-2677-40dc-b156-3dd00c7aa50c,9485,20,9,1,4,2.0,3.32,66,189,66_189,27.7686287715389,2026-09-16 07:31:37.022926,19.266666666666666
e0bc9e7e-075f-4b3c-a439-ba5b4a2a8dce,9298,18,9,1,4,2.0,9.29,130,72,130_72,35.445871255544795,2026-09-16 07:31:37.022926,38.71666666666667
b400345f-f6e9-4408-a01d-be54ebca86a6,23004,15,21,1,2,1.0,1.21,75,74,75_74,7.484397337567767,2026-09-16 07:31:37.022926,5.7
18d05b14-ff6a-4c80-b11c-60f9f3a7ad86,2944,11,4,1,6,2.0,2.5,97,61,97_61,14.199423344333422,2026-09-16 07:31:37.022926,14.5
0d20f3de-a634-48e6-873c-605b646c439a,18851,20,17,1,5,2.0,0.16,210,210,210_210,2.085879308300289,2026-09-16 07:31:37.022926,1.3333333333333333
0223acbc-dc71-4333-91e1-c2fa2a641d23,3042,13,4,1,6,1.0,3.92,74,142,74_142,19.076459519889614,2026-09-16 07:31:37.022926,17.183333333333334
59d2bd5f-cc18-437e-9e00-f5f4d86e72a1,31032,23,28,1,2,1.0,2.17,74,151,74_151,13.041809655350539,2026-09-16 07:31:37.022926,12.866666666666667
0054df78-4554-45fc-9780-dc95a8e36f43,31293,9,29,1,3,6.0,1.67,41,152,41_152,15.59190058281134,2026-09-16 07:31:37.022926,12.5
52ff39ac-83fc-43bc-b043-8729edd40dbd,17314,14,16,1,4,5.0,2.23,43,141,43_141,16.519683387518576,2026-09-16 07:31:37.022926,19.983333333333334
520bee15-1c25-40eb-98fe-fcc7cd388f7c,8489,7,9,1,4,1.0,2.24,166,75,166_75,14.506288383054997,2026-09-16 07:31:37.022926,13.733333333333333
4208014e-ce24-47e5-a218-1f2ffe943800,17187,12,16,1,4,6.0,1.04,75,236,75_236,8.150729645214879,2026-09-16 07:31:37.022926,11.633333333333333
b27602e4-8fc7-4927-8dac-a468b3074f94,12984,7,13,1,1,2.0,0.6,75,263,75_263,4.307993298844288,2026-09-16 07:31:37.022926,11.25
41f9e6e4-1018-42f5-9c22-70422ae4ea3f,34273,14,31,1,5,1.0,2.4,74,151,74_151,16.660962080508938,2026-09-16 07:31:37.022926,16.266666666666666
0c5436a4-63a0-485d-9f3a-7d9beaf72df9,10394,18,10,1,5,1.0,2.4,74,263,74_263,13.433418544352765,2026-09-16 07:31:37.022926,13.15
f0e43ad9-0f06-4745-b4dd-a54f0faa00cb,2286,15,3,1,5,1.0,2.46,74,238,74_238,13.969966031217327,2026-09-16 07:31:37.022926,10.166666666666666
c92ed14d-86e5-4f74-8f72-5065bb81f0e3,32189,19,29,1,3,1.0,0.93,134,134,134_134,7.6599173822382305,2026-09-16 07:31:37.022926,7.533333333333333
0e5d15f8-056b-4ab9-91f6-460fd8ccb5d1,23137,17,21,1,2,1.0,0.85,65,181,65_181,10.137877673961835,2026-09-16 07:31:37.022926,7.95
b8b7e569-f4ce-4f0a-8b2a-9e5349af3b28,20646,18,19,1,0,1.0,0.93,65,106,65_106,9.56259101130489,2026-09-16 07:31:37.022926,11.083333333333334
a6913266-0209-4cd0-9120-679279552b8c,16749,23,15,1,3,1.0,4.05,74,43,74_43,17.15774546147758,2026-09-16 07:31:37.022926,18.066666666666663
eae099a3-0002-43e5-90d5-a1564fec1e5d,2759,4,4,1,6,1.0,9.96,129,28,129_28,24.396760569014475,2026-09-16 07:31:37.022926,15.316666666666666
7ca6abf6-d715-4843-a75d-d108ab32c0ec,1648,19,2,1,4,1.0,1.38,74,75,74_75,6.632136907969408,2026-09-16 07:31:37.022926,6.083333333333333
eaac9f94-23e8-488b-bc5d-cc1a8d260c7a,15678,9,15,1,3,1.0,8.44,75,138,75_138,23.168367978943817,2026-09-16 07:31:37.022926,22.316666666666663
6e5063b3-0d1d-4365-907e-1dc2493b84b8,29835,8,28,1,2,1.0,6.68,74,138,74_138,19.59261919841488,2026-09-16 07:31:37.022926,24.616666666666667
822a79de-6781-4e41-8e56-9159fea7328f,8158,19,8,1,3,1.0,1.99,95,28,95_28,9.04684760856087,2026-09-16 07:31:37.022926,9.833333333333334
45e42f0d-4e91-4cfc-b41c-354687c628ef,15684,10,15,1,3,1.0,0.97,41,43,41_43,7.353885969811586,2026-09-16 07:31:37.022926,10.05
db83ff29-5cd2-44e5-8eca-2531d3ed2cee,13919,19,13,1,1,1.0,1.38,75,74,75_74,5.528404295841645,2026-09-16 07:31:37.022926,5.6
c1de4df8-56f2-4301-b4ae-667ac0417f8b,17099,10,16,1,4,1.0,6.74,74,138,74_138,14.510113472485369,2026-09-16 07:31:37.022926,14.116666666666667
e8c3614d-87da-4d28-8e0d-3b5333077808,28059,17,26,1,0,1.0,2.1,74,263,74_263,13.345881745911734,2026-09-16 07:31:37.022926,14.783333333333331
d425420a-a93e-453e-baa5-4e4769c701bf,70,1,1,1,3,2.0,4.63,130,139,130_139,18.12628081992276,2026-09-16 07:31:37.022926,19.983333333333334
f1a42c63-b6af-494e-93e4-c29a5a8283ea,980,10,2,1,4,1.0,2.58,43,161,43_161,14.879926662602378,2026-09-16 07:31:37.022926,12.083333333333334
d54978de-0c7b-42fa-9df7-9d8f1853de3b,16074,15,15,1,3,1.0,7.3,243,143,243_143,24.134454892603383,2026-09-16 07:31:37.022926,14.9
d9c747d4-e269-4447-bda9-6ce2d8cd9910,29807,8,28,1,2,1.0,3.08,41,237,41_237,31.616354592666923,2026-09-16 07:31:37.022926,26.366666666666667
ea675392-818c-4300-9abb-559d80886b42,8291,21,8,1,3,1.0,7.99,130,9,130_9,22.596879987127256,2026-09-16 07:31:37.022926,21.116666666666667
9bf3cd22-a8fa-422f-b2d4-137da157c24e,5383,15,6,1,1,1.0,1.78,129,129,129_129,13.463508691036182,2026-09-16 07:31:37.022926,9.45
229937ce-293e-47d2-97fd-88475a9325ec,13513,15,13,1,1,1.0,3.0,75,143,75_143,20.058174207051323,2026-09-16 07:31:37.022926,26.166666666666668
8008d18f-4994-43ab-9c00-01cc78d857ff,14449,10,14,1,2,2.0,2.93,74,262,74_262,18.336951620964516,2026-09-16 07:31:37.022926,19.85
bb91d5ee-161e-4feb-b575-b48418532ec9,10643,22,10,1,5,5.0,9.62,66,236,66_236,28.453749247633635,2026-09-16 07:31:37.022926,23.483333333333334
4e395e72-02eb-4af3-bdcd-938db0ec2400,24943,23,22,1,3,2.0,1.25,25,189,25_189,13.154833984785595,2026-09-16 07:31:37.022926,10.85
da78468a-da7b-414c-b68a-42c3202814b5,15438,6,15,1,3,1.0,0.5,55,55,55_55,3.795557161931465,2026-09-16 07:31:37.022926,2.15
b85e2e44-8e20-47d6-b72d-0f6a295ce111,7311,8,8,1,3,1.0,1.05,74,75,74_75,10.13045277145989,2026-09-16 07:31:37.022926,11.566666666666666
ab8ebf35-1258-43fc-9db0-f75257297a52,29764,8,28,1,2,1.0,1.38,74,75,74_75,21.188272115154543,2026-09-16 07:31:37.022926,15.933333333333334
65b89832-5041-4768-a69b-74abd9cfe6cf,24652,18,22,1,3,1.0,2.15,43,239,43_239,12.912078508710415,2026-09-16 07:31:37.022926,14.183333333333334
989a1239-4050-4eb8-a41a-1e1a5a812034,18418,12,17,1,5,2.0,0.0,92,264,92_264,0.5640871623069066,2026-09-16 07:31:37.022926,0.0333333333333333
e7ef9c89-c2ad-4857-976c-8e589f434a8a,6860,18,7,1,2,2.0,2.46,74,74,74_74,14.843370836923532,2026-09-16 07:31:37.022926,17.9
81a6e25b-795b-4411-a05c-a372305c091b,8851,13,9,1,4,1.0,3.26,74,237,74_237,22.205098004232386,2026-09-16 07:31:37.022926,33.2
b5383bd0-d98e-47eb-9457-4a8e143c5f74,9419,19,9,1,4,1.0,1.58,75,140,75_140,10.435679513906853,2026-09-16 07:31:37.022926,8.6
ee5e5afa-d3e0-4b84-a91a-29d33cf4c0c1,13355,13,13,1,1,1.0,1.08,244,243,244_243,7.822584299925142,2026-09-16 07:31:37.022926,11.55
2a9dccc5-7544-405e-9aa7-7b5b12416076,34457,17,31,1,5,1.0,0.08,258,258,258_258,2.34334968585298,2026-09-16 07:31:37.022926,1.3833333333333333
a46d710c-cdef-411e-a650-5bdae17cf23a,28111,18,26,1,0,1.0,1.03,43,238,43_238,5.99005484513996,2026-09-16 07:31:37.022926,7.1
a1cc8ab5-7964-45ce-8b7d-dd8e04ade9f4,12175,13,12,1,0,1.0,1.84,74,236,74_236,13.359315660001256,2026-09-16 07:31:37.022926,11.4
9d6957bd-4300-45b4-9f43-6c9231eb752c,20184,13,19,1,0,1.0,6.89,41,68,41_68,25.62278686280749,2026-09-16 07:31:37.022926,22.333333333333332
e27aa642-6ba6-433d-9453-62582974f2d1,24932,22,22,1,3,1.0,9.8,130,7,130_7,24.676082926217425,2026-09-16 07:31:37.022926,16.766666666666666
8136bc70-9c1b-435c-ae15-562dc91ef3e6,14316,9,14,1,2,1.0,1.92,75,237,75_237,15.316690666638031,2026-09-16 07:31:37.022926,18.083333333333332
7ea6cf61-c9b6-42d2-9cdf-9369910df05a,22792,12,21,1,2,1.0,6.72,244,237,244_237,28.46174909990054,2026-09-16 07:31:37.022926,21.783333333333335
5bc331fd-44d1-48b0-9701-81d91116b90b,33594,19,30,1,4,1.0,0.0,135,135,135_135,2.2422089856013416,2026-09-16 07:31:37.022926,0.0833333333333333
9bae6f44-8014-48d3-8cc2-f8a832bcb338,30732,18,28,1,2,2.0,1.44,75,74,75_74,10.495994941482838,2026-09-16 07:31:37.022926,9.583333333333334
a6728bb3-c3e4-421e-a63b-98a12fa32b30,20388,15,19,1,0,1.0,2.51,82,173,82_173,17.05942012467498,2026-09-16 07:31:37.022926,19.0
f84c6afb-6a12-4e76-b926-1e88031f3f94,27852,11,26,1,0,1.0,7.89,244,162,244_162,34.958560022482295,2026-09-16 07:31:37.022926,30.45
69ea231d-2d55-4d9e-acf5-fcccf094877e,21713,16,20,1,1,5.0,1.02,43,236,43_236,7.8272309309181125,2026-09-16 07:31:37.022926,7.283333333333333
0d849899-868d-4aec-8087-5066746d2880,26057,18,23,1,4,1.0,2.33,74,262,74_262,16.524024848774882,2026-09-16 07:31:37.022926,17.316666666666666
62b691b8-e097-4df7-ba53-ff47ab5e6e57,24616,19,22,1,3,1.0,0.81,74,75,74_75,5.833472588073616,2026-09-16 07:31:37.022926,3.6166666666666663
e81411f9-c80a-4f17-b2b3-863fc6c80bea,385,13,1,1,3,1.0,2.31,75,141,75_141,11.654798781357869,2026-09-16 07:31:37.022926,9.6
1fe4fb1f-e8d1-4619-b116-ce9d168e8568,12672,18,12,1,0,1.0,0.45,95,95,95_95,3.8559611067496924,2026-09-16 07:31:37.022926,16.783333333333335
f8ba4061-f472-48a4-b6f9-a83907e4e197,33641,20,30,1,4,1.0,1.12,95,95,95_95,9.18845241916441,2026-09-16 07:31:37.022926,6.633333333333334
8e2f0a76-7ba7-43a5-8dc3-6baa9b03a36a,28646,10,27,1,1,1.0,1.41,75,41,75_41,12.121911999311225,2026-09-16 07:31:37.022926,10.95
4bd73d8d-daa3-4d80-838d-9782113f319f,5177,12,6,1,1,1.0,8.21,43,127,43_127,37.16227921004307,2026-09-16 07:31:37.022926,30.966666666666665
8cda7f83-e381-4143-8580-f0615dcb949c,19793,22,18,1,6,1.0,0.85,82,129,82_129,6.944603203757852,2026-09-16 07:31:37.022926,8.133333333333333
b1b0e107-d933-43e6-8045-4238b9092a87,19357,13,18,1,6,1.0,2.29,74,116,74_116,11.968966090169603,2026-09-16 07:31:37.022926,13.166666666666666
2f8bb873-3288-48c3-928f-426dba9c8919,2766,5,4,1,6,1.0,7.57,92,171,92_171,22.66860744971342,2026-09-16 07:31:37.022926,18.633333333333333
d211be47-b969-4613-9ec7-bfba4b61836c,23044,16,21,1,2,1.0,1.4,82,95,82_95,10.720214437304051,2026-09-16 07:31:37.022926,10.233333333333333
d97f5716-570c-4f57-807d-d83c2fa07f38,14218,7,14,1,2,1.0,1.48,166,238,166_238,8.633186735079814,2026-09-16 07:31:37.022926,13.15
e1f74200-1e8b-4dd5-966c-cce335df8941,28694,11,27,1,1,1.0,0.93,43,262,43_262,10.261059889143658,2026-09-16 07:31:37.022926,12.733333333333333
d0726c06-2bc2-4413-9eea-0d5471574f9a,4868,8,6,1,1,1.0,3.3,145,163,145_163,22.184944731441803,2026-09-16 07:31:37.022926,21.116666666666667
7384d94c-b37d-42b2-9c1d-2a719c1daf08,32272,19,29,1,3,1.0,0.67,134,134,134_134,5.874124858582161,2026-09-16 07:31:37.022926,6.316666666666666
46718e2f-d3e4-4c1b-b154-ce9d4b04ecdb,23701,7,22,1,3,2.0,4.3,43,246,43_246,18.972955739424645,2026-09-16 07:31:37.022926,24.25
828ca83d-e404-47be-b9b0-2828c64d604d,31186,8,29,1,3,1.0,1.59,75,238,75_238,15.091736771916615,2026-09-16 07:31:37.022926,13.15
997fa314-a2d5-4b23-9d35-0f11301c0a4c,7035,20,7,1,2,1.0,1.37,75,74,75_74,5.386947238045661,2026-09-16 07:31:37.022926,6.533333333333333
91aff1ab-c970-4af5-8c3e-b65e4ad26723,26868,13,24,1,5,1.0,2.2,74,74,74_74,12.536418418087687,2026-09-16 07:31:37.022926,0.1666666666666666
823120a7-5b55-4193-81f5-9a72a2869786,12278,15,12,1,0,1.0,1.4,41,42,41_42,10.05120468856905,2026-09-16 07:31:37.022926,7.9
60fc70b7-d7fc-499e-b4c6-2d4577d7748a,8579,9,9,1,4,1.0,2.2,41,247,41_247,14.86258302808727,2026-09-16 07:31:37.022926,16.15
5d60e210-8329-4ed6-8e5e-55947d6e61c4,15010,17,14,1,2,1.0,1.76,33,97,33_97,12.797860746651041,2026-09-16 07:31:37.022926,17.95
6f7af9ba-e98e-4971-944f-b36afb9995c4,618,18,1,1,3,1.0,3.4,74,238,74_238,15.830995255009357,2026-09-16 07:31:37.022926,20.65
3aa59a7a-ddd4-4527-93b6-19bdf0ba51dc,27929,14,26,1,0,2.0,3.73,166,163,166_163,22.89317827607478,2026-09-16 07:31:37.022926,21.4
14f46932-1dc1-473f-90bf-d76eaea0e964,7084,22,7,1,2,1.0,1.37,75,74,75_74,4.170892544439681,2026-09-16 07:31:37.022926,5.016666666666667
ad395b04-03c6-4bdc-939b-12c038290bd3,24530,17,22,1,3,1.0,0.8,166,166,166_166,5.531811889993018,2026-09-16 07:31:37.022926,4.466666666666667
ca2d1b7f-85a4-41bd-8b27-17e3e9888621,21789,16,20,1,1,1.0,2.32,74,262,74_262,16.640445743313133,2026-09-16 07:31:37.022926,14.05
86330bfb-db28-455c-9c51-ba950e82460d,25996,18,23,1,4,1.0,1.46,95,135,95_135,10.042343229148216,2026-09-16 07:31:37.022926,9.583333333333334
16645694-14fa-43d3-946f-a536cb5f162b,25176,9,23,1,4,1.0,0.86,75,236,75_236,6.301267358160797,2026-09-16 07:31:37.022926,8.766666666666667
577dc9a5-f9ca-404e-ae81-7918162f4822,12730,19,12,1,0,1.0,1.91,75,42,75_42,9.605820694509134,2026-09-16 07:31:37.022926,9.4
471d34bb-4c42-4737-b38f-7d2b5cad8203,5952,5,7,1,2,1.0,1.79,235,94,235_94,10.452434777677242,2026-09-16 07:31:37.022926,9.333333333333334
d7b36e4a-9984-44c0-9877-8a11b61fb8ff,16738,22,15,1,3,1.0,2.1,66,97,66_97,14.458091006726335,2026-09-16 07:31:37.022926,14.416666666666666
30398051-44d5-4744-9026-2541c0328bf1,13941,19,13,1,1,1.0,1.41,95,95,95_95,9.00799851919683,2026-09-16 07:31:37.022926,6.666666666666667
a8631fbb-6dcb-48b1-a68c-171b4c0de050,27082,16,24,1,5,1.0,0.98,130,215,130_215,6.868965210768299,2026-09-16 07:31:37.022926,6.316666666666666
b661ebdb-a510-4a69-a2c3-cb7991d54f3e,3381,18,4,1,6,1.0,3.96,74,141,74_141,19.408144667947177,2026-09-16 07:31:37.022926,13.75
8641dec0-2411-48ff-ae4e-4bf682e4b5bc,19463,15,18,1,6,1.0,0.49,41,152,41_152,3.8595455238477476,2026-09-16 07:31:37.022926,2.6166666666666667
8ebc5538-bc2b-4e2c-b859-290d78bd6359,24717,18,22,1,3,1.0,0.81,43,236,43_236,6.281378097923867,2026-09-16 07:31:37.022926,4.3
d8a5f519-a654-4b0b-a50c-92060bc77cfc,26086,19,23,1,4,1.0,2.3,74,236,74_236,13.455927587436323,2026-09-16 07:31:37.022926,13.916666666666666
0e49f357-5419-49e4-a32e-ce7f7200c621,21880,17,20,1,1,1.0,1.68,74,166,74_166,12.534376674666316,2026-09-16 07:31:37.022926,11.133333333333333
6e3d001a-1232-435a-b7b2-5f4d85b904c6,4597,19,5,1,0,1.0,0.91,75,74,75_74,3.775678678386503,2026-09-16 07:31:37.022926,4.5
02e4d8a3-02d3-41b7-abf5-150812506254,14430,9,14,1,2,1.0,0.94,7,7,7_7,6.891792565217199,2026-09-16 07:31:37.022926,8.75
9f0580f9-d9d3-4f92-8248-0e2064c1b617,15155,19,14,1,2,1.0,1.14,75,238,75_238,6.977430633308353,2026-09-16 07:31:37.022926,5.966666666666667
69b45896-01a6-4269-9c57-d272f53b99aa,20206,13,19,1,0,1.0,2.87,74,238,74_238,16.26680148347513,2026-09-16 07:31:37.022926,16.55
67d64e6b-f19f-4565-baa5-8c394855a14b,15316,21,15,1,3,1.0,1.67,166,42,166_42,13.484497659298881,2026-09-16 07:31:37.022926,7.5
c302b879-a565-4d65-9afb-6873efa8d05f,4569,19,5,1,0,1.0,0.86,43,75,43_75,6.198537867875952,2026-09-16 07:31:37.022926,5.433333333333334
5e76eca0-5454-4d36-9a20-b13f064676d2,23433,20,21,1,2,1.0,2.4,74,263,74_263,12.500584215258048,2026-09-16 07:31:37.022926,12.833333333333334
66018279-f968-43cc-865e-ad6d8c8027b3,16852,7,16,1,4,2.0,1.4,74,75,74_75,10.124186741860203,2026-09-16 07:31:37.022926,10.05
566e1aa0-9cb3-4be4-8904-0f7f0e8a6c4b,27317,19,24,1,5,1.0,2.09,75,42,75_42,11.756946646772356,2026-09-16 07:31:37.022926,10.683333333333334
c87016da-26db-48c9-a73b-b260a9eec236,28493,7,27,1,1,1.0,0.63,74,74,74_74,6.329776945218965,2026-09-16 07:31:37.022926,7.266666666666667
1c5eab91-fa78-4369-887e-02ba4f9e3b27,10137,15,10,1,5,1.0,2.24,66,87,66_87,13.106268297828093,2026-09-16 07:31:37.022926,11.483333333333333
125a93b7-bc7e-481c-9102-a85a281054a7,7512,11,8,1,3,2.0,2.58,75,237,75_237,18.814618443148223,2026-09-16 07:31:37.022926,24.666666666666668
b29e915d-8c22-4a9e-9f99-f1126d946130,2829,8,4,1,6,1.0,1.2,210,150,210_150,7.374256409217918,2026-09-16 07:31:37.022926,6.966666666666667
3d8faef2-39d1-45db-8f6b-c75d4071bf8e,14481,11,14,1,2,1.0,2.2,236,162,236_162,18.581501310023107,2026-09-16 07:31:37.022926,21.25
9007f439-ff36-48df-bd1a-73801b699a1e,15253,20,14,1,2,1.0,1.3,74,75,74_75,7.60484334961123,2026-09-16 07:31:37.022926,6.866666666666666
0c1aac2e-68f0-429c-8eae-d57cdd35606b,13195,10,13,1,1,1.0,1.72,74,75,74_75,14.227160390870186,2026-09-16 07:31:37.022926,19.483333333333334
928937db-7c75-4550-ad11-23350c5e47f5,5603,17,6,1,1,1.0,3.53,41,239,41_239,21.71928871056793,2026-09-16 07:31:37.022926,24.033333333333335
faa3298a-f708-4941-b795-24e6d319de37,25234,10,23,1,4,1.0,9.06,152,231,152_231,30.276369418917355,2026-09-16 07:31:37.022926,24.766666666666666
3c3670dd-e7b0-4d6e-8b07-8a94f9599030,9182,17,9,1,4,1.0,1.6,75,237,75_237,12.476114528964027,2026-09-16 07:31:37.022926,12.016666666666667
6ad139ea-d84d-4806-ad9b-7caeb520400a,19382,13,18,1,6,5.0,9.1,95,193,95_193,27.005697136450546,2026-09-16 07:31:37.022926,27.483333333333334
a71d8ec5-5d60-44e8-b2a5-9ed723ae059c,9061,15,9,1,4,1.0,1.46,75,263,75_263,12.317998601844348,2026-09-16 07:31:37.022926,13.4
0c85f293-100c-410e-91a3-e88eeb839025,6761,17,7,1,2,2.0,1.55,75,238,75_238,11.049902829782269,2026-09-16 07:31:37.022926,14.766666666666667
5e29da13-78ff-4059-85dc-6dde720d705a,9135,16,9,1,4,2.0,2.74,82,193,82_193,19.525858534096002,2026-09-16 07:31:37.022926,19.766666666666666
f3a30da2-7974-4204-9dfe-124c1b3f0ea2,8233,20,8,1,3,1.0,0.71,41,42,41_42,4.953565383778829,2026-09-16 07:31:37.022926,4.083333333333333
895fb78f-6b57-417c-b4dd-ffdfae5f6cc3,13302,12,13,1,1,1.0,2.54,7,260,7_260,15.542716840400956,2026-09-16 07:31:37.022926,9.75
eea76b77-3f22-462c-9253-bbe261e0bf32,338,12,1,1,3,2.0,1.35,74,152,74_152,8.057540378832531,2026-09-16 07:31:37.022926,8.6
2c9470aa-e9bf-402b-b139-277692256161,19334,13,18,1,6,1.0,0.95,166,238,166_238,5.341005883713756,2026-09-16 07:31:37.022926,5.6
fde45deb-37ec-4ab8-acd4-39c004b6459c,12424,16,12,1,0,1.0,2.51,97,61,97_61,18.560555574805164,2026-09-16 07:31:37.022926,21.266666666666666
d7c5acf0-3038-43c8-a54a-77facf5ba36d,2775,6,4,1,6,5.0,5.01,166,170,166_170,18.385186430895352,2026-09-16 07:31:37.022926,18.333333333333332
2ebb0409-fef8-46b8-b616-486ee372461b,26436,1,24,1,5,1.0,0.1,226,226,226_226,0.7266477370254325,2026-09-16 07:31:37.022926,1.0166666666666666
94c7f8f0-65f5-4150-a680-6fb4d186f53c,30554,17,28,1,2,2.0,0.14,89,188,89_188,3.7369395084980814,2026-09-16 07:31:37.022926,2.966666666666667
b7ace31b-1721-4655-a5a6-77c6a9d08d72,18548,15,17,1,5,2.0,0.0,52,264,52_264,1.093443777705801,2026-09-16 07:31:37.022926,0.0333333333333333
133d7df5-291f-40c5-8c14-f827b9a8122a,29713,7,28,1,2,1.0,0.86,74,74,74_74,8.141182811322848,2026-09-16 07:31:37.022926,7.05
62af2c77-09e1-4b3b-b1c8-0a014b029a7c,16177,16,15,1,3,1.0,0.55,82,129,82_129,6.143223261918019,2026-09-16 07:31:37.022926,3.85
20d21bce-d774-4eba-8f6a-9fa55d0cc3eb,5332,14,6,1,1,5.0,2.4,95,56,95_56,17.574540779715946,2026-09-16 07:31:37.022926,18.166666666666668
117d492d-9c08-4b6d-8358-0f2fe35974b5,14558,12,14,1,2,5.0,2.91,95,173,95_173,18.581095993971903,2026-09-16 07:31:37.022926,24.6
1d912273-02c4-4159-93e9-722580a27f31,17140,11,16,1,4,1.0,2.79,75,143,75_143,18.018849644566195,2026-09-16 07:31:37.022926,19.283333333333335
3f012ca3-ee7a-4007-883a-39664659e015,33843,0,31,1,5,1.0,0.83,166,151,166_151,5.365222868502171,2026-09-16 07:31:37.022926,6.283333333333333
7fa2ead7-5ace-41c5-98da-d62589e6b71f,23037,15,21,1,2,1.0,1.55,95,95,95_95,12.195711227756643,2026-09-16 07:31:37.022926,15.066666666666666
37cae7a0-7903-44de-8ce9-82c951fe928b,20899,23,19,1,0,1.0,0.38,130,130,130_130,2.5782743132023964,2026-09-16 07:31:37.022926,2.1
2f273292-98e6-44b6-990d-1af4cfcf55ea,10890,10,11,1,6,1.0,0.75,41,166,41_166,5.106827470778115,2026-09-16 07:31:37.022926,4.283333333333333
0b5c5b11-f701-446a-9fa1-828b8b4a1eb6,19191,9,18,1,6,2.0,3.76,74,140,74_140,16.1176264377906,2026-09-16 07:31:37.022926,10.983333333333333
ae02803b-904d-460e-aa08-ec2361d0e9f0,8007,18,8,1,3,1.0,10.56,82,19,82_19,37.159307626897146,2026-09-16 07:31:37.022926,40.583333333333336
6e578647-0dfb-439f-9f0f-b6fd55598294,31808,16,29,1,3,1.0,0.0,75,141,75_141,20.765004451962465,2026-09-16 07:31:37.022926,28.883333333333333
6a751437-75ab-41f8-9409-4a31d402003f,27045,16,24,1,5,2.0,1.18,193,202,193_202,8.774611009259454,2026-09-16 07:31:37.022926,6.433333333333334
dd8c730f-e333-4015-97f5-da399db0c49b,18174,6,17,1,5,1.0,0.04,132,132,132_132,-0.28072385279343076,2026-09-16 07:31:37.022926,8.333333333333334
13239037-b1e8-4e10-8e45-e38cfa68741c,26537,6,24,1,5,2.0,2.3,70,223,70_223,10.235006321450049,2026-09-16 07:31:37.022926,10.583333333333334
9e361e38-d3e0-4c52-b24d-55aa261398e2,24451,16,22,1,3,1.0,1.2,75,264,75_264,9.85247145577045,2026-09-16 07:31:37.022926,6.583333333333333
bfc4a80c-1c0a-44b3-b926-8016faedf693,17859,19,16,1,4,1.0,1.33,41,42,41_42,8.814057950575942,2026-09-16 07:31:37.022926,7.15
13374ec0-8e8d-4b4b-97f4-a0a86c554255,8381,23,8,1,3,1.0,2.82,119,41,119_41,13.540937729109826,2026-09-16 07:31:37.022926,13.533333333333331
d0fe4186-fba1-4057-867a-af63c9069b85,12561,17,12,1,0,1.0,0.56,74,42,74_42,4.725779809152587,2026-09-16 07:31:37.022926,3.85
a9a0cd3c-2751-475a-9e86-89045f01aab9,15781,11,15,1,3,1.0,0.52,43,236,43_236,6.560131608373709,2026-09-16 07:31:37.022926,5.533333333333333
5578e812-aacb-4e8c-b85c-4b94c5cf5e99,5767,19,6,1,1,2.0,0.65,75,236,75_236,4.165812646218415,2026-09-16 07:31:37.022926,6.366666666666666
33da1519-8ed5-45b7-9ee6-236504cf47eb,31649,14,29,1,3,1.0,3.84,82,138,82_138,12.603099522936883,2026-09-16 07:31:37.022926,14.7
6cf0f9d4-906b-44e2-8781-625b5cc6469d,20134,12,19,1,0,1.0,1.3,43,238,43_238,7.366779683532704,2026-09-16 07:31:37.022926,8.4
7300a7df-9573-4e0e-8f2a-045c3d87db77,2198,14,3,1,5,1.0,2.34,74,236,74_236,12.707517417560224,2026-09-16 07:31:37.022926,10.983333333333333
4e4cbfba-b442-4981-b9fa-c347bbcde458,25192,9,23,1,4,1.0,1.22,166,41,166_41,8.446976858607425,2026-09-16 07:31:37.022926,13.116666666666667
540c2f75-1a39-4f93-962b-dedff8355ead,14832,15,14,1,2,1.0,4.17,82,121,82_121,23.96112770235069,2026-09-16 07:31:37.022926,20.533333333333335
291e8a23-5b7e-40a1-bb99-61e508814d0c,14566,13,14,1,2,1.0,0.34,97,25,97_25,4.845531291726305,2026-09-16 07:31:37.022926,6.75
676c71a9-a0d3-4ee6-9000-9c122979390b,2411,17,3,1,5,2.0,5.3,130,219,130_219,23.576787987669572,2026-09-16 07:31:37.022926,15.7
511b68db-e42b-4024-a597-fea3b89b0391,12957,7,13,1,1,4.0,1.07,166,238,166_238,5.804231975135907,2026-09-16 07:31:37.022926,4.816666666666666
7b8eaa5a-3907-49a3-8c3f-121007cb5f1b,34123,12,31,1,5,1.0,1.89,97,33,97_33,16.190588899257904,2026-09-16 07:31:37.022926,16.416666666666668
d37f6cd2-3496-4871-933a-1b5b912746cf,29331,18,27,1,1,1.0,3.97,134,216,134_216,25.97787929359403,2026-09-16 07:31:37.022926,28.616666666666667
28493ea8-1968-4009-963a-e3c7d5beecc4,16369,18,15,1,3,1.0,8.4,83,53,83_53,30.34067098139637,2026-09-16 07:31:37.022926,27.833333333333332
9f81be92-3d3f-4015-8987-b8df5f110711,20910,23,19,1,0,1.0,1.86,74,166,74_166,9.648294082748912,2026-09-16 07:31:37.022926,9.3
7549ce1e-6640-4e5c-bab5-00e3c2a7648e,24047,11,22,1,3,1.0,0.76,95,95,95_95,5.770254837402407,2026-09-16 07:31:37.022926,7.083333333333333
8d866ad0-59d9-48eb-bf4b-4c44657af0d5,4968,9,6,1,1,1.0,0.98,74,75,74_75,8.358956483446192,2026-09-16 07:31:37.022926,5.283333333333333
45ae7e34-7c63-49a3-a7e4-48fc391bd7fc,15258,20,14,1,2,2.0,3.32,43,186,43_186,22.74793069965879,2026-09-16 07:31:37.022926,23.9
45ea2d4c-944a-42a4-9da9-cb736f392e28,28896,14,27,1,1,2.0,2.0,75,41,75_41,21.259116980904885,2026-09-16 07:31:37.022926,22.266666666666666
901f8bb1-a6ce-404e-9537-f4f5ad9cb308,25552,14,23,1,4,1.0,1.71,75,238,75_238,13.641711078573426,2026-09-16 07:31:37.022926,11.316666666666666
78cab999-e0e1-4244-8b09-89a83728cd04,31437,11,29,1,3,6.0,2.52,75,142,75_142,20.964266129021805,2026-09-16 07:31:37.022926,22.533333333333335
2c6d5e61-d911-4ea4-a630-4cb601fd6c5c,26450,1,24,1,5,1.0,0.46,255,255,255_255,2.377565277182154,2026-09-16 07:31:37.022926,3.2
e3baa588-1fa6-4152-adc1-eae1a0746eb4,4687,22,5,1,0,1.0,2.35,166,142,166_142,11.305970898326303,2026-09-16 07:31:37.022926,8.05
a3d1415a-144b-4a1e-9a37-a4530be645ce,9031,15,9,1,4,1.0,1.18,74,42,74_42,9.19997144711947,2026-09-16 07:31:37.022926,7.966666666666667
af3121e0-fcde-458d-a8a3-9498c4792001,20459,16,19,1,0,1.0,6.33,134,132,134_132,19.894962781132325,2026-09-16 07:31:37.022926,17.316666666666666
a5d5db5f-2276-468f-a64e-4d9c8d708ae0,28385,7,27,1,1,1.0,3.45,43,164,43_164,28.38455281811376,2026-09-16 07:31:37.022926,16.75
2ee7289d-93ac-4aa3-890b-eab56763c2b9,11835,9,12,1,0,1.0,0.71,55,55,55_55,5.702667681100738,2026-09-16 07:31:37.022926,3.533333333333333
13e44423-ec83-4361-9cd5-913e02e809a2,8220,20,8,1,3,1.0,1.79,66,97,66_97,13.06673924489714,2026-09-16 07:31:37.022926,14.366666666666667
78538cfb-1489-4a30-8078-cbb8dea08bde,8535,7,9,1,4,1.0,1.69,74,236,74_236,12.449941195764426,2026-09-16 07:31:37.022926,15.266666666666667
340ec6c4-adc7-47a4-85d4-8fe53b649bef,32762,10,30,1,4,1.0,2.02,152,238,152_238,16.58344065012367,2026-09-16 07:31:37.022926,12.45
9c2be32f-1bb8-482e-aa05-b7a4d1a597bb,11377,18,11,1,6,1.0,1.86,74,236,74_236,9.179379211513808,2026-09-16 07:31:37.022926,9.616666666666667
4360bc69-79bf-4e89-a366-efb1c5342370,3128,14,4,1,6,1.0,2.95,74,238,74_238,15.240259876807071,2026-09-16 07:31:37.022926,22.0
611c6537-8d0e-4d50-bd11-8cdae4e04a2d,22153,20,20,1,1,1.0,2.48,33,228,33_228,12.54717149702198,2026-09-16 07:31:37.022926,13.95
3947b3f8-fd0c-4cb2-a208-8f1fdb74669f,16289,17,15,1,3,1.0,7.18,244,75,244_75,26.640935833681606,2026-09-16 07:31:37.022926,34.21666666666667
364fd7d7-b660-4d09-8e57-01b0bc38b540,6537,15,7,1,2,1.0,1.9,74,24,74_24,14.224886617158576,2026-09-16 07:31:37.022926,11.133333333333333
4afb53fa-e401-444e-817c-68eb5eb8ee44,26351,22,23,1,4,3.0,8.54,181,230,181_230,33.234889819105696,2026-09-16 07:31:37.022926,45.31666666666667
74e809fd-2c3d-4109-b9a0-e5787ba00f64,24938,23,22,1,3,2.0,2.29,129,173,129_173,16.17029790715665,2026-09-16 07:31:37.022926,15.85
ae023f4e-6a32-4c6d-af13-db8983dde1d6,14727,15,14,1,2,1.0,2.38,75,143,75_143,17.17425292120453,2026-09-16 07:31:37.022926,17.05
bda25734-39d1-4d06-999c-864c40e929b0,18098,1,17,1,5,1.0,1.6,112,80,112_80,8.375060020025318,2026-09-16 07:31:37.022926,11.1
fac233be-36b0-45d1-9d11-412779a31b23,32373,21,29,1,3,1.0,2.38,74,263,74_263,13.109710399583859,2026-09-16 07:31:37.022926,16.95
6792752c-3928-4e37-8bc1-767886a9804a,22798,12,21,1,2,1.0,0.3,41,41,41_41,3.3196151660196316,2026-09-16 07:31:37.022926,2.4166666666666665
94b32c82-4831-47f2-b7e3-9ea3fdb485ea,9471,20,9,1,4,1.0,0.93,43,263,43_263,6.740763649421468,2026-09-16 07:31:37.022926,7.0
96126028-9750-4388-8936-d1ae6beeaee2,19935,8,19,1,0,5.0,1.43,75,74,75_74,7.409780328696691,2026-09-16 07:31:37.022926,3.9166666666666665
31bb5d6c-6ba3-4bdc-a22f-0d106c28e875,33530,18,30,1,4,1.0,3.1,75,162,75_162,36.51351909424299,2026-09-16 07:31:37.022926,24.716666666666665
7305873d-d9c0-4018-93fe-ae934813197d,14881,16,14,1,2,1.0,1.01,166,151,166_151,6.76320334247765,2026-09-16 07:31:37.022926,5.25
3453eee9-12db-4822-92ec-5f067132a5ad,7085,22,7,1,2,1.0,1.68,75,238,75_238,8.680778016567869,2026-09-16 07:31:37.022926,8.183333333333334
720b743a-2036-4b39-94d4-9926630d79da,8838,12,9,1,4,1.0,1.67,74,236,74_236,12.655960506582169,2026-09-16 07:31:37.022926,13.866666666666667
10c26277-f408-4aed-bc76-e2168a98790e,16876,7,16,1,4,1.0,0.99,74,75,74_75,7.68373545057528,2026-09-16 07:31:37.022926,6.083333333333333
70d2d555-a71f-4d54-b21b-1a206e74f216,27676,9,25,1,6,1.0,1.4,74,42,74_42,8.275418275414125,2026-09-16 07:31:37.022926,6.533333333333333
a000e975-b2b3-438a-8f9a-13c525b02a1b,24262,14,22,1,3,1.0,3.43,129,138,129_138,10.148144489225807,2026-09-16 07:31:37.022926,8.916666666666666
6117a099-80b2-4ab3-a066-4e0276ad4ade,18001,22,16,1,4,1.0,11.44,95,163,95_163,32.27663823728504,2026-09-16 07:31:37.022926,32.833333333333336
728570ba-0ff3-40c6-8558-e0189aa27c9f,9843,10,10,1,5,1.0,1.71,74,236,74_236,9.556418471291117,2026-09-16 07:31:37.022926,7.75
17a80320-0d28-4bf7-b6ce-42a9fcae43b6,14433,10,14,1,2,1.0,4.4,74,141,74_141,22.635241268110832,2026-09-16 07:31:37.022926,33.43333333333333
41d34fc4-a027-42a0-9a62-038f9627ac8e,24459,16,22,1,3,2.0,3.14,74,239,74_239,21.6175086825351,2026-09-16 07:31:37.022926,16.7
a66d4857-ce7a-480c-b6e7-031f0a6c2d57,28526,9,27,1,1,1.0,1.18,116,166,116_166,9.99727621636813,2026-09-16 07:31:37.022926,5.116666666666666
3dd74b59-9de5-4bac-875d-e47badf16653,34312,15,31,1,5,2.0,1.95,97,61,97_61,20.02295523325162,2026-09-16 07:31:37.022926,20.183333333333337
d2c5648c-fd5f-4607-a67a-2e9cb7f7249b,18479,12,17,1,5,5.0,1.99,95,196,95_196,11.565633461612787,2026-09-16 07:31:37.022926,12.866666666666667
f64ac63c-eb07-4179-bc93-563a9cd76ab5,9323,18,9,1,4,1.0,0.53,75,75,75_75,4.932113828386697,2026-09-16 07:31:37.022926,1.9
24c09958-cfe5-4d5c-83bf-303ec9be23d6,31728,15,29,1,3,1.0,1.7,75,239,75_239,16.112426704377267,2026-09-16 07:31:37.022926,18.933333333333337
5cb53830-c7b3-41ec-8039-e652a402cba3,33283,16,31,1,5,1.0,4.1,130,139,130_139,20.819094985558305,2026-09-16 07:31:37.022926,30.866666666666667
f433462d-d283-4887-ba89-41eb241a53b8,27818,9,26,1,0,1.0,0.91,74,74,74_74,6.511825915154029,2026-09-16 07:31:37.022926,5.833333333333333
a4248545-eee7-4112-99b2-a710de4ab244,21751,16,20,1,1,2.0,2.25,236,141,236_141,15.853428334645496,2026-09-16 07:31:37.022926,17.766666666666666
5b97258f-059f-42e5-bb30-a7a5d22c88da,24742,19,22,1,3,1.0,1.16,74,168,74_168,7.7878875039395865,2026-09-16 07:31:37.022926,6.65
b44b2e74-3632-4540-8e7f-7adc9c8c4323,18568,15,17,1,5,1.0,0.0,82,82,82_82,2.6768668968007505,2026-09-16 07:31:37.022926,0.3333333333333333
e555d44a-7a11-4c5f-b0e3-bde79e83486f,32988,13,30,1,4,1.0,2.75,236,74,236_74,24.70820367787722,2026-09-16 07:31:37.022926,29.75
8894e771-8977-4416-a71f-2923383338d8,27162,17,24,1,5,1.0,1.51,97,181,97_181,14.676748978535825,2026-09-16 07:31:37.022926,14.766666666666667
e611387f-3bff-4218-a62a-e007bd474855,19692,19,18,1,6,2.0,2.6,74,238,74_238,13.710596362074453,2026-09-16 07:31:37.022926,14.766666666666667
55134209-61c7-46f4-b389-6454577bf939,7504,11,8,1,3,1.0,7.36,75,249,75_249,28.96482642979518,2026-09-16 07:31:37.022926,29.616666666666667
a421d633-6d31-4ae7-b450-5b67058a542a,19074,3,18,1,6,2.0,2.96,243,116,243_116,13.463115311556237,2026-09-16 07:31:37.022926,8.816666666666666
62baa8b9-c642-40d1-ab36-072e1eebe57a,9023,14,9,1,4,2.0,1.83,65,40,65_40,15.241418900867501,2026-09-16 07:31:37.022926,29.25
aac8b676-9788-459b-a019-ba284099b112,20441,16,19,1,0,1.0,3.53,41,142,41_142,18.436698320325444,2026-09-16 07:31:37.022926,25.733333333333334
c07a3093-afb6-49f6-a82f-607b03cd2b6f,2715,0,4,1,6,1.0,1.85,83,129,83_129,9.935262216652172,2026-09-16 07:31:37.022926,11.916666666666666
d0cc6e9a-db6e-4dc0-bed1-9a780173fe00,15066,18,14,1,2,1.0,2.8,95,160,95_160,17.722004578515822,2026-09-16 07:31:37.022926,19.133333333333333
f0b58b23-eb1a-43df-bda1-51c5e5111bae,22093,20,20,1,1,1.0,6.93,82,82,82_82,33.47667240745074,2026-09-16 07:31:37.022926,34.083333333333336
2393cf9b-930e-4622-8f20-8f0c61f2e6a8,2646,22,3,1,5,2.0,1.4,260,129,260_129,7.669503367870896,2026-09-16 07:31:37.022926,8.333333333333334
15e1f1d8-8095-4e5d-bf30-9b9594cba440,29415,19,27,1,1,1.0,1.15,74,75,74_75,10.014356065610254,2026-09-16 07:31:37.022926,7.233333333333333
173c713a-67d6-45ee-bf40-06583f8d574a,26933,14,24,1,5,1.0,0.83,74,41,74_41,6.092733833483996,2026-09-16 07:31:37.022926,6.85
62abc436-b0db-4514-b224-c553d0edb3a9,9780,9,10,1,5,1.0,1.95,43,140,43_140,11.065326298708497,2026-09-16 07:31:37.022926,11.983333333333333
d37f5ef5-9159-43f1-ae5a-c45950e507bf,13831,18,13,1,1,1.0,0.19,89,89,89_89,2.0332678870963203,2026-09-16 07:31:37.022926,0.3333333333333333
c1627b75-0317-40fa-b710-65bd7a06c0c5,26689,11,24,1,5,1.0,2.27,65,17,65_17,13.818766181726089,2026-09-16 07:31:37.022926,13.633333333333333
198f82f6-85de-485b-ae52-02ccc842f308,25792,16,23,1,4,1.0,1.07,82,129,82_129,10.229999631476453,2026-09-16 07:31:37.022926,9.133333333333333
25a62dc3-c6e4-4af6-ac4e-53728466f137,27037,15,24,1,5,1.0,1.32,42,116,42_116,8.486661851614947,2026-09-16 07:31:37.022926,7.666666666666667
d1d29a11-285a-4d50-83ff-708999ce0809,622,18,1,1,3,1.0,1.46,75,24,75_24,7.532915850553529,2026-09-16 07:31:37.022926,6.866666666666666
e27ce0fc-2f4c-44e3-96b6-a3612fb65c6a,28781,12,27,1,1,1.0,1.07,74,41,74_41,10.403473258678527,2026-09-16 07:31:37.022926,8.1
13770ada-8c0d-4bb4-9137-a8dcf2fff636,27682,10,25,1,6,1.0,1.99,166,239,166_239,9.32958476618086,2026-09-16 07:31:37.022926,12.516666666666667
fb2cc35a-faa5-4183-84a3-c0278aac2c3a,15615,9,15,1,3,1.0,2.51,74,236,74_236,18.150191212442223,2026-09-16 07:31:37.022926,18.716666666666665
69119e27-569d-4dde-b392-1312bc7fc733,17892,20,16,1,4,1.0,0.83,75,263,75_263,5.618630090221306,2026-09-16 07:31:37.022926,2.5
2af18014-a039-41ae-98c3-a1b2b1c019d5,5324,14,6,1,1,2.0,2.89,75,142,75_142,19.352784386645492,2026-09-16 07:31:37.022926,19.45
db04ec70-bb48-48fd-af14-5ef841d30901,17221,12,16,1,4,1.0,2.85,244,166,244_166,15.689449063396584,2026-09-16 07:31:37.022926,18.083333333333332
61f23c5e-f0f8-4222-82bd-3b41a7951012,2083,12,3,1,5,1.0,2.66,74,262,74_262,13.581585584948769,2026-09-16 07:31:37.022926,12.8
760232b1-fcd1-4781-8bd9-866605944780,17013,9,16,1,4,1.0,2.94,41,142,41_142,16.895254650250006,2026-09-16 07:31:37.022926,14.35
e274d416-53a7-434d-88cb-8ee6286d40db,21793,16,20,1,1,1.0,1.04,75,43,75_43,7.741878565818705,2026-09-16 07:31:37.022926,5.933333333333334
66699eec-bd53-4a61-b59e-a3d5a2a6216b,4837,7,6,1,1,2.0,1.59,74,75,74_75,11.64276710393639,2026-09-16 07:31:37.022926,12.983333333333333
e79a34d8-2a52-485f-bcc9-04f2dca8aecf,5623,18,6,1,1,1.0,1.87,28,131,28_131,9.43201059914243,2026-09-16 07:31:37.022926,8.016666666666667
6abd4931-79d8-4fe1-b31a-ba722ba57a0b,4019,12,5,1,0,1.0,3.06,75,143,75_143,19.14239050665638,2026-09-16 07:31:37.022926,22.433333333333337
fb6b40c3-30f7-4b7e-a1ef-9d6bb0084c6b,20183,14,19,1,0,2.0,0.77,97,65,97_65,8.141578939278745,2026-09-16 07:31:37.022926,6.383333333333334
f16ca8e3-8cb1-49f6-a40e-89d624d0d501,8250,20,8,1,3,1.0,2.22,166,236,166_236,13.168111123356372,2026-09-16 07:31:37.022926,11.6
3b65a6e1-f199-43ad-a9c6-444bb0ee4184,26469,2,24,1,5,1.0,0.94,255,256,255_256,5.785079056982793,2026-09-16 07:31:37.022926,6.3
dd547abf-7931-434a-b308-46798c581801,16625,20,15,1,3,2.0,27.46,130,239,130_239,39.35403831648367,2026-09-16 07:31:37.022926,47.06666666666667
de3b4ec0-687a-4feb-959b-7f26006b529a,22625,9,21,1,2,1.0,1.38,74,75,74_75,11.449629173666649,2026-09-16 07:31:37.022926,13.25
ebf08c0b-dc8c-46be-9f6b-505da98cf4f1,33749,22,30,1,4,2.0,1.08,166,238,166_238,6.466773936130374,2026-09-16 07:31:37.022926,8.716666666666667
d27bae7f-c539-474f-af45-b850006aa994,6518,14,7,1,2,1.0,2.16,41,159,41_159,15.987464724573256,2026-09-16 07:31:37.022926,11.3
582e105f-cc0e-44ea-9a65-b5ae7d7a5f7d,11676,6,12,1,0,1.0,1.19,74,42,74_42,6.921242724767524,2026-09-16 07:31:37.022926,7.616666666666666
fdf4516d-7ce2-4c2d-b45b-d051630c3bb3,27787,8,26,1,0,1.0,0.57,244,243,244_243,3.8892329126956002,2026-09-16 07:31:37.022926,4.216666666666667
85b2145c-df61-417b-a848-a43283f57b08,651,19,1,1,3,1.0,3.13,74,141,74_141,14.096118383903951,2026-09-16 07:31:37.022926,16.333333333333332
5f7ec6b0-d128-45b5-b0a6-d4d9fbad97e1,25789,16,23,1,4,1.0,2.85,97,17,97_17,23.070039307657623,2026-09-16 07:31:37.022926,25.383333333333333
a0ff1c17-e8c3-4a01-8dff-4af7a160f880,3079,13,4,1,6,1.0,1.21,97,189,97_189,10.174247677962907,2026-09-16 07:31:37.022926,11.466666666666669
b07ffda5-4c35-49a8-8406-a992073f645a,27657,7,25,1,6,2.0,6.52,244,48,244_48,16.122757729781352,2026-09-16 07:31:37.022926,16.3
7c078df6-0dd4-4a60-8d8d-654be6756f24,357,12,1,1,3,1.0,2.4,74,263,74_263,12.301686685273301,2026-09-16 07:31:37.022926,11.533333333333331
c9b9909a-4d0c-4c15-9b56-d02a022f3a4c,9493,20,9,1,4,1.0,0.63,75,236,75_236,4.245675017857203,2026-09-16 07:31:37.022926,6.25
80141e25-cbce-4022-b9ca-7649f9b8a6d0,32170,19,29,1,3,1.0,2.33,74,262,74_262,16.05695109404844,2026-09-16 07:31:37.022926,19.116666666666667
7b478bb1-3514-4688-9e45-01259ec2d7de,8558,8,9,1,4,1.0,1.1,236,75,236_75,8.216711891381129,2026-09-16 07:31:37.022926,7.05
c0169ddc-4cce-42ad-9ffe-edec44628591,12451,16,12,1,0,1.0,0.99,95,95,95_95,7.630408621260869,2026-09-16 07:31:37.022926,7.716666666666667
25e1aa5d-d21e-4714-99de-a891efd527f7,22668,10,21,1,2,6.0,2.35,74,116,74_116,16.697014435656172,2026-09-16 07:31:37.022926,12.05
7511c37c-7372-4a8e-9c6d-4bda33ba4887,27448,21,24,1,5,1.0,2.52,33,232,33_232,12.57926033585859,2026-09-16 07:31:37.022926,11.45
310049d4-ccfe-4f2c-be55-10b4ff604113,20201,13,19,1,0,1.0,0.9,92,92,92_92,8.60646111962787,2026-09-16 07:31:37.022926,6.05
5c3614ed-ae04-472b-b758-b4389b59c32b,14638,13,14,1,2,1.0,3.11,74,239,74_239,20.651356563083777,2026-09-16 07:31:37.022926,22.366666666666667
6d4eb898-d0e1-455e-a703-83d938bab690,3738,9,5,1,0,5.0,0.92,263,236,263_236,5.899409544017479,2026-09-16 07:31:37.022926,5.733333333333333
66379ee2-f901-4c84-b879-24db331a91a0,14739,15,14,1,2,2.0,2.08,244,42,244_42,14.491764775270635,2026-09-16 07:31:37.022926,18.15
5bff559f-488f-4995-ad56-91628847da4d,21365,11,20,1,1,1.0,3.05,166,143,166_143,19.29964216785476,2026-09-16 07:31:37.022926,14.95
ea5316ba-a664-4bd3-b993-0365a23a303a,5658,18,6,1,1,1.0,1.59,74,236,74_236,10.131187405956263,2026-09-16 07:31:37.022926,8.266666666666667
82059de4-7f8a-4e4b-bc9c-4e4b7237d279,30728,18,28,1,2,1.0,1.74,95,134,95_134,15.662063347618327,2026-09-16 07:31:37.022926,14.083333333333334
9685ff45-8d0e-4374-b067-3639964ffdfc,11770,7,12,1,0,1.0,3.91,236,163,236_163,17.024320477039126,2026-09-16 07:31:37.022926,27.633333333333333
dded0a42-d7fe-435a-8e8b-cbc0edb16c6d,23629,6,22,1,3,1.0,1.93,74,194,74_194,7.107049158800139,2026-09-16 07:31:37.022926,9.033333333333331
d53b2164-dbe3-471a-b383-2080fad4edf2,28390,7,27,1,1,1.0,1.57,74,75,74_75,18.954660178973153,2026-09-16 07:31:37.022926,20.9
2a02a64b-e2d0-4a4a-ab59-df6c7cdbeb27,34048,10,31,1,5,1.0,0.82,166,41,166_41,6.420276132621939,2026-09-16 07:31:37.022926,6.216666666666667
4a458d7e-6170-4896-83ee-9b86196230ef,34297,13,31,1,5,1.0,1.24,41,166,41_166,9.672602316700615,2026-09-16 07:31:37.022926,12.133333333333333
521ae36c-18ce-42b1-a028-19c330d15b77,11473,19,11,1,6,1.0,2.87,74,238,74_238,15.136493989000934,2026-09-16 07:31:37.022926,16.6
4b4feb97-87ba-41b9-9e63-18b3cf07ad0a,18639,16,17,1,5,1.0,8.26,65,225,65_225,37.07094243980661,2026-09-16 07:31:37.022926,42.43333333333333
465f5941-b65c-47f1-810b-16bf668f7bd6,30942,20,28,1,2,2.0,1.8,65,61,65_61,20.08098071125601,2026-09-16 07:31:37.022926,13.416666666666666
90c31290-481c-460d-8522-e485ba91495c,9574,22,9,1,4,1.0,1.24,95,134,95_134,6.810595639098413,2026-09-16 07:31:37.022926,6.833333333333333
3f46ca15-f098-4f61-8a8a-1298f0f567d8,2941,11,4,1,6,4.0,2.65,166,74,166_74,15.71865683959864,2026-09-16 07:31:37.022926,16.066666666666666
44b696f4-1415-4234-86c2-428228d98f87,27927,14,26,1,0,1.0,3.71,97,188,97_188,25.23264166683002,2026-09-16 07:31:37.022926,23.65
975cc4ef-4361-424c-9cc7-121d408d055f,20790,20,19,1,0,1.0,17.86,130,265,130_265,38.19526616069126,2026-09-16 07:31:37.022926,29.45
9b91a5d6-b7ca-4a2d-a9a1-5391e6b2a6e9,18947,22,17,1,5,1.0,2.35,74,238,74_238,11.680490010682941,2026-09-16 07:31:37.022926,8.7
be16d992-46ba-4a79-9e10-7678bcee4298,8417,2,9,1,4,1.0,0.0,129,129,129_129,1.5261089411593634,2026-09-16 07:31:37.022926,2.066666666666667
06f16f5c-8882-495f-adf6-837e810a4ffc,25589,14,23,1,4,2.0,2.0,166,143,166_143,14.005535728207096,2026-09-16 07:31:37.022926,15.016666666666667
e67a53d0-d086-42e2-aac7-95802a402060,29702,7,28,1,2,2.0,1.94,74,166,74_166,17.283472090574772,2026-09-16 07:31:37.022926,18.65
df1b39de-e16b-467e-91d2-a915510e8254,15355,22,14,1,2,1.0,8.18,75,209,75_209,22.699047055521007,2026-09-16 07:31:37.022926,19.816666666666663
73c12a6a-da0a-4c17-a00f-898e1ded8e9d,33023,13,30,1,4,3.0,2.8,95,197,95_197,22.61990082703377,2026-09-16 07:31:37.022926,17.85
aa4a781b-91c1-4b05-af60-076aaca3d467,457,15,1,1,3,1.0,0.6,42,42,42_42,3.8865798742389144,2026-09-16 07:31:37.022926,3.7333333333333334
e779158c-710e-4723-a602-23b13685b4e6,1143,13,2,1,4,1.0,2.29,74,262,74_262,12.629774781471271,2026-09-16 07:31:37.022926,14.833333333333334
fc77744d-2492-4ae9-b0da-b62745e7570d,7114,22,7,1,2,1.0,0.42,134,28,134_28,2.492926086420932,2026-09-16 07:31:37.022926,3.283333333333333
e2e0c68a-ea70-43dc-b571-18a28b134e66,22720,11,21,1,2,5.0,0.71,75,75,75_75,5.656539162312138,2026-09-16 07:31:37.022926,6.566666666666666
3077a8f0-6f58-4dd3-b000-816833639626,14181,7,14,1,2,1.0,1.93,74,166,74_166,13.022062673312654,2026-09-16 07:31:37.022926,13.966666666666669
a5317565-2c1a-43fe-83c1-b451c3e767ac,9608,22,9,1,4,1.0,1.8,74,236,74_236,9.686292149117866,2026-09-16 07:31:37.022926,7.75
3a6df477-05c7-4abd-8598-5c00a7088590,20986,7,20,1,1,1.0,1.65,33,40,33_40,11.722781854904817,2026-09-16 07:31:37.022926,9.616666666666667
ad023fbc-fe14-4956-9cb6-f456b9a7c8f1,33778,21,30,1,4,2.0,2.88,53,129,53_129,16.49156048470341,2026-09-16 07:31:37.022926,17.9
48160c8b-6aaf-4e1c-96ff-b937c30d8609,15234,19,14,1,2,1.0,0.84,196,95,196_95,5.644325542304776,2026-09-16 07:31:37.022926,5.783333333333333
726e258d-457c-4fea-bda3-15a183d9b20f,3593,6,5,1,0,1.0,1.59,74,75,74_75,8.841631347356707,2026-09-16 07:31:37.022926,6.783333333333333
527c3792-4528-4ddd-a5ef-365d1741effa,10032,13,10,1,5,1.0,1.57,75,42,75_42,9.169987190695059,2026-09-16 07:31:37.022926,5.75
bc7967b3-7a7c-4315-b82a-c6a8bab6cb1c,22443,8,21,1,2,1.0,1.4,74,75,74_75,12.685814696625126,2026-09-16 07:31:37.022926,7.466666666666667
189dd90f-975f-4a02-bd17-90dd4e8726fd,21762,16,20,1,1,1.0,5.62,75,68,75_68,27.902876906188958,2026-09-16 07:31:37.022926,20.9
b7992b0e-bdc2-4597-9605-56968686c32b,33196,15,30,1,4,1.0,1.91,75,74,75_74,20.353446112566786,2026-09-16 07:31:37.022926,20.85
9d5596b3-cec0-459c-a199-b3f4dd91e8e8,14813,16,14,1,2,1.0,2.6,75,161,75_161,21.58182966122245,2026-09-16 07:31:37.022926,17.3
8d85a6a1-b764-445b-9516-429a9d2c41ad,25302,10,23,1,4,1.0,13.24,19,260,19_260,38.02137881717327,2026-09-16 07:31:37.022926,26.05
dcdca02d-8e14-4a46-be66-5abd991ab8db,2092,12,3,1,5,1.0,2.3,41,244,41_244,11.637548123575865,2026-09-16 07:31:37.022926,11.45
0b4b8e40-6c9a-4b41-b882-35e678ff815d,14007,21,13,1,1,1.0,1.0,223,223,223_223,5.746512693821373,2026-09-16 07:31:37.022926,7.266666666666667
268aa097-add0-4fd2-9c48-3addcea7d08f,13544,15,13,1,1,1.0,2.02,74,238,74_238,14.620613645596574,2026-09-16 07:31:37.022926,14.55
44e14d71-2f76-4b5f-95b9-9a01f89cfba1,526,16,1,1,3,1.0,1.67,74,75,74_75,8.15821369591889,2026-09-16 07:31:37.022926,10.233333333333333
f93987cb-f4ac-4dbb-a5ec-f7326cecf5c7,34041,10,31,1,5,2.0,4.6,166,230,166_230,14.158269929849713,2026-09-16 07:31:37.022926,17.183333333333334
e6a0c4d3-6a4b-4919-bca6-7581a2284671,19462,15,18,1,6,2.0,0.33,74,41,74_41,3.6919992598563525,2026-09-16 07:31:37.022926,2.3666666666666667
3e8a005f-5d62-4e9d-8c67-a274e7571634,9280,18,9,1,4,1.0,5.75,97,14,97_14,31.64603629793688,2026-09-16 07:31:37.022926,25.966666666666665
79a1cb99-3665-4484-b3ab-a35afcf44323,27650,4,25,1,6,1.0,6.0,198,80,198_80,19.994856444143817,2026-09-16 07:31:37.022926,35.766666666666666
671b9bb3-823c-4ca1-94fe-24c8cc51c8fe,29977,10,28,1,2,1.0,1.3,210,29,210_29,12.143257408603874,2026-09-16 07:31:37.022926,8.85
04d670f5-3b87-434b-9494-6862c8c642a8,27424,21,24,1,5,1.0,6.37,43,186,43_186,24.827544760327644,2026-09-16 07:31:37.022926,23.35
34b53a6f-b946-4917-b34e-35a3c015926a,22515,9,21,1,2,1.0,0.7,74,75,74_75,6.384257082000346,2026-09-16 07:31:37.022926,7.083333333333333
fa3f0b7f-c2cb-4534-be46-0256ffb2daca,23991,11,22,1,3,1.0,1.3,75,238,75_238,9.803758713296837,2026-09-16 07:31:37.022926,10.683333333333334
fb15a93a-cb30-4f25-9344-284e91114403,29884,9,28,1,2,1.0,1.43,74,43,74_43,16.29964704777026,2026-09-16 07:31:37.022926,11.5
241cebaa-b8a1-4918-926c-659ca9c5c2b9,46,0,1,1,3,1.0,0.82,95,95,95_95,5.588583121602379,2026-09-16 07:31:37.022926,3.8666666666666663
71a69b89-ff30-4b51-9106-e1e22172ca39,5280,14,6,1,1,1.0,7.97,244,68,244_68,29.043742203796906,2026-09-16 07:31:37.022926,23.733333333333334
81cdf338-dcea-4054-8873-f8e2d0bf5757,15359,22,14,1,2,5.0,2.99,75,168,75_168,13.990927230280654,2026-09-16 07:31:37.022926,9.483333333333333
a2950f33-7078-4acf-bbc9-b13516280c65,31694,15,29,1,3,2.0,1.38,24,238,24_238,13.323226066628761,2026-09-16 07:31:37.022926,9.916666666666666
770e048c-c9c5-4272-aa7c-ec140152cb8d,15958,14,15,1,3,1.0,1.17,41,42,41_42,8.750616620127918,2026-09-16 07:31:37.022926,8.483333333333333
f5215cff-108b-4a82-ab74-61bb7ea4de5b,32730,9,30,1,4,1.0,1.5,74,75,74_75,19.01694541177724,2026-09-16 07:31:37.022926,23.766666666666666
41a7365d-4a17-4f82-8a8b-a04e0a18bf52,32213,19,29,1,3,1.0,0.93,75,151,75_151,7.029929618252564,2026-09-16 07:31:37.022926,7.85
303e48d9-dcd4-4af3-a09a-69e70074be2b,9819,10,10,1,5,1.0,0.0,97,97,97_97,1.7762830146968804,2026-09-16 07:31:37.022926,0.5833333333333334
2a31ec02-8744-433f-83c6-ec5f6767c914,34597,19,31,1,5,1.0,0.0,75,239,75_239,9.29739458781995,2026-09-16 07:31:37.022926,10.3
e342f2df-3e3d-475c-8e1d-c554325f376f,25185,9,23,1,4,1.0,4.15,95,192,95_192,12.103188403174872,2026-09-16 07:31:37.022926,14.833333333333334
36eb0514-ac96-429b-a565-585fcd39d8fa,13006,8,13,1,1,1.0,6.28,33,162,33_162,22.493962351703026,2026-09-16 07:31:37.022926,24.266666666666666
ed36e732-ff5d-441d-b481-e34821623a61,17618,17,16,1,4,1.0,2.4,75,141,75_141,17.56176990720325,2026-09-16 07:31:37.022926,16.283333333333335
d0fe034a-9df1-49d5-9fa2-1e655a22cebf,4875,8,6,1,1,1.0,0.94,74,75,74_75,8.778748878193015,2026-09-16 07:31:37.022926,15.316666666666666
b732fed4-412a-484c-b098-85c6ca38847c,21611,14,20,1,1,1.0,10.5,75,208,75_208,37.87158776759932,2026-09-16 07:31:37.022926,32.63333333333333
e8627e19-f147-4baa-81a6-12e1b9ee3fce,18288,10,17,1,5,1.0,2.22,74,236,74_236,10.225674748057399,2026-09-16 07:31:37.022926,9.916666666666666
368ae8aa-a5fd-4ebb-aedc-c4a3985b1319,29570,22,27,1,1,1.0,1.15,95,95,95_95,7.441400350373799,2026-09-16 07:31:37.022926,6.433333333333334
e10df752-145f-4ef0-bd11-95fb193bc3a9,28864,13,27,1,1,1.0,0.82,74,42,74_42,7.887494230414937,2026-09-16 07:31:37.022926,6.6
c020085c-0cd1-43cf-b7b1-d2ff51e43a3d,9673,1,10,1,5,1.0,3.18,112,7,112_7,15.193091939059594,2026-09-16 07:31:37.022926,16.933333333333334
f0d49abc-4810-4baa-987e-3ed3487a7d16,27157,17,24,1,5,1.0,2.98,129,70,129_70,12.161622985766513,2026-09-16 07:31:37.022926,12.716666666666669
cdcdbe4d-cfed-47d2-9279-bbbd78cbdec1,32165,18,29,1,3,5.0,1.68,95,102,95_102,15.158876651627669,2026-09-16 07:31:37.022926,12.783333333333331
ddebf7a9-4390-4d1d-8471-f898b3d64e84,5537,17,6,1,1,1.0,2.78,75,140,75_140,18.436830138447778,2026-09-16 07:31:37.022926,14.95
76677a67-68de-47b7-8bbd-b693af3a766c,27768,7,26,1,0,1.0,0.5,116,116,116_116,3.7661014055880737,2026-09-16 07:31:37.022926,2.216666666666667
cf508e5a-c144-49d8-9db3-fb88efb9d98c,135,2,1,1,3,1.0,6.22,95,121,95_121,25.34124278150945,2026-09-16 07:31:37.022926,16.866666666666667
a787b4b0-1656-4f6f-af00-7bbb25c6818e,21138,8,20,1,1,2.0,1.5,166,75,166_75,12.259122661957468,2026-09-16 07:31:37.022926,11.466666666666669
74f24791-af35-42ec-8037-086053f4582a,29673,6,28,1,2,1.0,0.98,55,55,55_55,7.0534630206500815,2026-09-16 07:31:37.022926,10.133333333333333
f5b8caea-309e-495d-843d-3f055a260e41,25884,17,23,1,4,1.0,0.44,236,236,236_236,4.47206870419002,2026-09-16 07:31:37.022926,4.116666666666666
8a24a2a6-82ad-4c18-9fa6-467dcb1030f6,16605,20,15,1,3,5.0,0.62,33,33,33_33,4.763122296153349,2026-09-16 07:31:37.022926,5.716666666666667
1143b8ce-2503-4d70-8f19-beed45831ca4,9062,16,9,1,4,1.0,7.18,130,138,130_138,27.477147414718836,2026-09-16 07:31:37.022926,32.6
0e88e7ca-f390-4252-8e2f-0d2752ebca3e,25778,16,23,1,4,1.0,1.59,75,262,75_262,13.171904775405737,2026-09-16 07:31:37.022926,12.033333333333331
c9662538-e016-466b-b5fa-bf9761569863,1655,19,2,1,4,5.0,2.02,260,7,260_7,11.124687746263923,2026-09-16 07:31:37.022926,14.05
5e53cdb3-95a1-4e9d-b53d-29ad0eb9b5f4,21860,17,20,1,1,2.0,2.0,166,43,166_43,13.292046859392418,2026-09-16 07:31:37.022926,10.666666666666666
34357b8b-1874-4184-80bf-789a087945c2,26288,21,23,1,4,1.0,2.17,25,181,25_181,12.481651515919355,2026-09-16 07:31:37.022926,14.283333333333331
94ba388b-0cbe-4eef-b88f-bdbbb7f9985c,696,20,1,1,3,1.0,1.47,166,238,166_238,6.535908628349399,2026-09-16 07:31:37.022926,8.283333333333333
183fac21-7031-419f-9d75-7ce4f4bb6a5f,14972,17,14,1,2,1.0,2.08,74,151,74_151,15.03418764347593,2026-09-16 07:31:37.022926,11.75
d9e8b97d-3b1b-4994-8534-1e370027ded4,17242,13,16,1,4,1.0,1.7,74,75,74_75,11.826647921832897,2026-09-16 07:31:37.022926,13.5
d9927f04-7e89-476f-b84d-2668811e2c24,31637,14,29,1,3,1.0,1.7,74,24,74_24,17.650592518531102,2026-09-16 07:31:37.022926,14.066666666666666
17e88040-9cff-4e0d-b81f-d5e9aef57f48,13158,9,13,1,1,6.0,0.97,166,24,166_24,6.349875056845844,2026-09-16 07:31:37.022926,3.3833333333333333
d47e3486-3411-4053-bc41-314fb3d75e02,10667,22,10,1,5,5.0,1.4,7,179,7_179,7.712338117030324,2026-09-16 07:31:37.022926,11.2
ac5fc6e1-ca8d-4aea-891d-39a6f460b3e1,22753,11,21,1,2,1.0,4.39,7,137,7_137,23.17092659900486,2026-09-16 07:31:37.022926,29.933333333333337
85d226eb-cfc8-4dc6-a9f4-dcc3b243c5d1,21124,8,20,1,1,1.0,1.32,74,75,74_75,11.969567802757828,2026-09-16 07:31:37.022926,18.666666666666668
89ad7d3b-8b9b-432e-880b-cd7960872cbe,16129,16,15,1,3,1.0,3.34,223,138,223_138,10.842652193493645,2026-09-16 07:31:37.022926,8.283333333333333
380e3c43-cdd5-49fd-b046-4411c20170e7,7347,9,8,1,3,1.0,9.08,74,174,74_174,26.569179377062206,2026-09-16 07:31:37.022926,19.85
98a1ae8a-c449-4cd1-80cc-3e5467bad967,33720,21,30,1,4,1.0,1.49,70,70,70_70,10.511957834681592,2026-09-16 07:31:37.022926,4.683333333333334
6dd23162-0e24-4ec0-ac84-9451069b6925,24101,12,22,1,3,1.0,0.87,43,236,43_236,7.684189498244725,2026-09-16 07:31:37.022926,7.05
31ca4828-7ff3-4b51-b840-0f21fec487ae,13924,19,13,1,1,1.0,1.57,75,262,75_262,9.689012595925758,2026-09-16 07:31:37.022926,9.066666666666666
f9059a05-8915-4485-9669-e02fb085d93c,13077,8,13,1,1,1.0,1.74,74,236,74_236,14.555585792428811,2026-09-16 07:31:37.022926,24.033333333333335
392040f3-4e0e-414c-9a6e-6fb5cfc55360,31270,9,29,1,3,1.0,4.32,74,140,74_140,31.466769120113124,2026-09-16 07:31:37.022926,22.966666666666665
40d24204-d808-4e14-b4f6-6949f91658b7,21332,11,20,1,1,1.0,1.44,75,263,75_263,12.742042698733469,2026-09-16 07:31:37.022926,10.283333333333331
6f433bfc-26a6-417c-822c-afcd073c810c,23600,2,22,1,3,1.0,12.03,83,215,83_215,24.477836128384165,2026-09-16 07:31:37.022926,32.45
3288ff55-ef4f-4784-8228-9ada929178a2,10721,1,11,1,6,1.0,6.04,255,163,255_163,20.041104597176187,2026-09-16 07:31:37.022926,26.583333333333332
89f8e828-3b72-45d7-8962-da65bf6f0b69,15931,13,15,1,3,1.0,3.82,74,237,74_237,26.55801261281532,2026-09-16 07:31:37.022926,24.85
5e783922-b9c7-4917-ace0-34771c75d591,32181,19,29,1,3,1.0,0.0,75,75,75_75,5.9871313535142665,2026-09-16 07:31:37.022926,9.316666666666666
6138cd11-0614-4ff9-897f-b99db7213405,34299,14,31,1,5,1.0,0.51,41,41,41_41,4.354658977708695,2026-09-16 07:31:37.022926,2.8833333333333333
e1cf0466-a696-4faa-97f5-f55fa0b6cd40,16980,9,16,1,4,1.0,1.69,74,236,74_236,12.757558487909433,2026-09-16 07:31:37.022926,9.066666666666666
65d0728f-de5f-4490-b647-00172d5cbc05,18989,0,18,1,6,1.0,1.43,129,226,129_226,7.840381010110257,2026-09-16 07:31:37.022926,8.666666666666666
edda2091-319f-4504-a512-c93aaecea01b,21025,7,20,1,1,1.0,1.55,74,75,74_75,12.184996059327807,2026-09-16 07:31:37.022926,7.933333333333334
2827f18f-4017-4688-9ee4-f41e3964c63b,30865,19,28,1,2,1.0,1.51,75,151,75_151,11.83637852511458,2026-09-16 07:31:37.022926,11.0
a2690384-8830-44eb-972b-0ffa5dacaf91,7316,8,8,1,3,1.0,2.83,74,237,74_237,19.62307602503422,2026-09-16 07:31:37.022926,21.833333333333332
8a668df9-7911-4d2f-813f-b63820fe81e4,22647,10,21,1,2,1.0,7.66,244,263,244_263,26.432802432504403,2026-09-16 07:31:37.022926,25.683333333333337
86a03fba-5332-4785-8d9f-b821edea37aa,12471,17,12,1,0,1.0,3.15,66,61,66_61,20.7283731383883,2026-09-16 07:31:37.022926,25.933333333333337
18d0b11e-a4a5-451c-b0a1-50807bc0cb00,27987,15,26,1,0,1.0,2.79,97,195,97_195,19.61781535545946,2026-09-16 07:31:37.022926,14.066666666666666
e3516103-acd5-41e4-972e-f3a0b970992c,24322,15,22,1,3,1.0,1.38,75,74,75_74,9.077928940651722,2026-09-16 07:31:37.022926,11.283333333333331
9f11ac26-abbd-4e18-b0c1-98fdba9e5006,12622,18,12,1,0,2.0,1.2,24,75,24_75,8.345714556274993,2026-09-16 07:31:37.022926,7.166666666666667
fe4f395a-c14d-4655-a1b9-5d9e7ae1d714,18478,13,17,1,5,1.0,3.62,74,229,74_229,19.738462154234345,2026-09-16 07:31:37.022926,14.45
3e0271f8-7a65-4259-9688-9350fc1a68ea,14627,13,14,1,2,2.0,5.78,43,68,43_68,27.166246522804563,2026-09-16 07:31:37.022926,21.666666666666668
859bdb66-7f2f-42e5-a018-ae9ed06795c3,32715,9,30,1,4,2.0,2.83,74,238,74_238,23.96892971112932,2026-09-16 07:31:37.022926,18.566666666666663
ecf3cebe-ac26-49a4-b992-fcad960d8b30,22640,10,21,1,2,1.0,0.79,95,95,95_95,5.954602543194622,2026-09-16 07:31:37.022926,3.45
8883a0f2-b9c7-4ffa-b6d7-567aadb8574e,24787,20,22,1,3,1.0,1.59,75,263,75_263,9.38157353203838,2026-09-16 07:31:37.022926,8.566666666666666
53741cd5-94f5-4084-a4e3-3d7547eb0823,12271,14,12,1,0,1.0,1.97,75,43,75_43,13.291499881742022,2026-09-16 07:31:37.022926,10.6
087400c3-e249-4748-b1a4-714953f4b00e,30373,15,28,1,2,1.0,1.06,97,49,97_49,12.018022132809424,2026-09-16 07:31:37.022926,10.1
b7ab34fb-d0e3-47bc-b83e-60e9228c9cea,19364,13,18,1,6,1.0,4.06,74,140,74_140,18.639336477640715,2026-09-16 07:31:37.022926,14.6
2660ac13-97a0-4371-8770-f12a689d4efd,30419,16,28,1,2,1.0,1.32,24,75,24_75,12.623914414347368,2026-09-16 07:31:37.022926,9.466666666666669
48982f13-f6a6-41c1-8437-10f6d2a92dae,31764,15,29,1,3,3.0,1.06,95,95,95_95,10.948237554046711,2026-09-16 07:31:37.022926,11.316666666666666
44af1a95-2cca-4f90-b484-b04ebbf024d4,16358,17,15,1,3,1.0,0.41,260,260,260_260,4.022732992423588,2026-09-16 07:31:37.022926,3.05
9ea7503d-8c9b-491d-bfeb-c28f982ca6fe,26299,21,23,1,4,1.0,1.6,75,264,75_264,9.214178067283896,2026-09-16 07:31:37.022926,12.483333333333333
e3f173c1-56ed-43dd-9cb9-2bebaee8bba5,15115,18,14,1,2,1.0,3.2,66,61,66_61,20.04865248060447,2026-09-16 07:31:37.022926,16.016666666666666
ceabc231-01e7-4878-9ee6-eecc56267019,5741,19,6,1,1,1.0,2.97,74,238,74_238,16.854455110549903,2026-09-16 07:31:37.022926,16.433333333333334
203524fe-e998-4acc-9bc2-16feb3d099cb,17468,15,16,1,4,1.0,0.9,24,151,24_151,7.194467690756799,2026-09-16 07:31:37.022926,4.983333333333333
9fa0d04a-755c-4d3d-9f70-0aa52069ba0c,11521,20,11,1,6,1.0,1.31,75,238,75_238,7.612437743068887,2026-09-16 07:31:37.022926,8.65
693a08df-5d49-498a-ac92-bbe80fc88fe6,26205,20,23,1,4,1.0,1.98,74,263,74_263,11.597981570361137,2026-09-16 07:31:37.022926,10.666666666666666
9e3e270c-3ff9-4466-94ca-dd3a848eab3c,12101,12,12,1,0,1.0,6.7,42,137,42_137,24.589646630548398,2026-09-16 07:31:37.022926,26.75
9894f578-718d-4b8e-9f2a-e1207e7df2e4,29111,16,27,1,1,1.0,0.41,75,75,75_75,4.926218526630676,2026-09-16 07:31:37.022926,14.95
9056baef-2407-45df-98f3-b79f307a38c6,30989,22,28,1,2,1.0,0.46,41,41,41_41,3.4445026530517544,2026-09-16 07:31:37.022926,2.533333333333333
ee6b5c70-3597-4eae-8a99-4ba811aa0255,8214,19,8,1,3,1.0,4.4,33,257,33_257,20.188935820717482,2026-09-16 07:31:37.022926,12.883333333333333
109be21a-6ac3-430f-b6be-1c7e919d5b02,18795,19,17,1,5,1.0,1.71,74,152,74_152,10.294275791248982,2026-09-16 07:31:37.022926,12.083333333333334
c57227da-32b1-4183-8cf1-5072dd2a8b62,23798,8,22,1,3,2.0,3.9,166,166,166_166,22.652060163031013,2026-09-16 07:31:37.022926,17.966666666666665
3931096c-8a4a-4927-9f87-0cf887fd9a5e,23541,22,21,1,2,1.0,2.1,95,258,95_258,11.084469523739914,2026-09-16 07:31:37.022926,8.65
c8044a61-02e5-45be-aa16-49cab922da2b,25378,11,23,1,4,6.0,1.03,43,238,43_238,7.024615030428823,2026-09-16 07:31:37.022926,5.533333333333333
50e00307-ad29-4916-bc71-1c83f63cbeda,15909,13,15,1,3,1.0,2.77,74,237,74_237,20.914926561857285,2026-09-16 07:31:37.022926,23.633333333333333
28c174c6-3755-4528-ad3c-ca9ced6003b7,20993,7,20,1,1,3.0,1.4,75,74,75_74,7.3551321503186395,2026-09-16 07:31:37.022926,12.783333333333331
437a472c-e55b-4912-b7fd-a4c4917878be,7866,16,8,1,3,2.0,0.0,166,166,166_166,2.0984310987833314,2026-09-16 07:31:37.022926,0.1333333333333333
eba892bf-1d88-458b-af91-e13028618f9b,5615,18,6,1,1,1.0,1.52,65,106,65_106,12.250814720263103,2026-09-16 07:31:37.022926,10.633333333333333
34f6c469-1357-4561-a65b-be72e29a438a,21629,15,20,1,1,2.0,6.27,120,143,120_143,28.052989572771494,2026-09-16 07:31:37.022926,22.316666666666663
e3799a64-09c8-4a40-87f4-d51e403cd2b1,25849,17,23,1,4,2.0,2.99,74,141,74_141,20.08457277431979,2026-09-16 07:31:37.022926,18.833333333333332
2f037bdf-2833-458a-b3a0-35a3d73344eb,16543,19,15,1,3,1.0,1.08,130,215,130_215,7.116016036812236,2026-09-16 07:31:37.022926,9.033333333333331
4c7a2774-f1da-46dc-a277-1434db177c1f,27785,8,26,1,0,1.0,2.16,75,141,75_141,13.736961000134265,2026-09-16 07:31:37.022926,14.35
97e4ea43-25f4-4fe8-84ac-1407c05e1b66,17154,11,16,1,4,1.0,2.53,82,138,82_138,12.371893224510261,2026-09-16 07:31:37.022926,9.45
066734b1-84dc-4d62-a16d-4f903473a685,25488,13,23,1,4,1.0,5.62,75,179,75_179,28.496256723448017,2026-09-16 07:31:37.022926,27.35
7a574379-2e1f-4d6f-bb0c-a02c3dfb1472,9487,20,9,1,4,5.0,1.58,66,52,66_52,9.270889298283901,2026-09-16 07:31:37.022926,10.316666666666666
e051ec7d-133e-4cde-9e5a-25c899dcbc72,9199,17,9,1,4,1.0,2.45,74,151,74_151,17.355614115523302,2026-09-16 07:31:37.022926,19.6
aa75b610-3bc2-4f0e-ae08-7353064ef7ac,11907,9,12,1,0,2.0,0.58,74,42,74_42,4.790196592132886,2026-09-16 07:31:37.022926,4.283333333333333
6c5db256-ac44-41bb-ba1b-cced1ec6c53b,18373,12,17,1,5,1.0,13.67,134,166,134_166,33.759923923799974,2026-09-16 07:31:37.022926,38.15
5fbb9ac5-cd3a-4993-8022-1aced7807244,18543,15,17,1,5,1.0,0.65,116,116,116_116,5.3181950460293645,2026-09-16 07:31:37.022926,2.9166666666666665
029691d3-596c-4877-8415-13d6f26f7c94,2650,22,3,1,5,3.0,1.5,75,151,75_151,7.461273181352672,2026-09-16 07:31:37.022926,7.8
1e41cb71-403d-4dad-97b2-1fda546ed451,4732,1,6,1,1,1.0,0.78,260,226,260_226,5.3000812090381535,2026-09-16 07:31:37.022926,3.7666666666666666
77094b1c-99a7-493e-92da-07632cf32292,33156,15,30,1,4,1.0,4.19,66,112,66_112,26.263446208630334,2026-09-16 07:31:37.022926,27.95
95b269fe-00bb-4d8f-8833-1a879abc61f3,5362,15,6,1,1,1.0,0.0,95,95,95_95,2.632404487985496,2026-09-16 07:31:37.022926,0.6166666666666667
b1feaa09-0b4e-40b8-b09a-690abd6958e3,34210,13,31,1,5,1.0,1.18,65,97,65_97,11.046356678987648,2026-09-16 07:31:37.022926,12.633333333333333
a2774d23-0823-4040-9462-6b06e05386e6,12384,16,12,1,0,1.0,3.83,82,138,82_138,11.040779012266592,2026-09-16 07:31:37.022926,11.65
b414eb9b-1185-4c86-afcd-16fecf3d0940,27849,10,26,1,0,1.0,0.94,244,243,244_243,5.854944565750398,2026-09-16 07:31:37.022926,6.733333333333333
fbc2e164-e8ab-4740-9907-7b5f8e93e47e,4830,7,6,1,1,1.0,1.4,74,75,74_75,10.28034602506788,2026-09-16 07:31:37.022926,9.35
90198b8d-ec46-4064-9de3-796684368aca,637,18,1,1,3,1.0,1.03,74,42,74_42,5.85803045345251,2026-09-16 07:31:37.022926,4.8
a659ff5e-868c-4cbe-bf3b-db66d6f8b37f,24736,19,22,1,3,1.0,1.2,43,238,43_238,7.651694547454361,2026-09-16 07:31:37.022926,4.566666666666666
d8d61c14-e07e-4583-8fb4-85ffef44f44b,9313,18,9,1,4,1.0,0.7,41,74,41_74,5.78074092068369,2026-09-16 07:31:37.022926,4.666666666666667
f7a5d5d7-c411-43f5-93f1-35a0500b3b3f,3060,13,4,1,6,1.0,1.45,74,166,74_166,8.618376282972454,2026-09-16 07:31:37.022926,12.066666666666666
ac992a22-c5cc-4669-86f7-12b1435ddc58,33313,16,30,1,4,1.0,0.96,75,74,75_74,12.051282620552177,2026-09-16 07:31:37.022926,11.166666666666666
168d8e69-16d0-4e3e-b450-95de831ae2e1,83,1,1,1,3,1.0,4.85,41,50,41_50,17.004119412817317,2026-09-16 07:31:37.022926,16.566666666666666
d2067ac6-3861-4925-87a8-58ba23fee75c,15685,10,15,1,3,1.0,3.93,43,107,43_107,22.376045780930756,2026-09-16 07:31:37.022926,35.31666666666667
77e9247c-a790-4c40-8eb1-893e34f710b5,21028,7,20,1,1,1.0,1.38,75,151,75_151,9.629626136220395,2026-09-16 07:31:37.022926,7.8
7372b803-1ba1-4e48-b1ab-5b0bd43eb0cf,14777,15,14,1,2,1.0,1.51,43,263,43_263,13.289881789861024,2026-09-16 07:31:37.022926,10.233333333333333
e2b13614-66cd-45ca-95db-3616b6878daa,23585,0,22,1,3,1.0,0.72,74,41,74_41,5.540353167867534,2026-09-16 07:31:37.022926,3.8
876df36e-a2e9-4fde-afd6-c53c66986087,34020,10,31,1,5,1.0,2.64,65,144,65_144,16.680570942841417,2026-09-16 07:31:37.022926,13.316666666666666
4258ba7c-89c1-4c10-b728-d29f419719cd,32348,20,29,1,3,1.0,2.5,65,181,65_181,17.73865840895808,2026-09-16 07:31:37.022926,17.883333333333333
545931e7-98cc-4d74-825d-24a506c2bb27,34812,22,31,1,5,1.0,2.19,129,70,129_70,12.478245497370645,2026-09-16 07:31:37.022926,18.1
4d24f29a-6033-4459-911a-f168199b747d,24919,22,22,1,3,5.0,1.65,75,236,75_236,8.91714277907292,2026-09-16 07:31:37.022926,8.616666666666667
2aeeae50-42f5-41b9-8817-ab21befeda11,1775,23,2,1,4,1.0,4.18,65,90,65_90,21.07641813197686,2026-09-16 07:31:37.022926,14.683333333333334
1c0cf0b2-b7f4-4681-b2bd-b9492eedc4e1,15044,18,14,1,2,1.0,2.52,75,163,75_163,18.143144725846177,2026-09-16 07:31:37.022926,16.766666666666666
21a924a1-fede-44bd-8cb9-7febfce3abde,33342,17,30,1,4,1.0,0.0,74,151,74_151,11.770686715090529,2026-09-16 07:31:37.022926,15.5
d68bf8db-1b7a-4399-8ffc-8ec11e01c195,15829,12,15,1,3,1.0,2.13,74,236,74_236,16.103809735755522,2026-09-16 07:31:37.022926,12.966666666666669
8fb2fe86-2f15-4d0d-8a4a-dda098466928,24960,23,22,1,3,1.0,2.48,74,151,74_151,11.745673386359023,2026-09-16 07:31:37.022926,12.483333333333333
04002526-1bf5-444c-94ae-44a96ed32893,9897,11,10,1,5,1.0,4.08,74,142,74_142,21.19346728569242,2026-09-16 07:31:37.022926,19.35
f059248d-b132-4bff-9721-b17acbeb8c74,19106,5,18,1,6,1.0,0.09,37,264,37_264,-0.6747262228378039,2026-09-16 07:31:37.022926,0.0333333333333333
956ec050-3973-44dc-a667-634a2e2440a2,12692,19,12,1,0,1.0,5.7,75,79,75_79,23.18523785032035,2026-09-16 07:31:37.022926,22.883333333333333
202dce9b-f268-4075-9622-c8c4290a4578,21092,8,20,1,1,2.0,2.59,74,236,74_236,18.86536851204419,2026-09-16 07:31:37.022926,21.366666666666667
3cfbd8f5-04bf-4ed6-b99b-0ad574508a25,15675,9,15,1,3,1.0,2.24,75,162,75_162,17.347939551055582,2026-09-16 07:31:37.022926,15.3
189cca71-a747-4940-a2f8-ca39e77cbcf1,18970,23,17,1,5,1.0,1.59,95,102,95_102,8.41658725152774,2026-09-16 07:31:37.022926,8.5
ce26cca0-3ab1-41cd-a336-be109ed8ff0f,30955,21,28,1,2,1.0,2.21,74,236,74_236,11.690177813789425,2026-09-16 07:31:37.022926,12.483333333333333
f477a5fc-df76-4df2-baf8-0d4af76a8fc4,24581,17,22,1,3,1.0,0.59,75,75,75_75,5.62219448134807,2026-09-16 07:31:37.022926,5.183333333333334
2112085f-b681-4217-bffb-7a9087b6c02d,9211,17,9,1,4,1.0,1.79,260,129,260_129,12.99370654588037,2026-09-16 07:31:37.022926,14.533333333333331
9910daa0-bede-49ab-8b6d-b3650c97059b,15104,18,14,1,2,1.0,1.47,43,74,43_74,9.819035409347121,2026-09-16 07:31:37.022926,5.283333333333333
53d310fb-a211-491a-865c-795fdb8c8b68,6491,14,7,1,2,2.0,6.35,66,164,66_164,29.78935839936287,2026-09-16 07:31:37.022926,26.066666666666663
82a2057b-599d-4e08-a49a-e53bf69c254b,33067,14,30,1,4,1.0,12.58,95,262,95_262,40.95143100504242,2026-09-16 07:31:37.022926,50.0
adb87d2b-32fa-4b65-a28f-b3babd6d8aef,1113,12,2,1,4,1.0,0.0,74,74,74_74,1.1290868220316708,2026-09-16 07:31:37.022926,0.0666666666666666
d4539574-1419-434d-8cc2-995b7bd626f4,19418,14,18,1,6,1.0,3.2,41,142,41_142,17.736277963882223,2026-09-16 07:31:37.022926,17.1
facb1493-4c1c-41f9-acda-84237b411fe0,5234,13,6,1,1,1.0,3.67,82,138,82_138,10.244175048028037,2026-09-16 07:31:37.022926,8.533333333333333
1b08940b-d89a-48b7-ac6e-263c0e433226,24907,22,22,1,3,1.0,2.98,75,162,75_162,16.8287679621242,2026-09-16 07:31:37.022926,16.516666666666666
fa8574f5-8a4d-4114-9776-eba642a9005b,20039,10,19,1,0,1.0,3.95,74,244,74_244,19.59951925416032,2026-09-16 07:31:37.022926,12.066666666666666
650db4cb-7070-4d06-9ebd-51693c58cda2,2628,21,3,1,5,1.0,3.6,74,142,74_142,15.117832245473943,2026-09-16 07:31:37.022926,19.383333333333333
6a590e89-dbc1-4a0e-989d-2bbf930ab96d,8710,11,9,1,4,1.0,2.78,146,163,146_163,19.234908525319458,2026-09-16 07:31:37.022926,30.016666666666666
7ee0e707-4e46-48ae-a06e-145f548c204b,10615,21,10,1,5,5.0,2.2,74,236,74_236,9.870112246892168,2026-09-16 07:31:37.022926,10.933333333333334
0a56a209-bb17-4b52-b0b0-f9105c4d8877,18404,12,17,1,5,1.0,6.42,75,79,75_79,25.709435119756225,2026-09-16 07:31:37.022926,26.833333333333332
be517184-7c83-4bf1-8535-a8e14a65d4e9,19542,16,18,1,6,1.0,1.31,74,166,74_166,8.307082501696677,2026-09-16 07:31:37.022926,7.35
0878a107-9d5b-41f2-88e9-e09e0d97bf98,15418,6,15,1,3,1.0,4.13,41,140,41_140,16.43494914313295,2026-09-16 07:31:37.022926,18.483333333333334
42ce7894-beca-4cf7-8124-1755314aea3b,29724,7,28,1,2,1.0,1.65,74,42,74_42,14.203534780401261,2026-09-16 07:31:37.022926,13.116666666666667
741a47e5-97e8-4710-8b58-c458a1403783,17845,19,16,1,4,1.0,0.82,82,83,82_83,8.336420063684596,2026-09-16 07:31:37.022926,5.633333333333334
d3876127-b6cd-418b-a750-fc9eb2655650,29329,18,27,1,1,1.0,1.49,41,151,41_151,13.644634214754808,2026-09-16 07:31:37.022926,13.683333333333334
56faf7a4-4f88-41e6-8883-3df1a9d5bb1e,30524,16,28,1,2,1.0,1.33,75,166,75_166,12.683561865955419,2026-09-16 07:31:37.022926,13.766666666666667
fe3382d6-1d6c-4ad9-a50d-d065bf798cce,11806,8,12,1,0,1.0,1.68,74,166,74_166,11.858785077564116,2026-09-16 07:31:37.022926,12.383333333333333
87f2bbbd-c501-4cdc-81af-bfb3ed84cfd6,13581,16,13,1,1,1.0,3.87,130,218,130_218,22.37678222909866,2026-09-16 07:31:37.022926,20.516666666666666
291e97d6-2f0f-41d7-9884-fecd0d09e43d,2277,15,3,1,5,1.0,1.42,95,95,95_95,8.293686430990807,2026-09-16 07:31:37.022926,8.866666666666667
57f9fde3-64a4-4944-8e77-e2be5fd10d60,29431,19,27,1,1,1.0,0.98,95,95,95_95,7.648649900027418,2026-09-16 07:31:37.022926,5.833333333333333
69a32cd8-5511-473e-89aa-221d090f789b,18432,13,17,1,5,1.0,2.51,152,74,152_74,12.783551060038464,2026-09-16 07:31:37.022926,17.433333333333334
0cb42a91-93d5-4992-884c-e03d879200f9,17401,15,16,1,4,1.0,0.88,75,238,75_238,6.851586900138786,2026-09-16 07:31:37.022926,6.95
5cf13080-9232-491c-b56e-92dddfafcf9f,5243,13,6,1,1,1.0,1.24,41,24,41_24,8.996261909043572,2026-09-16 07:31:37.022926,10.916666666666666
b1ac5ab3-8604-4b48-80a2-4c263bbd56bd,17638,17,16,1,4,1.0,2.08,134,197,134_197,14.501550333211659,2026-09-16 07:31:37.022926,11.033333333333331
95172d9b-75d2-4133-996b-87993a0ff0a6,33032,13,30,1,4,1.0,3.28,129,138,129_138,14.225987558948878,2026-09-16 07:31:37.022926,11.6
159bd4f9-95fc-4016-ae9a-cd2ff3650024,13285,12,13,1,1,1.0,6.62,74,138,74_138,15.165720784799493,2026-09-16 07:31:37.022926,12.75
72c5d2f9-2bd3-4261-b562-afe1ee6b217e,30970,21,28,1,2,4.0,4.93,130,197,130_197,21.67124719322598,2026-09-16 07:31:37.022926,16.1
46dfd4a9-b73d-4089-b985-742e1deefa6a,14422,10,14,1,2,6.0,2.69,236,140,236_140,18.542754331643184,2026-09-16 07:31:37.022926,20.966666666666665
dd5f7e41-c462-4e85-b300-c3e96fbf2e19,25471,13,23,1,4,1.0,7.87,244,186,244_186,30.335245020219983,2026-09-16 07:31:37.022926,19.383333333333333
74a3d1b8-b448-4b11-a3c1-021e43b05dd6,4489,18,5,1,0,1.0,1.27,97,52,97_52,10.266236914134485,2026-09-16 07:31:37.022926,10.7
71f85436-6fe5-4218-8ddc-1574cba39814,12790,20,12,1,0,1.0,1.26,95,95,95_95,8.037206903219726,2026-09-16 07:31:37.022926,9.25
c7684530-1f1b-4444-879c-a326a7b4917d,17720,18,16,1,4,1.0,4.03,166,244,166_244,27.815410515473413,2026-09-16 07:31:37.022926,20.8
ed9c5c23-4376-4547-8fb3-fcb2666309d5,2367,17,3,1,5,2.0,5.0,97,35,97_35,27.583840842350835,2026-09-16 07:31:37.022926,29.3
767328c9-e21e-47e1-8011-3f965dc50343,21889,17,20,1,1,1.0,0.05,82,82,82_82,7.034893215141844,2026-09-16 07:31:37.022926,1.7333333333333334
45deaece-4c0a-419e-8c5d-75ffb642330f,17138,11,16,1,4,1.0,5.26,244,239,244_239,15.472048978560967,2026-09-16 07:31:37.022926,12.383333333333333
dcfc3cff-437f-4340-90ef-75ae9dcb523e,20908,23,19,1,0,1.0,1.07,25,49,25_49,6.791213382904303,2026-09-16 07:31:37.022926,4.783333333333333
d5e0d233-4d2e-43c5-9ef1-b344b929ee0a,3416,19,4,1,6,4.0,1.79,74,151,74_151,10.023879469950787,2026-09-16 07:31:37.022926,11.8
51db1f5d-34c1-4145-addb-3aa95461c9e9,32846,11,30,1,4,2.0,1.15,97,49,97_49,12.976126453194295,2026-09-16 07:31:37.022926,13.183333333333334
fc489ed1-4383-4c34-bb98-31af080f1815,34239,13,31,1,5,1.0,2.85,74,167,74_167,25.123233965799812,2026-09-16 07:31:37.022926,16.2
d83704bf-664a-44bb-93dd-704857231284,27798,8,27,1,1,1.0,3.55,74,236,74_236,30.064883375388398,2026-09-16 07:31:37.022926,42.333333333333336
6ec07896-4975-4642-a352-f3066df1f7b2,1359,16,2,1,4,1.0,6.49,82,80,82_80,26.65357360789356,2026-09-16 07:31:37.022926,26.883333333333333
20b96d59-bf5c-4891-becd-26a4d819681d,24137,13,22,1,3,1.0,1.85,75,74,75_74,14.431795071039398,2026-09-16 07:31:37.022926,6.9
68015fa6-b8e5-45e0-9810-fd71b7d9ae01,22872,13,21,1,2,6.0,1.11,75,236,75_236,9.426617419433873,2026-09-16 07:31:37.022926,10.316666666666666
82cd4c7a-a46a-4cd0-8a18-5930ffff7822,10098,14,10,1,5,1.0,0.98,49,97,49_97,6.854504619561637,2026-09-16 07:31:37.022926,13.1
7e61a288-1b5a-40e0-90e8-965af89bee5f,3807,9,5,1,0,5.0,2.44,75,161,75_161,14.923080481645,2026-09-16 07:31:37.022926,16.066666666666666
b034993c-b311-44db-b989-2314dab91d59,20622,18,19,1,0,2.0,1.25,25,54,25_54,10.249407915952654,2026-09-16 07:31:37.022926,6.6
a6ce7025-e585-44f8-95c9-da837dd36161,18974,23,17,1,5,1.0,2.69,65,17,65_17,15.143711111308622,2026-09-16 07:31:37.022926,14.233333333333333
0a2fe605-f745-4e81-a8c7-0cf0de43c8ae,9541,21,9,1,4,1.0,2.77,74,263,74_263,13.947840181000284,2026-09-16 07:31:37.022926,12.5
7ae9683e-047b-4454-845d-3b245d1be95f,14876,16,14,1,2,1.0,3.8,82,138,82_138,10.953096945133602,2026-09-16 07:31:37.022926,9.75
b5991c22-11b9-4d32-bd4e-96a779b20f3f,867,7,2,1,4,1.0,4.1,74,141,74_141,16.170897444449743,2026-09-16 07:31:37.022926,13.55
c84d77f4-bc31-4122-bc55-e2e9a4fd2c9d,21481,13,20,1,1,4.0,1.52,24,239,24_239,9.677210396521174,2026-09-16 07:31:37.022926,9.95
f9ea5044-05f0-40df-b85d-fb8338bc2cb4,27797,8,27,1,1,1.0,1.98,74,42,74_42,18.195574141856174,2026-09-16 07:31:37.022926,15.233333333333333
4c60e4d5-5c73-499c-be99-e03e4caeda1d,18823,20,17,1,5,1.0,1.13,83,83,83_83,7.127359520379625,2026-09-16 07:31:37.022926,6.866666666666666
a63e079d-ed1e-492f-8021-154797b2f9c0,13597,16,13,1,1,1.0,1.4,75,74,75_74,8.5135771543213,2026-09-16 07:31:37.022926,12.0
ca7ab7ff-2bdd-44dc-8475-1bdddcc97912,32640,8,30,1,4,1.0,1.7,74,166,74_166,16.10446733541082,2026-09-16 07:31:37.022926,13.133333333333333
564cc37f-4792-4bd2-aac6-8a91325cb772,20853,21,19,1,0,1.0,0.0,75,43,75_43,8.622866847396502,2026-09-16 07:31:37.022926,9.883333333333333
6879bb79-c157-409e-9c3e-2f65fd7762c7,21816,17,20,1,1,1.0,1.33,75,74,75_74,6.707833068860212,2026-09-16 07:31:37.022926,8.466666666666667
bcf7841d-c23c-4914-a401-0468a6892a04,11963,10,12,1,0,1.0,3.07,134,10,134_10,17.096159636578186,2026-09-16 07:31:37.022926,12.25
3cc45aaa-d8e6-4d8f-a816-ef9e87e8ab01,14510,11,14,1,2,1.0,1.61,69,169,69_169,14.228944083734516,2026-09-16 07:31:37.022926,16.983333333333334
ef77e38f-450f-4b3d-bd5b-3122213bc937,21995,18,20,1,1,1.0,0.9,43,236,43_236,6.657320298396215,2026-09-16 07:31:37.022926,5.366666666666666
38307648-b083-4cd3-b53c-3cc559e108bb,29798,8,28,1,2,1.0,4.31,74,229,74_229,25.889334944824824,2026-09-16 07:31:37.022926,24.116666666666667
1412c860-4148-4c8a-9232-f54559eb75e4,22315,5,21,1,2,1.0,4.6,74,244,74_244,16.513405344826715,2026-09-16 07:31:37.022926,11.433333333333334
7ded6d7e-ae47-47b9-b5be-cd752ae519f3,18965,23,17,1,5,2.0,1.1,25,181,25_181,6.815760482606477,2026-09-16 07:31:37.022926,8.8
e9befb22-bedc-4c18-9fc4-94aaa20e6cfa,20710,19,19,1,0,1.0,0.57,65,49,65_49,6.519409863413402,2026-09-16 07:31:37.022926,9.266666666666667
ceeb1c7e-dc44-4f9f-b1f6-73e2aedf2451,8996,15,9,1,4,2.0,2.56,74,238,74_238,17.925369215685443,2026-09-16 07:31:37.022926,23.866666666666667
8c980fa9-b7e7-4d0c-bb24-aa4c43df7805,28535,9,27,1,1,2.0,2.09,74,236,74_236,22.44838946120991,2026-09-16 07:31:37.022926,24.966666666666665
62eecdb3-c148-4b1f-9331-202d73b58bb1,17846,19,16,1,4,1.0,1.46,95,28,95_28,8.715405294935678,2026-09-16 07:31:37.022926,6.2
eb68f6f7-2f42-4572-a626-57bb9d6f32cb,1719,21,2,1,4,1.0,2.45,97,65,97_65,19.31249768078906,2026-09-16 07:31:37.022926,14.5
2d6e6009-1149-4553-a053-3576ba77c5d8,21909,17,20,1,1,5.0,10.24,64,134,64_134,37.12160680139501,2026-09-16 07:31:37.022926,33.36666666666667
b19a3033-4d61-44ca-a45c-bab5f3e1b3a5,24088,12,22,1,3,1.0,2.05,97,49,97_49,15.59272894902391,2026-09-16 07:31:37.022926,13.783333333333331
e29268c8-ab30-4af5-872e-6a8f07c8711a,25008,3,23,1,4,1.0,0.01,82,82,82_82,2.1231989036749606,2026-09-16 07:31:37.022926,0.2833333333333333
7f2323a5-b844-472d-be1a-8f887fa20d1f,20086,11,19,1,0,1.0,0.86,74,74,74_74,5.683540310998892,2026-09-16 07:31:37.022926,6.483333333333333
82119a80-b0b6-49bd-a81e-73059b0dcf2e,16430,18,15,1,3,1.0,1.12,166,41,166_41,7.771083934651287,2026-09-16 07:31:37.022926,7.8
75960186-798a-43ff-a3d4-5d50a435fa3d,17676,17,16,1,4,2.0,3.59,75,50,75_50,22.337510724779126,2026-09-16 07:31:37.022926,26.4
97be9692-118b-47cb-966e-b540d84d4013,16093,15,15,1,3,1.0,1.84,75,142,75_142,13.540731060206985,2026-09-16 07:31:37.022926,10.15
0f2a7867-4f96-4f45-a96b-e1764e61667d,5525,17,6,1,1,1.0,2.64,74,238,74_238,17.778362460563706,2026-09-16 07:31:37.022926,20.366666666666667
f5fa5a0d-6859-4eae-9b8a-26f18f9169dc,28075,17,26,1,0,1.0,0.0,74,237,74_237,26.186684090748674,2026-09-16 07:31:37.022926,20.066666666666663
f5adabd0-4450-4aa2-8571-540771b2357d,29670,6,28,1,2,1.0,3.69,74,140,74_140,17.352203144657626,2026-09-16 07:31:37.022926,14.383333333333333
c5e09b1c-6de4-4410-8163-eb75b7040c6b,22871,13,21,1,2,6.0,1.15,75,74,75_74,7.270789714605897,2026-09-16 07:31:37.022926,4.7
8beed16e-a3a5-48da-a4c6-5739110ac320,23,0,1,1,3,1.0,0.7,41,264,41_264,4.739748099927533,2026-09-16 07:31:37.022926,4.016666666666667
593a1951-44cb-4fa8-96b0-a6e29a993c3a,24296,15,22,1,3,1.0,1.54,75,151,75_151,12.584030134416256,2026-09-16 07:31:37.022926,15.966666666666669
5b5506d4-64b8-4f15-9b8d-ff8899c1769f,1551,18,2,1,4,1.0,1.33,195,54,195_54,8.904611359694758,2026-09-16 07:31:37.022926,7.483333333333333
b7e52653-200c-4d8e-94e9-8e99b9e3d8ae,29218,17,27,1,1,1.0,1.66,189,61,189_61,22.588122306788755,2026-09-16 07:31:37.022926,11.983333333333333
559dd43b-f503-4da5-9257-73f82e1279f2,12988,7,13,1,1,1.0,2.08,74,24,74_24,14.734992199917913,2026-09-16 07:31:37.022926,13.666666666666666
17f328ca-9d50-4b7c-a2ca-ccf4897b04fd,22416,7,21,1,2,1.0,1.82,74,263,74_263,13.35855427761519,2026-09-16 07:31:37.022926,14.0
d835ab6e-41a3-4a58-81f3-8ac369a2f49d,9542,21,9,1,4,1.0,1.32,75,74,75_74,5.428425736707529,2026-09-16 07:31:37.022926,5.233333333333333
d1ff4436-c680-441d-826f-318d6f2b484b,8816,12,9,1,4,1.0,0.91,75,238,75_238,6.448958635608417,2026-09-16 07:31:37.022926,6.133333333333334
15b7a788-544f-45bf-91fd-c0d7c1fc4514,7772,15,8,1,3,1.0,0.97,43,238,43_238,6.369170016189342,2026-09-16 07:31:37.022926,16.516666666666666
0a88a3fd-1892-454c-8aed-f862b2d90532,14538,12,14,1,2,1.0,2.56,244,166,244_166,14.416375574345473,2026-09-16 07:31:37.022926,13.433333333333334
21ee0fbc-bda6-4167-9ced-d58e29949bc4,22847,13,21,1,2,1.0,2.76,43,142,43_142,16.61700562697744,2026-09-16 07:31:37.022926,16.483333333333334
749590aa-7812-4aaa-a0d7-41a272d4c351,33002,13,30,1,4,1.0,4.63,41,50,41_50,29.700253567494137,2026-09-16 07:31:37.022926,54.46666666666667
a3c7afbb-55de-489c-a014-cf77d4cfe49e,28443,7,27,1,1,1.0,0.62,74,74,74_74,6.329776945218965,2026-09-16 07:31:37.022926,5.633333333333334
222683c2-4718-479c-9254-68ab74588829,23510,21,21,1,2,1.0,2.98,74,237,74_237,14.082655864168386,2026-09-16 07:31:37.022926,13.116666666666667
3ac17b79-b412-4902-887b-0e865382f9e0,1575,18,2,1,4,1.0,2.18,97,17,97_17,15.260952811616747,2026-09-16 07:31:37.022926,14.316666666666666
830922cb-797d-474a-a2cb-763e4a0cb985,3511,21,4,1,6,1.0,1.26,95,95,95_95,7.8754429511747155,2026-09-16 07:31:37.022926,7.166666666666667
d52293ad-ca21-45b0-868f-813f8ee9ec3c,26591,9,24,1,5,1.0,1.1,75,238,75_238,6.277449904783635,2026-09-16 07:31:37.022926,5.766666666666667
ee3cc9ac-8ffe-41d7-8e6a-fd8b654fa573,11048,12,11,1,6,1.0,1.07,95,95,95_95,7.0350703124122935,2026-09-16 07:31:37.022926,11.583333333333334
32ef30a0-e414-4e75-bdb5-e5ee5b3dc551,21651,15,20,1,1,1.0,1.1,152,42,152_42,7.746893557049828,2026-09-16 07:31:37.022926,7.05
ae1bd4cb-335f-4d11-b999-fa4fb3d79e6d,7048,21,7,1,2,1.0,2.34,66,25,66_25,12.343678920062857,2026-09-16 07:31:37.022926,14.6
41174368-723b-4ba9-80ab-c9bc25908d5c,26470,2,24,1,5,1.0,0.91,255,112,255_112,5.785079056982793,2026-09-16 07:31:37.022926,6.2
305148aa-33c6-44d4-a319-ccbf42be33f5,20989,7,20,1,1,1.0,1.61,74,151,74_151,12.117939593136601,2026-09-16 07:31:37.022926,12.416666666666666
4a65a114-7d63-43e7-9209-871a93ba2d05,32487,0,30,1,4,1.0,7.15,75,249,75_249,23.313599514911232,2026-09-16 07:31:37.022926,22.7
ed5c020b-b423-412a-9779-e7ac93dc3082,3140,15,4,1,6,1.0,0.77,74,41,74_41,5.793858475819715,2026-09-16 07:31:37.022926,4.616666666666666
ddd87ae7-f8e0-4287-87e9-8fc30c42e184,31418,11,29,1,3,1.0,3.4,74,239,74_239,28.30515327730689,2026-09-16 07:31:37.022926,26.133333333333333
bcf97674-8344-4a90-8a3a-5a4a3584dd5e,21402,12,20,1,1,1.0,2.87,74,239,74_239,18.678003695010933,2026-09-16 07:31:37.022926,15.1
4d0ead03-0e45-4c4c-be3f-fed15eef5491,21606,14,20,1,1,5.0,10.13,134,64,134_64,25.07657096657592,2026-09-16 07:31:37.022926,41.983333333333334
ea20538b-db16-4a8a-805d-290d098e8fcf,22525,9,21,1,2,1.0,1.23,74,75,74_75,9.600495607143829,2026-09-16 07:31:37.022926,10.316666666666666
eef45e28-8b54-484e-8642-8a2f50cfebd0,754,22,1,1,3,2.0,1.62,25,54,25_54,7.75693921906069,2026-09-16 07:31:37.022926,11.166666666666666
bd5ac8cc-414f-4d54-8a83-35cfc27d46f3,33019,13,30,1,4,1.0,1.32,74,42,74_42,12.30683067569331,2026-09-16 07:31:37.022926,8.066666666666666
37d567b1-72d6-47c4-9dae-729bd563f7b6,4787,7,6,1,1,1.0,2.58,74,42,74_42,16.0513194367514,2026-09-16 07:31:37.022926,10.283333333333331
2750396c-e9c8-4a78-bcce-276c19d98547,27315,19,24,1,5,1.0,0.7,42,42,42_42,5.556225352509276,2026-09-16 07:31:37.022926,4.633333333333334
6fb59da8-af54-42f5-8448-e7b7bd779add,2142,13,3,1,5,1.0,1.54,43,151,43_151,9.134166352999221,2026-09-16 07:31:37.022926,5.466666666666667
ae12b05c-e86e-42d0-9d51-36d806c67dfb,10742,2,11,1,6,1.0,3.87,255,66,255_66,13.99586224121114,2026-09-16 07:31:37.022926,11.25
37f41203-2d95-45c5-8ee8-00615187430b,22959,15,21,1,2,1.0,0.35,166,166,166_166,3.404926775612607,2026-09-16 07:31:37.022926,3.3333333333333335
f8203bc5-9d3d-42f6-88bc-38f9f0a9f904,21637,15,20,1,1,1.0,4.61,244,238,244_238,17.58940468178022,2026-09-16 07:31:37.022926,13.883333333333333
ecd51baf-ea36-4862-8f2d-fc82de97742d,5138,12,6,1,1,1.0,0.0,75,166,75_166,10.82410939896165,2026-09-16 07:31:37.022926,13.25
1f9fff59-0911-464b-89eb-d06f406aa243,25133,8,23,1,4,1.0,0.3,43,75,43_75,8.070609082135432,2026-09-16 07:31:37.022926,2.933333333333333
7ee63c4f-b4c8-42dd-8376-3f455ccb0d1a,8794,12,9,1,4,1.0,4.5,42,169,42_169,25.71257923106513,2026-09-16 07:31:37.022926,21.6
19bf5e9b-289e-4448-9fe4-3f280b49fc07,29148,17,27,1,1,1.0,2.31,244,116,244_116,19.23160366435047,2026-09-16 07:31:37.022926,12.0
24490f8b-d6e6-4418-bf15-4d656e7f59ac,34096,11,31,1,5,1.0,2.71,74,237,74_237,18.658414082074362,2026-09-16 07:31:37.022926,12.983333333333333
a378da4e-f630-4df5-a443-ff0406f2cb94,27758,7,26,1,0,2.0,1.21,75,166,75_166,7.242141582999093,2026-09-16 07:31:37.022926,7.883333333333334
c41ce9b1-9052-452a-b05a-1fd6e678b93d,31423,11,29,1,3,1.0,2.51,41,116,41_116,20.62529607314641,2026-09-16 07:31:37.022926,16.166666666666668
2429c70a-4cb3-4690-a607-c01a73207301,1096,12,2,1,4,1.0,3.04,74,238,74_238,16.12936162902669,2026-09-16 07:31:37.022926,19.166666666666668
f6fbc1d2-cae7-4c62-9cd4-8f4218582f86,7360,9,8,1,3,3.0,3.8,75,229,75_229,21.674175118003447,2026-09-16 07:31:37.022926,15.116666666666667
58fde239-76d2-4d10-a9fe-dccd35d0dd38,14666,14,14,1,2,1.0,6.85,244,142,244_142,27.518936921020206,2026-09-16 07:31:37.022926,19.366666666666667
9282c7f1-cb6a-4017-89d8-60c843354ce6,25343,11,23,1,4,1.0,0.93,196,196,196_196,6.759656035145428,2026-09-16 07:31:37.022926,10.4
9af5d05f-98e6-40de-9134-cf9b41859768,19033,1,18,1,6,1.0,0.85,95,95,95_95,5.1319593861662876,2026-09-16 07:31:37.022926,4.133333333333334
8c3b20b1-bc44-456d-b593-5e74f82cb10d,30252,14,28,1,2,1.0,2.14,42,159,42_159,18.31838977019878,2026-09-16 07:31:37.022926,14.216666666666669
4d96bde7-920e-46d3-875f-433f4e875570,23397,19,21,1,2,1.0,0.93,75,238,75_238,5.5581666447908225,2026-09-16 07:31:37.022926,5.583333333333333
90acbf61-4ad5-4820-a05b-cacb36100f6c,19174,9,18,1,6,4.0,2.73,166,238,166_238,12.381975415321058,2026-09-16 07:31:37.022926,16.55
1c51718d-f4ea-47fb-b63a-5ed72d38358b,9207,17,9,1,4,1.0,2.59,134,131,134_131,12.894681574613239,2026-09-16 07:31:37.022926,13.116666666666667
77295729-d023-4ba6-812b-9fa64ed972e9,29966,10,28,1,2,1.0,0.27,193,193,193_193,3.007957920273861,2026-09-16 07:31:37.022926,2.2
ee3f013b-89ec-482b-a947-09f9d3d68704,30741,18,28,1,2,1.0,1.61,65,188,65_188,18.125018025627256,2026-09-16 07:31:37.022926,29.0
a59055de-4abf-45bf-abcc-ba86c67ee7d7,13150,9,13,1,1,1.0,5.18,134,53,134_53,17.757186081148237,2026-09-16 07:31:37.022926,11.583333333333334
847d0bce-50e9-48ed-9421-5b642ab036ab,18389,12,17,1,5,1.0,0.88,24,166,24_166,5.992325365794399,2026-09-16 07:31:37.022926,5.7
f8467b63-91ac-4ee3-8657-accd6a1fd8cb,6833,18,7,1,2,1.0,0.71,75,236,75_236,5.4682217226932295,2026-09-16 07:31:37.022926,4.616666666666666
c10782a4-6549-4ae9-bdbb-bd70ce6ba1c9,30594,17,28,1,2,6.0,1.36,244,116,244_116,12.453601996614358,2026-09-16 07:31:37.022926,9.016666666666667
1a7ee39c-21ea-43d6-ad31-346db63b7062,8231,20,8,1,3,1.0,0.86,41,42,41_42,5.344090896735827,2026-09-16 07:31:37.022926,4.983333333333333
63b1add2-e842-4fe2-93ec-80867d0dd10e,2111,12,3,1,5,1.0,0.67,166,151,166_151,3.9840284606792475,2026-09-16 07:31:37.022926,5.916666666666667
81daa279-8e0d-43a1-b894-f8f71870ff42,659,19,1,1,3,1.0,2.01,74,116,74_116,10.425297010601764,2026-09-16 07:31:37.022926,14.766666666666667
e4b5c1a2-f415-4cc1-8ace-2ee00de3d974,15599,8,15,1,3,1.0,2.08,75,140,75_140,16.510589309598057,2026-09-16 07:31:37.022926,17.916666666666668
8367cf4a-5c84-4fb8-8ae7-ad0a9e727002,19761,21,18,1,6,1.0,1.26,95,95,95_95,7.881526420201973,2026-09-16 07:31:37.022926,9.133333333333333
1d1f9715-ec53-4bd5-a61c-dbd0a26141ad,3397,19,4,1,6,1.0,6.3,75,127,75_127,22.938344795883328,2026-09-16 07:31:37.022926,11.15
3e4c069a-8338-4802-93fa-19f404cead9f,32727,9,30,1,4,1.0,0.32,41,41,41_41,3.2459132654080562,2026-09-16 07:31:37.022926,1.8666666666666667
8be8f47b-2be9-4eeb-a31d-d46d1880c032,14465,10,14,1,2,5.0,3.73,95,160,95_160,20.6444930487996,2026-09-16 07:31:37.022926,19.25
1ab4f54f-0d7c-47fe-b6d3-0a13bb94272a,23179,17,21,1,2,1.0,1.71,75,41,75_41,12.361995853886203,2026-09-16 07:31:37.022926,14.533333333333331
51a38b62-be88-49e6-8ac0-b80ff63ed88a,8014,18,8,1,3,1.0,3.76,82,146,82_146,22.102469042203907,2026-09-16 07:31:37.022926,18.483333333333334
01b50062-46b4-4591-a7ee-8ae203060c19,1571,18,2,1,4,2.0,0.68,82,129,82_129,7.972958444155427,2026-09-16 07:31:37.022926,11.516666666666667
9af9e95e-4307-4968-9292-b1d601ddc40b,15713,10,15,1,3,1.0,1.41,43,238,43_238,8.590988883361765,2026-09-16 07:31:37.022926,8.633333333333333
8c282a40-6225-43fd-8833-0127830a8309,25911,17,23,1,4,1.0,2.07,74,236,74_236,15.350032763051566,2026-09-16 07:31:37.022926,14.666666666666666
eb288e5f-d0eb-4964-ac78-09a9b45637bf,5391,15,6,1,1,1.0,5.2,75,137,75_137,25.630938448735684,2026-09-16 07:31:37.022926,35.38333333333333
b47cfdd3-de25-45d8-88dd-f34340c7c98d,26151,19,23,1,4,1.0,1.83,41,151,41_151,11.573399080476465,2026-09-16 07:31:37.022926,10.933333333333334
ec372d42-9c7d-4e98-a37a-3a1be1f8c585,22353,7,21,1,2,1.0,3.7,74,162,74_162,20.66166590078782,2026-09-16 07:31:37.022926,25.183333333333337
39ef6a31-39a7-4ea7-9639-7242b734a8ac,17965,21,16,1,4,5.0,3.69,181,256,181_256,17.699640421253555,2026-09-16 07:31:37.022926,18.583333333333332
1be53acb-6e90-48fc-8530-f06180cd6246,14431,10,14,1,2,1.0,3.69,7,138,7_138,9.677901387452646,2026-09-16 07:31:37.022926,24.066666666666663
f22f1da3-ec6e-4a55-84fa-87886a5cf7f4,22476,7,22,1,3,5.0,0.9,129,83,129_83,9.653911441063206,2026-09-16 07:31:37.022926,7.766666666666667
bb7580ed-e035-4fee-8ab5-d20ced0561df,1155,13,2,1,4,2.0,1.2,75,237,75_237,8.162085336878924,2026-09-16 07:31:37.022926,5.633333333333334
076e112e-520e-4320-8b39-99945a6ba4d1,28318,23,26,1,0,1.0,0.47,215,216,215_216,3.2145991655164456,2026-09-16 07:31:37.022926,1.6333333333333333
9260ffcb-0846-40c2-a21a-da06597badd0,28737,11,27,1,1,1.0,0.0,130,205,130_205,2.796764039245315,2026-09-16 07:31:37.022926,25.8
f104ea71-a26d-4ed3-aa2f-7748c60926cd,14695,14,14,1,2,3.0,1.71,74,24,74_24,13.52427379736671,2026-09-16 07:31:37.022926,13.133333333333333
24b6b1b6-e266-4537-8732-138a9e1b04e9,33322,16,30,1,4,1.0,2.36,95,135,95_135,18.218909472153584,2026-09-16 07:31:37.022926,13.65
9e97c9e1-2c36-48db-b8ea-9bdcf018d609,26654,10,24,1,5,1.0,1.04,74,166,74_166,6.792829335112525,2026-09-16 07:31:37.022926,7.85
9a89f62d-e4d9-4caa-924d-cb1fd5724a1e,7828,16,8,1,3,1.0,2.36,95,121,95_121,15.940088490893212,2026-09-16 07:31:37.022926,15.65
8e2320d6-c34e-4ce2-a805-037cfe079a35,33713,21,30,1,4,1.0,1.25,74,41,74_41,9.220331542572998,2026-09-16 07:31:37.022926,8.9
cb404152-dc94-4acb-a4b8-4f47091e72ec,14788,15,14,1,2,6.0,1.4,75,74,75_74,9.512730605383931,2026-09-16 07:31:37.022926,8.8
79c3faca-ec83-4189-bec8-85d011b328ee,13812,18,13,1,1,1.0,1.4,41,75,41_75,9.821352647970526,2026-09-16 07:31:37.022926,8.566666666666666
f76d94a1-9229-4d01-b774-19f9ca76e3d2,4136,14,5,1,0,1.0,0.67,41,41,41_41,5.925435791625047,2026-09-16 07:31:37.022926,2.7
1301548e-1d89-4df8-b9d7-aa266690058c,29432,19,27,1,1,1.0,2.53,134,131,134_131,9.690067118127267,2026-09-16 07:31:37.022926,20.733333333333334
f6890908-ffc1-41c9-8722-ffad2027fc38,2782,6,4,1,6,1.0,0.84,75,263,75_263,3.5160767336359116,2026-09-16 07:31:37.022926,1.8166666666666669
387c3395-3418-4484-9369-61df2ed0faaf,28303,22,26,1,0,1.0,1.05,74,41,74_41,6.630065531762582,2026-09-16 07:31:37.022926,7.85
8250b9ab-2585-41c1-a15b-a2047f9cd9de,19280,12,18,1,6,1.0,3.22,74,238,74_238,17.795740958976364,2026-09-16 07:31:37.022926,21.683333333333337
863fe482-8162-4b01-87c6-0381d0f42845,25108,8,23,1,4,1.0,3.1,226,163,226_163,19.227027849130835,2026-09-16 07:31:37.022926,16.316666666666666
b63e98c5-9c8a-436c-b56c-2fb96bcfc5d1,22141,20,20,1,1,1.0,3.05,75,48,75_48,15.487030699778504,2026-09-16 07:31:37.022926,12.816666666666666
6013d192-d672-4d83-b4c3-af7fd3c97a38,22235,22,20,1,1,1.0,3.44,74,244,74_244,15.81396556033039,2026-09-16 07:31:37.022926,16.05
42bc86aa-c55a-4b31-8251-d1afd661cd24,2947,11,4,1,6,1.0,2.33,74,236,74_236,11.534990927110975,2026-09-16 07:31:37.022926,9.866666666666667
3c39b234-48b4-495f-b8b7-0ffcdd4e7f7d,32533,6,30,1,4,1.0,5.77,134,132,134_132,21.334231092380183,2026-09-16 07:31:37.022926,21.533333333333335
b40e3de3-1f34-4555-af71-6dc4af6594b6,30454,16,28,1,2,1.0,0.93,42,41,42_41,8.560753144357536,2026-09-16 07:31:37.022926,5.983333333333333
2e392b45-4e41-4cb4-b5a1-549faaa9e998,19091,4,18,1,6,1.0,1.96,255,37,255_37,9.252523745922012,2026-09-16 07:31:37.022926,10.9
1b693fbe-70ea-4b68-ab0a-b070032eaac4,12253,14,12,1,0,1.0,2.07,74,116,74_116,14.898835941568372,2026-09-16 07:31:37.022926,14.066666666666666
5fcbc49f-1dde-47f0-987e-761971c00879,34365,15,31,1,5,1.0,1.0,166,42,166_42,8.419711019476766,2026-09-16 07:31:37.022926,8.333333333333334
83f5989d-7ed8-4f65-971b-fc187fff381a,2707,0,4,1,6,1.0,1.95,74,166,74_166,10.053639848523561,2026-09-16 07:31:37.022926,9.2
10a62195-7fb6-4725-9975-63f1abf2cfa2,20742,20,19,1,0,1.0,0.88,223,223,223_223,5.713255044559346,2026-09-16 07:31:37.022926,5.933333333333334
23f48d79-6857-4abf-b93d-2dba5f341523,27513,23,24,1,5,1.0,0.77,95,95,95_95,4.909510116223768,2026-09-16 07:31:37.022926,2.55
0dd03d38-e13f-4c94-8ad0-dd986df4b40c,13920,19,13,1,1,1.0,2.19,74,116,74_116,12.854984890892357,2026-09-16 07:31:37.022926,11.683333333333334
b39344d6-02ca-47d3-8325-febe87bd450c,20505,17,19,1,0,1.0,1.08,65,106,65_106,11.613174274789353,2026-09-16 07:31:37.022926,11.8
c6b0f568-f358-4dc8-94bd-46a1ef8b7446,30376,15,28,1,2,1.0,1.76,74,236,74_236,19.77800030582998,2026-09-16 07:31:37.022926,19.45
a0066e00-ae77-4528-a5ab-6bf5cd5fdcad,21458,11,20,1,1,1.0,1.17,75,236,75_236,9.31104064026424,2026-09-16 07:31:37.022926,8.616666666666667
022800a2-26dc-4431-9d36-ec59652561fb,6982,19,7,1,2,1.0,1.29,75,238,75_238,8.46189187430173,2026-09-16 07:31:37.022926,10.466666666666669
71a866cc-e23a-48a7-8758-6781daaad32c,23101,16,21,1,2,1.0,1.23,75,74,75_74,6.932155494953407,2026-09-16 07:31:37.022926,8.216666666666667
3fb20715-4c72-489a-b560-f64cbcd1b76a,27945,14,27,1,1,1.0,0.26,75,236,75_236,5.43723766792295,2026-09-16 07:31:37.022926,5.35
8f0c25c2-31c6-4434-ba4e-b80dcd3a0c80,1845,1,3,1,5,2.0,0.74,7,179,7_179,4.590373993672269,2026-09-16 07:31:37.022926,4.95
e555f0f9-61de-4e47-912e-e4e2142f5c17,14929,17,14,1,2,1.0,1.45,74,75,74_75,10.651797806943756,2026-09-16 07:31:37.022926,9.566666666666666
2cd545e0-c597-4609-9a3b-2609060ec491,8240,20,8,1,3,1.0,1.38,75,262,75_262,8.827394892835805,2026-09-16 07:31:37.022926,9.383333333333333
e449d9cb-9ed4-4db8-8ca4-5677237b84c0,8626,9,9,1,4,2.0,0.19,74,74,74_74,2.3602140438647625,2026-09-16 07:31:37.022926,0.6833333333333333
7f7ee67a-4afb-49a7-8b7e-c126dffee989,418,14,1,1,3,1.0,1.79,75,140,75_140,12.270901862743113,2026-09-16 07:31:37.022926,9.883333333333333
bdb5a83e-86ab-4e81-9033-9d7bd417b1dc,9823,10,10,1,5,1.0,1.54,74,75,74_75,8.384914864472812,2026-09-16 07:31:37.022926,6.616666666666666
9ebdde70-5e29-47f0-a552-2697e2b0e3d4,25368,11,23,1,4,1.0,0.93,166,166,166_166,5.81396833596226,2026-09-16 07:31:37.022926,7.683333333333334
b88d1046-e928-4b45-9a04-afbe37ae7c94,34713,21,31,1,5,1.0,0.64,166,24,166_24,4.761736983661653,2026-09-16 07:31:37.022926,6.533333333333333
b00aa648-1996-42a4-b715-1b7012eb9931,7720,14,8,1,3,2.0,1.72,43,238,43_238,12.463705702223837,2026-09-16 07:31:37.022926,12.283333333333331
2dbaf0fb-106b-47cb-a152-6952f3edb11a,12995,7,13,1,1,1.0,2.08,74,166,74_166,14.486078722726859,2026-09-16 07:31:37.022926,15.866666666666667
a421003e-443f-45d0-9121-338ac81b6983,3,0,1,1,3,1.0,4.2,42,141,42_141,14.489982003054923,2026-09-16 07:31:37.022926,16.2
2ae1ea7c-a470-4f45-806b-fad3c85b8f1f,24463,16,22,1,3,1.0,0.0,43,229,43_229,10.497495986943331,2026-09-16 07:31:37.022926,20.2
3da1577f-636a-4a5b-8477-b13da9004d86,2946,11,4,1,6,2.0,1.7,74,75,74_75,9.69826615852618,2026-09-16 07:31:37.022926,7.966666666666667
5ebc0db3-8e5f-4d2e-ae14-d6b1114ae1ff,14521,12,14,1,2,1.0,6.13,244,237,244_237,28.141783158923698,2026-09-16 07:31:37.022926,24.333333333333332
539c4fdf-d5a0-472e-8448-3681148e2477,9007,15,9,1,4,1.0,13.71,83,132,83_132,42.369581407050276,2026-09-16 07:31:37.022926,49.05
2ac05bc7-e106-490c-9d37-87c06342542d,6442,13,7,1,2,1.0,1.41,116,159,116_159,10.507423737351399,2026-09-16 07:31:37.022926,9.266666666666667
01e95fa9-1f68-4846-8a8e-55e1e22d8d28,1367,16,2,1,4,1.0,1.38,166,142,166_142,8.540626105621929,2026-09-16 07:31:37.022926,13.9
25266df6-0f73-4d2d-bf58-c665d494bbcc,760,22,1,1,3,5.0,4.57,65,89,65_89,19.326615968254185,2026-09-16 07:31:37.022926,20.95
9786a625-1b27-4ed7-a64b-c9073fd0a68e,23893,9,22,1,3,2.0,1.08,74,41,74_41,8.876424940150331,2026-09-16 07:31:37.022926,6.9
c6ef90db-fabf-4a91-9aab-dbb7ffeb127c,23402,19,21,1,2,1.0,2.51,74,238,74_238,14.769766789482714,2026-09-16 07:31:37.022926,15.183333333333334
83821a58-260b-4c8f-be1c-f2b89aaf6d16,25863,17,23,1,4,1.0,1.3,75,74,75_74,7.523483536625835,2026-09-16 07:31:37.022926,7.366666666666666
df3c4e94-a91a-42dc-a083-7289f7344066,27096,16,24,1,5,1.0,2.7,74,237,74_237,15.381414317950505,2026-09-16 07:31:37.022926,16.683333333333334
570d0fb8-a0e2-416e-a9a7-389d8bb31deb,12153,13,12,1,0,1.0,1.9,75,42,75_42,12.19153609495501,2026-09-16 07:31:37.022926,10.433333333333334
550b08a4-90f0-4894-8173-c0201e086c11,18290,10,17,1,5,1.0,2.39,74,262,74_262,12.876756389112947,2026-09-16 07:31:37.022926,13.983333333333333
8094b39c-e3d8-48b1-a886-48c099758be2,5291,14,6,1,1,1.0,0.0,82,82,82_82,2.4824892427717207,2026-09-16 07:31:37.022926,0.2833333333333333
4ac26b75-f549-4fde-98d5-1c7dc84bfbb1,990,10,2,1,4,1.0,1.01,74,75,74_75,6.257045411459011,2026-09-16 07:31:37.022926,6.216666666666667
a9e70c26-e356-44a1-8f90-ed7acbe9b40a,13853,18,13,1,1,1.0,2.97,43,143,43_143,18.062570736123998,2026-09-16 07:31:37.022926,18.533333333333335
72d3cfa1-5817-457e-aa33-142014a8ec77,32398,21,29,1,3,1.0,0.0,75,143,75_143,13.469427562377614,2026-09-16 07:31:37.022926,21.266666666666666
80775a5c-e033-4be5-9cbf-76c37d41a4b1,34507,17,31,1,5,1.0,2.51,41,238,41_238,17.204339048539115,2026-09-16 07:31:37.022926,16.65
2ec54b29-3a40-4927-9311-24b342c7a6eb,28877,13,27,1,1,5.0,1.03,95,95,95_95,10.555173388448903,2026-09-16 07:31:37.022926,7.733333333333333
600490c1-1248-40d7-8e37-f3d51bfa9afa,8499,7,9,1,4,1.0,13.61,65,108,65_108,35.69730789513624,2026-09-16 07:31:37.022926,33.68333333333333
e1960fb6-d6a5-4a3e-bc0f-5f7e8cad8c07,23658,7,22,1,3,1.0,1.35,74,41,74_41,10.911881443255679,2026-09-16 07:31:37.022926,10.866666666666667
d7057f86-62e1-4718-9357-d6e96aae94aa,27126,17,24,1,5,1.0,8.66,193,95,193_95,26.60405375443846,2026-09-16 07:31:37.022926,24.616666666666667
3328adcb-51bb-4660-8eb1-1a994117e7d0,34486,17,31,1,5,1.0,2.71,97,181,97_181,24.257319633301567,2026-09-16 07:31:37.022926,19.1
114dc170-c198-4a8d-bd26-a9f6b4922514,2845,8,4,1,6,2.0,19.33,195,39,195_39,38.86240108943165,2026-09-16 07:31:37.022926,28.133333333333333
5c30ca72-b103-4f1f-957f-18264e23d4e9,24179,13,22,1,3,1.0,0.31,95,95,95_95,3.3791751800461918,2026-09-16 07:31:37.022926,2.0166666666666666
053ff795-d1da-4c35-8d67-fb71334d2bec,837,5,2,1,4,2.0,5.6,34,80,34_80,18.964285860748667,2026-09-16 07:31:37.022926,15.966666666666669
88f1b8cf-2105-435f-aa7c-00d61d39ad72,24091,12,22,1,3,1.0,1.36,74,75,74_75,12.953025169956584,2026-09-16 07:31:37.022926,7.066666666666666
b788cd8f-6267-4113-95d1-c377a778abc5,24074,12,22,1,3,6.0,1.67,75,41,75_41,12.184035034145918,2026-09-16 07:31:37.022926,8.233333333333333
2aec23e0-e8e2-49df-9657-ccd3ea4f6fc6,3091,14,4,1,6,1.0,5.08,43,48,43_48,24.007843935742407,2026-09-16 07:31:37.022926,19.466666666666665
532d7af5-d022-4727-a794-cbbf6a5e430d,2274,16,3,1,5,1.0,3.77,82,138,82_138,10.711740711912345,2026-09-16 07:31:37.022926,11.366666666666667
89c55fc9-304d-44bc-b59c-9191393c9c9f,30618,17,28,1,2,1.0,0.76,74,75,74_75,8.762868125469945,2026-09-16 07:31:37.022926,6.083333333333333
95426942-6ad2-4bd7-aefb-3bbf7258c86e,20649,18,19,1,0,1.0,1.25,95,95,95_95,9.138007330604019,2026-09-16 07:31:37.022926,7.066666666666666
d0759587-3f11-47e1-9c83-96582f4f4167,23187,17,21,1,2,1.0,1.22,75,74,75_74,6.8715685877434325,2026-09-16 07:31:37.022926,4.75
b63b9229-4125-465d-8d9d-60c37e10d08a,14073,23,13,1,1,1.0,1.81,95,197,95_197,10.680823741559703,2026-09-16 07:31:37.022926,7.1
6fb4aba1-ac4a-48a4-95ca-0cfe1972e53c,4598,19,5,1,0,1.0,1.43,75,262,75_262,8.15747809033498,2026-09-16 07:31:37.022926,9.583333333333334
4b0b325d-2593-4d3d-b11a-53c544f954c0,15443,7,15,1,3,1.0,1.64,74,236,74_236,13.103949545851863,2026-09-16 07:31:37.022926,23.916666666666668
89b473bc-090c-4f6a-a76f-4d277a20b456,29268,18,27,1,1,1.0,2.0,75,166,75_166,18.480197161671523,2026-09-16 07:31:37.022926,15.15
45862dfa-4e05-40cb-9b26-d3b7d8eefbf6,25920,16,23,1,4,1.0,1.43,74,75,74_75,10.892062165245264,2026-09-16 07:31:37.022926,8.683333333333334
4f5f79fd-806e-4058-8c2a-e460371d74e2,31678,14,29,1,3,2.0,1.49,74,42,74_42,15.565403676181115,2026-09-16 07:31:37.022926,16.866666666666667
aeefc572-5bc8-40e6-adb9-c64881f72b95,21011,7,20,1,1,1.0,1.88,74,166,74_166,12.623258774008177,2026-09-16 07:31:37.022926,9.666666666666666
b6b487e5-68e5-468e-9b11-fde050ac7e48,14501,11,14,1,2,1.0,2.82,43,161,43_161,32.00002083504063,2026-09-16 07:31:37.022926,30.033333333333335
f1a4fce8-867a-4ae7-b820-51d225c7b56f,28422,7,27,1,1,1.0,1.52,75,41,75_41,13.879151421889409,2026-09-16 07:31:37.022926,8.266666666666667
76cb6de1-21a9-4c56-b15f-55eeddaff4b8,9676,1,10,1,5,1.0,3.36,75,75,75_75,16.542472647113925,2026-09-16 07:31:37.022926,21.683333333333337
0df977ec-b219-4623-93ca-7b94c4f5cfbb,11489,19,11,1,6,1.0,2.4,74,238,74_238,13.128231294152462,2026-09-16 07:31:37.022926,10.45
f32cf7cd-5ccd-4869-8372-6768b543fe76,14819,16,14,1,2,2.0,7.16,244,237,244_237,26.788800238224773,2026-09-16 07:31:37.022926,31.816666666666663
ad861d8b-8910-4cb0-87ad-05904c37da86,8636,9,9,1,4,1.0,5.79,75,113,75_113,27.484262692400094,2026-09-16 07:31:37.022926,28.583333333333332
67b4401f-8a1a-4a6d-9aa3-fc923bac7d1c,20678,18,19,1,0,1.0,1.43,41,24,41_24,9.232334448255749,2026-09-16 07:31:37.022926,11.666666666666666
94495b91-728f-44cb-a646-679608387e41,19481,15,18,1,6,2.0,0.84,66,33,66_33,6.159516599681494,2026-09-16 07:31:37.022926,5.8
2f2132aa-6761-4d46-b81e-29b2d9e90f2d,18021,22,16,1,4,1.0,7.72,181,230,181_230,31.650163536479553,2026-09-16 07:31:37.022926,26.5
1e043110-8cc4-43df-9dbc-25706f4afca6,267,9,1,1,3,1.0,6.71,74,138,74_138,17.150334781713326,2026-09-16 07:31:37.022926,12.366666666666667
4c0e51ff-4648-4d81-b74a-a68f108bf277,19156,8,19,1,0,1.0,1.88,74,263,74_263,11.345598299783283,2026-09-16 07:31:37.022926,8.083333333333334
49c426a2-8e0b-458c-ab1c-291f2d467b25,1063,11,2,1,4,1.0,2.48,74,238,74_238,13.433712331643536,2026-09-16 07:31:37.022926,11.316666666666666
3d78c383-8691-456e-94cc-68d3756b3acc,30495,16,28,1,2,1.0,2.43,82,138,82_138,16.403833028015725,2026-09-16 07:31:37.022926,11.1
4621f662-f053-4944-88d4-bcde5a7fb58d,20063,11,19,1,0,2.0,2.65,74,238,74_238,15.172782248822578,2026-09-16 07:31:37.022926,10.716666666666669
82ab3f12-2ea3-4d2b-bd99-6d59957ef56c,19044,1,18,1,6,1.0,9.12,74,200,74_200,19.15056101975108,2026-09-16 07:31:37.022926,20.566666666666663
b0f2520b-66b6-463d-8293-fcc2abb64e0a,19401,14,18,1,6,2.0,2.0,41,116,41_116,11.327525451302124,2026-09-16 07:31:37.022926,13.466666666666669
8d971f36-062a-4527-a160-311b24b75e37,28254,20,26,1,0,1.0,0.0,75,75,75_75,5.842915484790183,2026-09-16 07:31:37.022926,3.1666666666666665
bb78593f-fa62-4156-a935-e3fb2dd9d9d9,23977,11,22,1,3,1.0,0.67,42,42,42_42,5.047659178004939,2026-09-16 07:31:37.022926,3.716666666666667
c5d6a1f2-b82c-407b-ad7a-e9c8f8aff21d,15314,21,14,1,2,1.0,1.52,75,263,75_263,8.948284842297388,2026-09-16 07:31:37.022926,7.766666666666667
bb904042-9d7f-4805-99b2-a41e5e0e30ae,17921,20,16,1,4,1.0,2.29,33,195,33_195,12.463690523801082,2026-09-16 07:31:37.022926,11.8
f6f98cd3-0b51-41a6-8661-74f44c8ce4d5,28676,10,27,1,1,1.0,1.3,244,243,244_243,11.841364065982106,2026-09-16 07:31:37.022926,8.816666666666666
768a9e2c-3da3-43fa-bbcc-3e07a5af30ca,25410,12,23,1,4,6.0,2.42,168,75,168_75,16.251019660169224,2026-09-16 07:31:37.022926,13.833333333333334
3351a6ed-cfd6-4823-ad8a-6f8affd3de38,7037,20,7,1,2,1.0,1.3,74,75,74_75,7.60484334961123,2026-09-16 07:31:37.022926,8.05
642f86f3-9da5-4375-abda-0b14fc58d6ab,5301,14,6,1,1,1.0,4.48,33,49,33_49,24.997215391195493,2026-09-16 07:31:37.022926,22.816666666666663
fd441396-bcb1-4156-bd8b-fd78a90a3d04,4331,16,5,1,0,1.0,2.9,75,143,75_143,17.592971987029795,2026-09-16 07:31:37.022926,19.216666666666665
fe5ed642-fb61-47b1-b692-37ae7ef17c4b,12854,22,12,1,0,1.0,0.79,95,95,95_95,5.159840250822585,2026-09-16 07:31:37.022926,4.9
9a070ceb-120d-48b2-ad83-b57788aa9b48,23787,8,22,1,3,1.0,2.25,74,236,74_236,17.363876982906895,2026-09-16 07:31:37.022926,40.416666666666664
972fe222-4bb1-469d-961e-f4f6d86d0b8d,2049,11,3,1,5,1.0,1.2,97,49,97_49,9.244951414764307,2026-09-16 07:31:37.022926,6.7
102956bb-0ff1-4750-a9b3-5e501339c247,2381,17,3,1,5,1.0,5.65,82,80,82_80,25.598838287510315,2026-09-16 07:31:37.022926,25.166666666666668
fc2d8ba7-43e3-427b-b51a-2a3c9f46b1cf,6164,9,7,1,2,1.0,1.29,75,42,75_42,8.283161110186866,2026-09-16 07:31:37.022926,4.966666666666667
c065a9ef-36ad-44ad-8948-f117027dc6cd,34345,15,31,1,5,2.0,4.4,33,79,33_79,22.84913247912838,2026-09-16 07:31:37.022926,28.5
8317867e-b0e7-40af-a491-21b0cb4fac22,22400,7,21,1,2,1.0,3.76,82,145,82_145,20.28170134267953,2026-09-16 07:31:37.022926,18.95
df17f675-a5ec-4c73-870c-b90c4725af64,18498,14,17,1,5,1.0,3.53,83,129,83_129,19.153262337066263,2026-09-16 07:31:37.022926,32.583333333333336
4ccd458e-98e5-4abc-9af7-85bfb61cff8a,9749,7,10,1,5,1.0,1.4,74,43,74_43,8.132351783442502,2026-09-16 07:31:37.022926,7.183333333333334
861a177c-0d45-4de0-94b7-ea5441dd0d23,30863,19,28,1,2,1.0,3.75,95,130,95_130,21.100282285572675,2026-09-16 07:31:37.022926,21.566666666666663
f6b83f06-3bd4-4cfa-90f5-8e9822bdd625,22418,7,21,1,2,1.0,1.27,74,75,74_75,10.711663891971563,2026-09-16 07:31:37.022926,10.183333333333334
9641beca-6ecd-45d3-9fee-dca02a3f9834,11346,17,11,1,6,1.0,0.99,75,236,75_236,6.662508742705765,2026-09-16 07:31:37.022926,6.3
b358c4f0-024c-4f2e-a1af-d7ede10042cc,28339,1,27,1,1,1.0,0.0,192,192,192_192,1.31033777747399,2026-09-16 07:31:37.022926,0.0833333333333333
f148b627-e49a-4660-807b-fc0fcd19cf1a,30714,18,28,1,2,1.0,2.6,42,167,42_167,20.11918592243154,2026-09-16 07:31:37.022926,24.983333333333334
cd1ed2df-f688-4706-b352-4e695399ce80,10546,20,10,1,5,1.0,1.23,166,238,166_238,6.8928103007932044,2026-09-16 07:31:37.022926,6.666666666666667
335daf08-eb93-42e2-9abe-b40561927a27,23417,20,21,1,2,1.0,4.4,130,191,130_191,19.31308292552593,2026-09-16 07:31:37.022926,21.65
7709b0f2-e1e4-4bc5-bf60-1c306acf300c,31586,13,29,1,3,1.0,1.06,74,75,74_75,11.979410209502888,2026-09-16 07:31:37.022926,7.933333333333334
f38c00d1-07b2-4b3b-9e0f-3f1aad46b41b,19720,20,18,1,6,1.0,1.18,75,151,75_151,7.0786965648854725,2026-09-16 07:31:37.022926,6.733333333333333
294acf45-6254-46a8-9529-564990762e14,10953,11,11,1,6,1.0,0.66,41,42,41_42,4.203824504882381,2026-09-16 07:31:37.022926,5.333333333333333
27ee6a47-ad66-4cfb-9a1f-0e3bc4634620,30418,16,28,1,2,1.0,6.76,129,192,129_192,33.28292465899435,2026-09-16 07:31:37.022926,18.666666666666668
80347a56-cb3f-4623-8ab8-f784dcbc71c0,30068,11,28,1,2,1.0,2.24,74,263,74_263,21.09894581713435,2026-09-16 07:31:37.022926,27.2
ffc8ea34-f17b-4ebd-b470-19229eec76c3,24426,16,22,1,3,2.0,0.64,75,75,75_75,5.745419149467811,2026-09-16 07:31:37.022926,6.716666666666667
2dfc28b3-5eca-4fbc-bc2a-d438f646a5da,17458,15,16,1,4,1.0,2.03,74,166,74_166,15.22523602079027,2026-09-16 07:31:37.022926,20.533333333333335
e1c79f60-31cf-4868-a599-feede9748bfd,10948,10,11,1,6,1.0,0.81,42,41,42_41,5.196958346774815,2026-09-16 07:31:37.022926,3.7
c1dd3466-aab4-42d9-a911-b6cc56c7a750,27822,9,26,1,0,1.0,2.93,74,237,74_237,16.98212852563779,2026-09-16 07:31:37.022926,15.666666666666666
9725b8ea-0b84-40b8-8811-5ab30bd1c824,6599,15,7,1,2,1.0,4.89,244,238,244_238,19.169741279944965,2026-09-16 07:31:37.022926,15.733333333333333
d253eace-dda5-427e-a53c-487594515bcf,16902,8,16,1,4,1.0,2.77,74,239,74_239,17.951786661377152,2026-09-16 07:31:37.022926,17.9
8a19be37-d841-4fbc-a31e-3033c3780bdf,1365,16,2,1,4,1.0,1.2,43,262,43_262,9.04628034101227,2026-09-16 07:31:37.022926,7.05
da5a0fd6-385d-4f8a-8b8a-9bcbf6131261,5106,11,6,1,1,1.0,0.61,130,130,130_130,4.83722645134425,2026-09-16 07:31:37.022926,5.1
38f825d4-950b-4b3c-a49d-5dcfff76e6b0,26964,15,24,1,5,2.0,2.72,74,238,74_238,15.647335607896279,2026-09-16 07:31:37.022926,15.1
e276725e-0399-45c6-a97e-b967f90cc01f,24263,14,22,1,3,1.0,2.3,74,236,74_236,17.842949400640837,2026-09-16 07:31:37.022926,19.2
7f40c06d-5664-4ed6-947a-ce3924fb3269,32011,17,29,1,3,2.0,0.77,83,129,83_129,8.436567267844259,2026-09-16 07:31:37.022926,8.816666666666666
77a497d5-d2ea-4dd6-bfbe-980b757a71dc,16317,17,15,1,3,1.0,5.48,65,112,65_112,27.136741158989814,2026-09-16 07:31:37.022926,44.36666666666667
51ec2229-dd76-4937-87a4-2c1646df7d60,31506,11,29,1,3,6.0,2.69,75,140,75_140,32.01585842119569,2026-09-16 07:31:37.022926,52.983333333333334
4866032b-139c-4fed-b645-1fc4d1b7e898,19237,10,18,1,6,1.0,2.48,74,238,74_238,11.963810261794691,2026-09-16 07:31:37.022926,9.1
51761d0b-e3c2-4b29-91f9-dfb795dcb3b0,25993,18,23,1,4,1.0,2.21,74,236,74_236,15.102984607959922,2026-09-16 07:31:37.022926,15.5
4c834fe4-d5bd-4976-ae3f-850d2224f04c,7754,15,8,1,3,1.0,5.12,134,92,134_92,22.453890238649798,2026-09-16 07:31:37.022926,19.8
fc8c397f-1068-4e80-b4b8-fc37cfac826b,24836,20,22,1,3,2.0,0.96,260,129,260_129,7.113972194690527,2026-09-16 07:31:37.022926,7.716666666666667
f7f4b3c3-6992-44d1-b28c-0e9e29dee235,723,20,1,1,3,1.0,0.67,33,52,33_52,4.501744808236622,2026-09-16 07:31:37.022926,3.1666666666666665
643e9f6b-bf82-4528-aba9-88ac71ceda97,28771,11,27,1,1,1.0,3.61,129,138,129_138,14.372212883449123,2026-09-16 07:31:37.022926,10.266666666666667
43455dde-cc7f-4387-a998-0a5b92fdb2d9,19640,17,18,1,6,1.0,1.83,130,134,130_134,10.809122631872459,2026-09-16 07:31:37.022926,8.1
2ec85ba7-7eea-46e6-821c-b4911c90d6ab,32749,9,30,1,4,1.0,2.15,41,116,41_116,17.70208703732793,2026-09-16 07:31:37.022926,15.083333333333334
c7f9854d-df30-4352-9723-1ede1a0d2fa6,25226,9,23,1,4,1.0,2.0,24,75,24_75,13.381614745266416,2026-09-16 07:31:37.022926,10.333333333333334
6aa0b440-1e73-4824-af7d-8b25ef64bd79,22268,0,21,1,2,1.0,2.97,130,219,130_219,12.427972197588304,2026-09-16 07:31:37.022926,13.05
e241ed43-42cd-4460-89eb-6e2a63a1325f,10267,16,10,1,5,1.0,10.91,66,263,66_263,39.33309703829973,2026-09-16 07:31:37.022926,42.43333333333333
32b713cf-ea8c-492e-8bad-2e34922ba16e,15513,6,15,1,3,1.0,3.09,75,116,75_116,12.95257950112924,2026-09-16 07:31:37.022926,10.766666666666667
dfca7b1f-c87f-4f8a-b7ba-0a4368a2e2df,8587,9,9,1,4,1.0,1.6,75,166,75_166,11.660069605960176,2026-09-16 07:31:37.022926,8.95
bddf8c6d-5292-4067-8082-125be46b8ecf,26826,13,24,1,5,1.0,2.64,74,262,74_262,14.042194556006292,2026-09-16 07:31:37.022926,9.183333333333334
a45a3a20-2c7e-4e72-b442-40df42166bfd,557,17,1,1,3,1.0,2.26,74,151,74_151,11.255304166994215,2026-09-16 07:31:37.022926,12.133333333333333
a928e870-7598-4424-accf-2b510d7aa35f,15489,7,15,1,3,1.0,1.4,74,75,74_75,10.871171704988818,2026-09-16 07:31:37.022926,9.1
6af5f510-b9d2-4c89-b179-d504bab9d386,23248,17,21,1,2,5.0,1.07,95,95,95_95,8.3296375978272,2026-09-16 07:31:37.022926,6.85
14384d63-31d9-4a88-9630-cc7771bfc50c,21740,16,20,1,1,1.0,1.87,129,160,129_160,20.36864242129848,2026-09-16 07:31:37.022926,16.883333333333333
4861334c-9b55-4d59-b9bb-83155692a700,4324,16,5,1,0,2.0,3.16,95,102,95_102,19.870613555460782,2026-09-16 07:31:37.022926,26.683333333333337
331e776d-5ce1-4d39-8104-5ce9709151d7,27186,17,24,1,5,1.0,1.71,166,239,166_239,9.97534079704391,2026-09-16 07:31:37.022926,10.016666666666667
b5ccc9ff-abd4-4932-9ce5-7f67db65622e,29090,16,27,1,1,1.0,1.52,75,238,75_238,15.069098390422976,2026-09-16 07:31:37.022926,10.833333333333334
6f377b73-8bde-4939-aeab-ddc4dd584cd9,31947,17,29,1,3,1.0,0.8,75,238,75_238,8.03362975231075,2026-09-16 07:31:37.022926,4.883333333333334
ad10f315-adc8-4850-aa38-b175b5a1f467,18077,0,17,1,5,1.0,0.14,264,264,264_264,-0.295665396031452,2026-09-16 07:31:37.022926,2.0833333333333335
a8f036f6-9faa-45ea-9db0-94a96fd18708,8660,10,9,1,4,1.0,3.65,74,140,74_140,22.052007432307562,2026-09-16 07:31:37.022926,12.133333333333333
977bb063-9188-4d14-aa12-e24fe6574a12,28079,17,26,1,0,1.0,0.72,130,130,130_130,7.3914351987314575,2026-09-16 07:31:37.022926,9.033333333333331
ff400e46-570a-475c-8314-48f8f1cd1434,26860,13,24,1,5,1.0,2.15,74,263,74_263,12.202439306825113,2026-09-16 07:31:37.022926,9.933333333333334
2125262b-c892-4275-b776-4fa641fa25eb,33785,22,30,1,4,1.0,2.75,74,238,74_238,15.338897357554934,2026-09-16 07:31:37.022926,9.15
cfe97cde-ac2e-4a86-b036-ad35579e70bc,19215,10,18,1,6,1.0,3.01,74,141,74_141,13.879217475971616,2026-09-16 07:31:37.022926,12.733333333333333
e656665e-4cb0-45ef-afc7-62b66aa2c538,31566,13,29,1,3,2.0,1.02,74,75,74_75,11.922509373064782,2026-09-16 07:31:37.022926,7.916666666666667
61072477-e899-4e57-bf30-ba96e3c967ac,25632,15,23,1,4,1.0,1.6,75,238,75_238,13.242912497387264,2026-09-16 07:31:37.022926,11.083333333333334
7fa1c653-d839-44de-9fd8-43648ef5ae7d,2469,18,3,1,5,1.0,1.22,74,41,74_41,7.522939331440943,2026-09-16 07:31:37.022926,5.416666666666667
6b9fbbdf-9ad3-428a-bf11-816514adff05,23985,11,22,1,3,1.0,2.88,74,238,74_238,19.722427860173248,2026-09-16 07:31:37.022926,18.2
81698621-518d-43ef-a9f8-a88494fc6294,1703,20,2,1,4,1.0,2.84,74,237,74_237,13.594460674194142,2026-09-16 07:31:37.022926,9.816666666666666
21a66f7f-1a0f-4fc8-b44a-74cce9742667,23381,19,21,1,2,2.0,1.44,75,74,75_74,6.849955647156126,2026-09-16 07:31:37.022926,9.633333333333333
dc603b7b-d2a4-4afa-9918-ab143bda90b3,4789,7,6,1,1,1.0,2.65,74,262,74_262,17.52399546015897,2026-09-16 07:31:37.022926,15.766666666666667
c2811b75-713c-4821-92a2-7ad4f3f1ae7e,8261,20,8,1,3,5.0,0.94,75,236,75_236,5.966892107656768,2026-09-16 07:31:37.022926,6.05
ab2b7b7c-e69b-4fc5-b8ba-bf1ff7a346f7,14673,14,14,1,2,6.0,0.38,75,236,75_236,4.682362378035612,2026-09-16 07:31:37.022926,2.8
9cdbeae4-1f94-4a2c-8ee4-40ee08496053,22559,9,21,1,2,2.0,2.23,74,236,74_236,16.738314560754496,2026-09-16 07:31:37.022926,14.2
a6d28f1b-09a4-4fd7-92db-df5c6e57a982,16305,17,15,1,3,1.0,3.91,83,260,83_260,22.805617542923343,2026-09-16 07:31:37.022926,13.133333333333333
26f2d307-6bf6-4b76-9953-ee48ed602a5c,23491,21,21,1,2,1.0,1.28,74,41,74_41,7.614744451359396,2026-09-16 07:31:37.022926,10.266666666666667
96c15850-af50-4504-80e4-6121ebf92d3a,22839,13,21,1,2,1.0,2.75,129,28,129_28,17.44311417990306,2026-09-16 07:31:37.022926,33.1
7abcfd70-fd56-4134-a92d-4306a0a73772,8304,21,8,1,3,1.0,8.85,95,101,95_101,22.217739066963443,2026-09-16 07:31:37.022926,17.766666666666666
13df643f-6068-4725-86bd-e05521721d07,15967,13,15,1,3,1.0,1.62,43,263,43_263,13.703973036761115,2026-09-16 07:31:37.022926,17.2
10af6baa-71fd-4bac-b08b-a21f424a89ee,26784,12,24,1,5,1.0,1.22,43,75,43_75,7.905604452147892,2026-09-16 07:31:37.022926,7.15
4ce8ab72-6bff-4e07-bfa0-9484d90d03f6,18206,8,17,1,5,1.0,1.35,74,41,74_41,8.364652461352106,2026-09-16 07:31:37.022926,7.7
dbdfc4d6-e4a6-4884-b13a-5148af0dbdaa,24517,17,22,1,3,1.0,0.3,75,75,75_75,4.495659610990867,2026-09-16 07:31:37.022926,2.95
023df870-ac64-476a-80f7-9578c6793a4a,16752,23,15,1,3,5.0,2.02,256,49,256_49,10.563387571297575,2026-09-16 07:31:37.022926,8.3
d61f8201-7721-408b-8207-5f0d8874b30e,30075,11,28,1,2,2.0,0.0,130,130,130_130,2.796764039245315,2026-09-16 07:31:37.022926,0.2166666666666666
a4761f20-4930-415c-884d-4d0533a60016,13742,16,13,1,1,1.0,1.16,166,152,166_152,7.727375617767627,2026-09-16 07:31:37.022926,5.25
533966ce-328a-4265-8717-9cb27302576b,13817,18,13,1,1,1.0,0.0,129,129,129_129,2.654813300247921,2026-09-16 07:31:37.022926,0.1166666666666666
98b55a97-3b9d-4f68-a9e9-3b724a61c571,31373,10,29,1,3,1.0,1.36,74,168,74_168,15.95287538411392,2026-09-16 07:31:37.022926,10.866666666666667
fef91a8f-5dfc-44ea-a2ab-38353b7daa74,8016,18,8,1,3,1.0,2.2,74,263,74_263,14.71998949010266,2026-09-16 07:31:37.022926,15.233333333333333
6f42e7f2-04aa-40bf-8767-f4ed4d5ecb2b,21302,10,20,1,1,2.0,4.0,130,93,130_93,15.992738089387927,2026-09-16 07:31:37.022926,9.566666666666666
a6e870ce-12aa-4528-9307-a6825b25bb11,15043,18,14,1,2,1.0,1.66,43,41,43_41,10.985341925799423,2026-09-16 07:31:37.022926,14.333333333333334
d4825a50-50d1-4ad9-b88d-6ea80055d9c2,27886,12,26,1,0,1.0,1.8,75,237,75_237,14.573395774062105,2026-09-16 07:31:37.022926,12.45
a20a940e-9fb0-425c-8417-78247d874d34,28002,16,26,1,0,1.0,1.37,83,157,83_157,8.825338633037106,2026-09-16 07:31:37.022926,12.866666666666667
8af9cab5-6058-4aa4-bcce-85a5ccf816d6,30596,17,28,1,2,1.0,3.28,244,41,244_41,16.683701908684444,2026-09-16 07:31:37.022926,25.0
cd13cb00-dae8-46fd-ba34-fa319c9af924,20173,13,19,1,0,1.0,3.93,129,95,129_95,20.10722361674342,2026-09-16 07:31:37.022926,23.25
bcddc054-9468-4f88-a891-a12f6dd7fa21,3932,11,5,1,0,2.0,0.0,97,181,97_181,2.1622783036343693,2026-09-16 07:31:37.022926,10.25
4095673b-4f28-4973-b56f-d9147cd842d7,7725,14,8,1,3,1.0,1.26,33,40,33_40,10.256102777277665,2026-09-16 07:31:37.022926,10.766666666666667
21730921-86d0-4892-9423-f4b2904da0da,5360,15,6,1,1,6.0,1.6,75,151,75_151,12.768869362347065,2026-09-16 07:31:37.022926,15.366666666666667
172e523c-dad5-41fd-8190-63fedc26074d,14528,12,14,1,2,1.0,2.03,43,163,43_163,15.326843208989484,2026-09-16 07:31:37.022926,21.733333333333334
d46fbdbc-d662-4361-9246-d1bae3cf7c67,10010,13,10,1,5,1.0,1.13,82,83,82_83,7.311818622532698,2026-09-16 07:31:37.022926,7.15
14a4fb55-8264-4c84-afdf-cccf48b6bf06,14312,9,14,1,2,1.0,2.78,74,238,74_238,18.37187282002781,2026-09-16 07:31:37.022926,22.233333333333334
630a925d-0681-41db-b3b4-2fda09f3500d,25187,9,23,1,4,2.0,1.01,97,181,97_181,9.326411531820957,2026-09-16 07:31:37.022926,10.516666666666667
8e195658-d30f-4663-b288-b3bfaa105791,30040,11,28,1,2,2.0,0.29,135,135,135_135,4.266404645367732,2026-09-16 07:31:37.022926,9.7
92ee5566-3b99-4e09-b159-b59dc8432619,25027,21,16,1,4,1.0,0.0,92,92,92_92,2.109181678356259,2026-09-16 07:31:37.022926,0.0833333333333333
95b7c467-31e6-4bec-b1f2-e0072fdd7c4e,1848,0,3,1,5,1.0,0.44,129,260,129_260,2.8694239237071724,2026-09-16 07:31:37.022926,3.5833333333333335
912c7be0-48f5-42b0-84c8-69f8e34c0e52,19379,13,18,1,6,2.0,2.4,166,143,166_143,12.735122033915069,2026-09-16 07:31:37.022926,15.233333333333333
a2500cda-6cdf-4428-ae95-123fbff149c2,6925,19,7,1,2,2.0,3.0,75,143,75_143,16.99075301087708,2026-09-16 07:31:37.022926,15.4
1903f7ef-23ca-4e89-9d87-c9685370cd3c,6205,10,7,1,2,1.0,1.83,74,263,74_263,13.221231948820929,2026-09-16 07:31:37.022926,12.333333333333334
af6bc7ea-3c04-4711-9303-2e5f0b6da5f4,146,2,1,1,3,2.0,2.16,74,264,74_264,10.706168773108958,2026-09-16 07:31:37.022926,0.05
191abe47-5210-41de-aad3-6c8070af7b07,26319,22,23,1,4,1.0,1.77,43,42,43_42,9.840171210499248,2026-09-16 07:31:37.022926,9.783333333333331
567ec072-053e-40e8-88ad-284c9c959dfb,5550,17,6,1,1,1.0,1.14,41,116,41_116,8.91445872749675,2026-09-16 07:31:37.022926,7.716666666666667
3900b1ba-18ca-46d5-adaa-dbaf92d6b4d4,4950,9,6,1,1,1.0,1.94,95,134,95_134,13.112087435467416,2026-09-16 07:31:37.022926,13.583333333333334
f24544cc-a78c-4076-863c-fbb70f224c1f,15669,9,15,1,3,1.0,3.61,74,163,74_163,26.076830128276825,2026-09-16 07:31:37.022926,37.416666666666664
04844ce5-ccc1-47f7-ab26-3468d075ed71,20684,19,19,1,0,1.0,0.61,97,25,97_25,6.341516376367532,2026-09-16 07:31:37.022926,5.783333333333333
b6e70a99-1d9e-4b0f-80ef-3fd44cb6acc5,8487,7,9,1,4,1.0,3.3,166,237,166_237,17.596605380234532,2026-09-16 07:31:37.022926,16.85
f7e0b612-1e71-417d-9462-9fa132f7f4f2,25241,10,23,1,4,1.0,0.7,41,41,41_41,5.670525677285114,2026-09-16 07:31:37.022926,5.216666666666667
f9f1c8f8-2821-400a-ae66-0e3a0f15aa99,21734,16,20,1,1,1.0,0.31,41,41,41_41,3.4856541906386176,2026-09-16 07:31:37.022926,5.3
1ead724a-8684-4326-99ae-2fab8c26c0f8,8033,19,8,1,3,1.0,0.76,223,223,223_223,5.374429260085795,2026-09-16 07:31:37.022926,5.05
445a1632-297c-40e6-98c9-2322d1c0f5a7,6226,10,7,1,2,1.0,3.52,74,244,74_244,21.060113110165485,2026-09-16 07:31:37.022926,22.383333333333333
5dd77638-459e-4f5b-ba5e-3a15d809b627,20107,11,19,1,0,2.0,0.82,75,74,75_74,4.246596706491337,2026-09-16 07:31:37.022926,6.333333333333333
2d53e882-151b-46e1-a24d-c592d49dc3e1,15858,12,15,1,3,1.0,1.51,75,74,75_74,10.25495112031312,2026-09-16 07:31:37.022926,9.466666666666669
643ba0ca-2977-42c5-925f-be9d82586171,1476,17,2,1,4,1.0,2.36,74,263,74_263,13.187606503865126,2026-09-16 07:31:37.022926,16.05
e48ee3bb-9cab-4bdc-b299-f25d92c3d97a,16951,8,16,1,4,1.0,1.65,74,75,74_75,12.71358355950961,2026-09-16 07:31:37.022926,9.183333333333334
01a7122e-b4f2-40c8-b9b7-91236ea6e6a6,23570,23,21,1,2,1.0,3.06,75,161,75_161,16.324490517836836,2026-09-16 07:31:37.022926,13.0
67b74d32-6463-4231-b5b9-014c4f74b290,28761,12,27,1,1,2.0,0.9,264,41,264_41,8.96546224462934,2026-09-16 07:31:37.022926,8.166666666666666
ccc731b8-aa56-4dfb-87df-1b01505f17b3,19017,1,18,1,6,1.0,0.5,255,112,255_112,3.4073166732332254,2026-09-16 07:31:37.022926,2.283333333333333
c718e514-46ab-46ad-85cc-ab99317d2aee,23273,18,21,1,2,1.0,1.52,134,197,134_197,10.147924596526023,2026-09-16 07:31:37.022926,9.566666666666666
b0cb552f-39ff-4f3f-96ce-7678736e2da7,17315,14,16,1,4,1.0,3.59,82,138,82_138,10.6542513341962,2026-09-16 07:31:37.022926,10.316666666666666
5b894d66-fc39-40f0-8213-51ca8bdcf947,21422,12,20,1,1,1.0,6.5,74,138,74_138,14.878159970278263,2026-09-16 07:31:37.022926,14.783333333333331
2a248090-cc9b-4224-ac39-3b8434be4eda,5641,18,6,1,1,1.0,1.52,82,129,82_129,11.935578561764446,2026-09-16 07:31:37.022926,19.416666666666668
f7c293a3-a2fc-47cd-952d-ea1464102b44,4501,18,5,1,0,1.0,1.37,75,262,75_262,8.860432525136032,2026-09-16 07:31:37.022926,11.116666666666667
7e64a37b-9ec9-4c91-a24d-748355e659b9,10672,23,10,1,5,1.0,0.37,112,112,112_112,3.296401580614396,2026-09-16 07:31:37.022926,2.683333333333333
c5637c8a-fb18-4b1a-83fc-a7281a26e0ac,31200,8,29,1,3,1.0,1.08,74,74,74_74,10.902960474106566,2026-09-16 07:31:37.022926,25.4
227905bb-439b-46ef-be05-d18631d9483b,9392,19,9,1,4,1.0,2.28,43,142,43_142,12.793510623245359,2026-09-16 07:31:37.022926,11.566666666666666
38efa90e-e5f5-4bfd-b5a1-307e8db45f99,13951,20,13,1,1,1.0,2.83,216,132,216_132,12.78654043853343,2026-09-16 07:31:37.022926,9.666666666666666
f6bae71a-b2a7-4f3b-bfc5-20274574ac8d,8115,18,8,1,3,1.0,1.16,74,41,74_41,8.146810601568827,2026-09-16 07:31:37.022926,9.1
c52547aa-acfe-4f08-817c-cf1fc89830ae,509,16,1,1,3,1.0,2.99,74,238,74_238,15.984127019477986,2026-09-16 07:31:37.022926,11.666666666666666
d09335d4-1811-42ad-b029-fa8b46573c61,17426,15,16,1,4,1.0,0.7,41,74,41_74,6.105525471117266,2026-09-16 07:31:37.022926,6.266666666666667
7bb18d71-dd79-40b0-845c-5dee7f5cb55e,13407,14,13,1,1,1.0,2.3,74,151,74_151,17.33345017418148,2026-09-16 07:31:37.022926,14.466666666666669
22ad43c1-3706-46de-a326-902d07fec5c3,18828,20,17,1,5,1.0,2.14,75,239,75_239,11.727291252662873,2026-09-16 07:31:37.022926,8.6
6f771a6e-ab9d-499f-8dd8-ff46f91eacfe,29125,16,27,1,1,1.0,0.0,92,92,92_92,2.640362095754513,2026-09-16 07:31:37.022926,0.1166666666666666
b8149046-9b58-41cc-bad8-613fe40acc05,21792,16,20,1,1,6.0,0.79,75,238,75_238,6.414682443020822,2026-09-16 07:31:37.022926,6.45
eb2f5092-e540-4d53-90f6-fd29191fcf93,33899,2,31,1,5,1.0,5.05,112,79,112_79,17.948234288340245,2026-09-16 07:31:37.022926,24.5
ce37c85f-6a16-433f-b587-e3c0380c5a67,15626,9,15,1,3,1.0,0.94,74,43,74_43,8.05122492566557,2026-09-16 07:31:37.022926,6.166666666666667
aa905e9a-45db-49a0-8c38-e634fbd1bf8c,6689,16,7,1,2,1.0,1.94,74,116,74_116,14.178322447757802,2026-09-16 07:31:37.022926,16.366666666666667
4c340040-f4e1-4231-92e5-b4edb8f3b022,14947,17,14,1,2,1.0,0.71,7,7,7_7,6.1053092471051436,2026-09-16 07:31:37.022926,10.8
abe4cfcb-7a88-44da-846d-87346a168d6a,25127,8,23,1,4,1.0,2.53,74,238,74_238,17.22281564301717,2026-09-16 07:31:37.022926,14.4
952b6ccb-902f-4046-a527-23ff479d8294,1013,11,2,1,4,1.0,0.97,41,42,41_42,5.966540360531934,2026-09-16 07:31:37.022926,4.566666666666666
ebdb31f7-ebab-4e46-8b6a-dabc662d7e3c,28532,9,27,1,1,1.0,3.85,166,140,166_140,43.64047861746424,2026-09-16 07:31:37.022926,44.516666666666666
ad98b808-6d4d-4663-b8f0-21176ae52038,17253,13,16,1,4,1.0,8.1,41,249,41_249,30.409343427641264,2026-09-16 07:31:37.022926,42.68333333333333
bad7d599-db76-4376-bdd0-0112c93004ee,12141,13,12,1,0,1.0,5.37,166,246,166_246,21.25942788715525,2026-09-16 07:31:37.022926,21.016666666666666
c34473a2-73a8-46df-b243-b17428c91136,33688,20,30,1,4,1.0,0.0,126,213,126_213,3.107356828178771,2026-09-16 07:31:37.022926,5.4
08144637-2a61-416e-9995-fa6019d328fc,18248,9,17,1,5,1.0,1.3,41,166,41_166,7.726844362226023,2026-09-16 07:31:37.022926,7.65
b3be76d8-e200-4056-bd82-bfd1d1984077,12225,14,12,1,0,1.0,1.59,41,42,41_42,11.402467554596088,2026-09-16 07:31:37.022926,7.166666666666667
f227a7b3-3018-4098-aac2-cc81459135c1,25833,17,23,1,4,1.0,1.91,74,236,74_236,14.116460549945353,2026-09-16 07:31:37.022926,13.066666666666666
3dfb7bcc-82bb-43b8-80b4-81bdc1e6b762,30995,22,28,1,2,1.0,0.0,29,264,29_264,0.31820533742621004,2026-09-16 07:31:37.022926,0.05
75d3135a-6525-4537-99da-8c4352ee9b10,32609,7,30,1,4,1.0,1.64,74,152,74_152,16.07466694831495,2026-09-16 07:31:37.022926,11.133333333333333
7e1036fc-153d-409b-8448-4028125763b8,13291,12,13,1,1,1.0,0.73,166,42,166_42,5.560851842527942,2026-09-16 07:31:37.022926,4.616666666666666
a1ba63f5-6d8c-4810-8ce0-42b63752a6a0,9497,20,9,1,4,1.0,2.42,97,181,97_181,15.311012421850034,2026-09-16 07:31:37.022926,15.883333333333333
a0a8d54e-da1c-4859-8127-5e59102a4f16,30916,20,28,1,2,1.0,2.86,130,205,130_205,17.032774580515664,2026-09-16 07:31:37.022926,16.383333333333333
14550be9-5f54-479d-8e87-3983d546e255,14944,17,14,1,2,1.0,1.2,75,238,75_238,8.693241645190717,2026-09-16 07:31:37.022926,10.216666666666669
e56dc240-573b-4515-acc3-a6d629a19fa5,3579,5,5,1,0,1.0,2.43,74,236,74_236,11.204564126233324,2026-09-16 07:31:37.022926,8.383333333333333
11c9f8dd-05b4-4c4a-87d7-53385e59ef4b,21512,13,20,1,1,1.0,6.63,244,162,244_162,23.803754093640737,2026-09-16 07:31:37.022926,26.85
2a4b722d-47b8-4bc6-a7ae-78d95bd3e631,15098,18,14,1,2,1.0,7.0,74,138,74_138,18.265269281996382,2026-09-16 07:31:37.022926,15.533333333333331
f497d3a6-2057-4501-8603-ac7eb5919754,25999,18,23,1,4,1.0,2.29,74,238,74_238,16.074568401689707,2026-09-16 07:31:37.022926,16.5
c98cfb8c-90e8-4acb-87dc-ad79f60d8be1,31194,8,29,1,3,2.0,2.93,74,237,74_237,31.987024236031527,2026-09-16 07:31:37.022926,38.93333333333333
f76c96e0-dbe0-4a6a-bbef-b50f84ff70ff,29690,6,28,1,2,1.0,2.97,74,238,74_238,20.306204031937344,2026-09-16 07:31:37.022926,14.416666666666666
2fdf7704-92cb-4f0a-83b1-c08b196c29a0,30565,17,28,1,2,1.0,0.8,75,74,75_74,8.214585811313224,2026-09-16 07:31:37.022926,7.1
a574be6f-09eb-433d-97b7-016b546f82f1,29886,9,28,1,2,1.0,2.89,74,262,74_262,24.91781943914167,2026-09-16 07:31:37.022926,30.666666666666668
71759119-64db-4e5e-b01e-1226436802b8,31236,8,29,1,3,1.0,1.49,74,75,74_75,21.82906200788592,2026-09-16 07:31:37.022926,25.783333333333335
e0fdc1d3-6a35-4fc5-a562-8bae31a14f1a,15200,19,14,1,2,1.0,1.71,25,40,25_40,10.72799513023255,2026-09-16 07:31:37.022926,14.05
30ddcd7c-0c95-48d6-8f43-e72b4a303a26,12079,13,12,1,0,1.0,0.0,102,9,102_9,2.6942240482844415,2026-09-16 07:31:37.022926,40.5
5ba2f978-a988-4e4d-9b59-77ad15c35aa8,10164,15,10,1,5,2.0,3.27,43,168,43_168,20.96889606824918,2026-09-16 07:31:37.022926,20.1
eb232782-526c-4adb-950c-017905cddb3b,20133,12,19,1,0,2.0,2.64,129,70,129_70,8.378529134315459,2026-09-16 07:31:37.022926,6.1
eafaf143-4331-4537-8e15-db196b349d71,33273,16,30,1,4,1.0,1.8,236,237,236_237,20.091789000930866,2026-09-16 07:31:37.022926,19.283333333333335
8284ffdc-ef3e-4cf0-9b3b-7b8dda897d63,21426,12,20,1,1,1.0,1.93,82,95,82_95,13.336064688892591,2026-09-16 07:31:37.022926,9.966666666666669
bb19f970-ff3b-4cb0-b833-8790bae6de78,4869,8,6,1,1,1.0,1.72,24,48,24_48,14.915114322724818,2026-09-16 07:31:37.022926,17.55
6f08cde6-6b20-40bd-af2f-28eab0234794,12578,18,12,1,0,1.0,0.68,75,263,75_263,5.387244640321387,2026-09-16 07:31:37.022926,1.95
9f82b438-bc29-4bb7-b40d-d4791f7b06c8,10662,23,10,1,5,1.0,1.43,47,119,47_119,7.43809360360189,2026-09-16 07:31:37.022926,8.8
417bcf47-6521-4042-b532-c670199e3bd0,25743,15,23,1,4,5.0,2.44,74,236,74_236,18.52583892946816,2026-09-16 07:31:37.022926,13.816666666666666
3d888921-d51c-4f4c-8afc-f8e1b3bd428f,32150,18,29,1,3,1.0,2.07,42,119,42_119,16.13808987768643,2026-09-16 07:31:37.022926,21.583333333333332
dcb20c15-96a8-4cf9-a1da-990c70262558,21854,17,20,1,1,1.0,1.22,43,263,43_263,10.089510610081463,2026-09-16 07:31:37.022926,9.35
79782946-5cc9-4917-bf41-35a3380b817a,14856,16,14,1,2,1.0,0.85,166,238,166_238,5.188154043241992,2026-09-16 07:31:37.022926,8.016666666666667
8f7f2033-0b99-4a50-8966-6ec956baedc7,19316,12,18,1,6,1.0,0.73,74,42,74_42,5.136289716167159,2026-09-16 07:31:37.022926,5.6
89c6ee65-0d78-4a16-9b0a-875047f711df,8591,9,9,1,4,1.0,1.72,75,236,75_236,12.451712519984353,2026-09-16 07:31:37.022926,12.85
10ca63b5-6df7-46c5-b209-d5585b44867e,33329,17,30,1,4,1.0,0.0,145,145,145_145,3.4671416704096245,2026-09-16 07:31:37.022926,0.1166666666666666
87b0796e-fe9c-46bc-991d-67cf7b4a1f9c,3806,9,5,1,0,1.0,10.01,89,125,89_125,42.85320160677228,2026-09-16 07:31:37.022926,43.06666666666667
695c21fc-73b9-4a70-8462-52d92102f8f1,31800,16,29,1,3,1.0,2.0,74,151,74_151,19.858920381696002,2026-09-16 07:31:37.022926,22.583333333333332
8e821d72-d409-422a-a424-ae01270bf674,32675,8,30,1,4,1.0,6.1,166,128,166_128,27.74114935743342,2026-09-16 07:31:37.022926,29.4
4cb844bf-1d3d-4650-8ae0-498895b814c0,29610,23,27,1,1,1.0,2.56,152,244,152_244,11.209705822826265,2026-09-16 07:31:37.022926,21.483333333333334
e1b490d9-e65b-4a00-91a7-8fa7d9f7a6cd,26284,21,23,1,4,1.0,1.37,97,97,97_97,14.514800578385715,2026-09-16 07:31:37.022926,17.583333333333332
d0b85009-6e5c-4435-8058-1865ae6936b4,13084,9,13,1,1,1.0,3.39,74,239,74_239,21.37014646313891,2026-09-16 07:31:37.022926,17.15
c24994cc-c78c-45ec-81ab-32f9c3ca3f2b,14341,9,14,1,2,1.0,1.37,74,43,74_43,11.310205056017946,2026-09-16 07:31:37.022926,7.916666666666667
de6dafc9-1312-4ad1-bd94-36111380dffe,20929,1,20,1,1,1.0,0.82,134,134,134_134,5.78501557028465,2026-09-16 07:31:37.022926,4.566666666666666
a9e35511-4023-49ad-8eab-9b9baaced838,2505,18,3,1,5,1.0,1.34,95,134,95_134,8.197363153317768,2026-09-16 07:31:37.022926,10.3
210e26e9-f7f8-4e26-bf26-d4d35d1ad95e,25136,8,23,1,4,1.0,6.04,33,170,33_170,24.905404822424153,2026-09-16 07:31:37.022926,15.9
606c9e03-d8ec-41aa-8ef5-dd193ef6ae01,2826,8,4,1,6,1.0,2.35,74,236,74_236,10.249789486358083,2026-09-16 07:31:37.022926,9.15
3d665afa-03c8-4e87-b334-d1eaa6a808a8,24247,14,22,1,3,2.0,1.5,75,264,75_264,11.96124976470486,2026-09-16 07:31:37.022926,13.083333333333334
f3eeae0e-5c29-4858-9aa8-08fe8ffa2a45,9784,9,10,1,5,1.0,2.12,74,24,74_24,10.753036528848007,2026-09-16 07:31:37.022926,12.566666666666666
403986c6-3442-4b2d-9b1a-d556d901ade5,8791,12,9,1,4,6.0,0.56,75,236,75_236,5.067980224188154,2026-09-16 07:31:37.022926,3.4833333333333334
e7de75d7-1a52-439a-b7d2-5f9147708c8e,20251,14,19,1,0,1.0,3.55,97,61,97_61,22.044897151749115,2026-09-16 07:31:37.022926,23.516666666666666
362d6399-b5c7-4153-870d-b76db6bb1917,30193,13,28,1,2,1.0,0.5,42,247,42_247,3.8812459302169353,2026-09-16 07:31:37.022926,3.4833333333333334
75eb9f99-1b9b-49b1-a785-9a314e7c50d2,11797,8,12,1,0,2.0,2.8,75,142,75_142,16.255797799923315,2026-09-16 07:31:37.022926,18.383333333333333
7ab31a7a-ec43-449a-ac11-92f669956fd6,20716,19,19,1,0,1.0,0.53,95,95,95_95,4.266973485556664,2026-09-16 07:31:37.022926,4.7
eeb2432f-dd3e-40b6-b70a-57e3116151ca,5158,12,6,1,1,2.0,0.0,74,74,74_74,1.8263281336087551,2026-09-16 07:31:37.022926,0.4166666666666667
e36a5d10-c0c2-477d-9d99-ff6e0f790f0f,22431,8,21,1,2,1.0,2.53,74,236,74_236,18.433861084638263,2026-09-16 07:31:37.022926,17.283333333333335
ab9e9741-d63c-42de-bf33-ccf7e5110f64,31151,7,29,1,3,1.0,1.61,78,242,78_242,14.63957548814597,2026-09-16 07:31:37.022926,12.983333333333333
bc8fba1b-6931-4e48-a836-88ee39fbfe2c,16356,17,15,1,3,6.0,1.89,75,41,75_41,13.936141207915364,2026-09-16 07:31:37.022926,13.2
71822811-bc56-45b0-ab04-67ac83c43118,13298,12,13,1,1,1.0,6.06,160,197,160_197,28.95926700752228,2026-09-16 07:31:37.022926,24.216666666666665
7c865b59-8405-4c0c-ac40-40441e61f575,17615,17,16,1,4,1.0,0.98,7,7,7_7,7.813952199079072,2026-09-16 07:31:37.022926,7.133333333333334
1dfe8f51-1e53-4cf0-8cbc-612e8303d61f,31511,12,29,1,3,1.0,0.27,75,236,75_236,6.511499528018379,2026-09-16 07:31:37.022926,5.266666666666667
b57257a7-6c67-4a0e-bcb5-356fffbc39e1,10031,13,10,1,5,1.0,2.91,75,162,75_162,20.13673052179159,2026-09-16 07:31:37.022926,14.483333333333333
91a7adad-4cb1-4ca7-bbe0-8dbe27617c7f,29617,23,27,1,1,1.0,0.04,74,264,74_264,12.847587371690064,2026-09-16 07:31:37.022926,0.0333333333333333
110cbe87-56bc-4779-b077-2e1e2b55c979,11492,19,11,1,6,1.0,2.47,74,262,74_262,13.72386967346695,2026-09-16 07:31:37.022926,10.416666666666666
451fbffd-1d01-4af2-83d1-f6e81a6360ef,29579,22,27,1,1,1.0,8.86,66,236,66_236,26.097740365770495,2026-09-16 07:31:37.022926,30.6
9e221845-1f6e-485f-8e2b-3cb43978f448,17835,19,16,1,4,1.0,8.1,75,13,75_13,30.839808523782917,2026-09-16 07:31:37.022926,32.3
5c9f5362-64f5-4618-9d35-a1c5857f41ac,15901,13,15,1,3,1.0,17.01,75,132,75_132,41.12902503436223,2026-09-16 07:31:37.022926,54.18333333333333
3a2189ee-547d-44b7-a07a-96511fc13225,17877,19,16,1,4,1.0,0.35,95,95,95_95,3.7251130265669827,2026-09-16 07:31:37.022926,3.183333333333333
18394745-277f-49e7-a757-de61e5d6f51f,27607,2,25,1,6,4.0,8.4,226,87,226_87,21.37593821707212,2026-09-16 07:31:37.022926,21.316666666666663
882984c1-9fe5-4d40-8865-da00c65fe87b,25867,17,23,1,4,6.0,1.37,43,263,43_263,13.1524118741594,2026-09-16 07:31:37.022926,8.733333333333333
81f72d0c-8adc-4178-9752-d0cc17ee2ef5,18153,3,17,1,5,1.0,0.95,25,189,25_189,6.0921159025376355,2026-09-16 07:31:37.022926,5.85
af5b26e8-3bca-45da-a4ed-5d9e0fe50d27,3571,5,5,1,0,1.0,6.13,179,246,179_246,20.19521109708126,2026-09-16 07:31:37.022926,22.083333333333332
ce2e32da-d5bf-47f3-ba6f-65752c418e33,4801,7,6,1,1,1.0,1.72,74,166,74_166,12.072867687558622,2026-09-16 07:31:37.022926,8.916666666666666
00fce250-bfbb-4e26-ae6d-e7fd40e11e6b,28468,8,27,1,1,1.0,1.0,210,29,210_29,9.210831258927065,2026-09-16 07:31:37.022926,11.716666666666669
ee73e083-66b1-4582-9bd5-bc72811d9857,18224,9,17,1,5,1.0,3.45,42,236,42_236,17.89211991984496,2026-09-16 07:31:37.022926,15.433333333333334
e4de164c-d5c9-4d9f-b5f7-f9131c13c3c0,218,5,1,1,3,1.0,5.37,80,65,80_65,18.487475730497096,2026-09-16 07:31:37.022926,17.15
6bd49174-7d06-42ff-af13-a4abf6727567,31074,2,29,1,3,1.0,0.0,83,264,83_264,0.38217045956807716,2026-09-16 07:31:37.022926,0.4666666666666667
760f6267-fc21-490a-893c-12bd695ec842,25020,6,23,1,4,1.0,1.3,74,75,74_75,8.768979890881507,2026-09-16 07:31:37.022926,7.9
56b7ecc8-a89d-4f7a-bc37-bed9f63050ad,440,15,1,1,3,1.0,1.34,74,152,74_152,8.203689107335189,2026-09-16 07:31:37.022926,8.25
5f1cc7d8-1741-469b-b83b-3e34825df83f,20827,21,19,1,0,1.0,1.14,7,179,7_179,6.646079880977994,2026-09-16 07:31:37.022926,7.0
d8146482-507b-4b54-a3b3-289f547d67ef,30644,17,28,1,2,1.0,3.01,134,98,134_98,22.167382704202627,2026-09-16 07:31:37.022926,17.133333333333333
331fa8db-47ac-4184-85e5-ccaf50b0f860,6675,16,7,1,2,1.0,2.78,74,237,74_237,19.485081064264868,2026-09-16 07:31:37.022926,20.1
b701c565-b635-4e06-b7f3-581193ca2e62,3037,13,4,1,6,1.0,0.51,41,75,41_75,5.236247073415039,2026-09-16 07:31:37.022926,4.533333333333333
6fe6353e-8dcf-4887-a87c-c598ae72fdda,5569,17,6,1,1,1.0,2.63,74,237,74_237,17.561653463146012,2026-09-16 07:31:37.022926,18.033333333333335
12a5bb14-e897-498d-8b93-49b6cd5d6c0b,30740,18,28,1,2,1.0,0.27,97,97,97_97,4.363361660216415,2026-09-16 07:31:37.022926,6.55
3f124168-a73f-44cd-984c-9d8a8562cd53,27517,23,24,1,5,1.0,1.28,74,166,74_166,7.494333378450511,2026-09-16 07:31:37.022926,6.633333333333334
53aa9d7f-261a-43b1-9dc0-2efb0d3376a2,31883,15,29,1,3,2.0,3.28,43,48,43_48,29.762804400982553,2026-09-16 07:31:37.022926,24.833333333333332
67001b04-aed6-40d0-b7a2-15a7ed58dfaf,1080,12,2,1,4,1.0,0.0,193,193,193_193,0.8574103883128136,2026-09-16 07:31:37.022926,2.9
c076a4bc-6358-47f8-b436-f3176b02dae9,4294,16,5,1,0,2.0,2.41,74,238,74_238,15.502080174816562,2026-09-16 07:31:37.022926,15.533333333333331
ea8a6548-07d3-4e92-99c7-dbb61104d8b1,917,8,2,1,4,1.0,1.71,130,130,130_130,9.9282449364795,2026-09-16 07:31:37.022926,9.85
5a805f7e-f3ae-4525-b7af-0d972b5274be,22536,9,21,1,2,1.0,3.9,74,140,74_140,22.096811320823832,2026-09-16 07:31:37.022926,27.866666666666667
6fe2a4f7-21d5-437c-a5ac-edcacdb7f59f,31416,11,29,1,3,1.0,2.25,41,262,41_262,18.464706899660534,2026-09-16 07:31:37.022926,18.066666666666663
fd6424d1-9ef2-4e72-ae7a-747b1ac7493f,23156,17,21,1,2,2.0,1.85,74,263,74_263,13.3897244089256,2026-09-16 07:31:37.022926,19.916666666666668
68f2c5bf-e9f6-4092-8123-e4931bd91cb1,16598,20,15,1,3,1.0,1.09,129,83,129_83,8.871287153109204,2026-09-16 07:31:37.022926,6.916666666666667
c565ec0f-95c1-440e-85a9-448414ef6e68,10051,13,10,1,5,1.0,3.29,41,141,41_141,18.41001830066419,2026-09-16 07:31:37.022926,19.65
e6851b71-4e1a-49ff-aa3c-8fcdfeb90772,22052,19,20,1,1,1.0,1.18,7,223,7_223,8.049511193090746,2026-09-16 07:31:37.022926,6.666666666666667
4a256bdd-72a8-4612-a874-116101135433,16948,8,16,1,4,2.0,20.38,244,132,244_132,45.124175547032124,2026-09-16 07:31:37.022926,45.2
259d07d4-5301-4394-a44e-f660bb2c1297,17885,20,16,1,4,1.0,3.36,236,233,236_233,17.32418591573723,2026-09-16 07:31:37.022926,20.05
0dddceab-ec88-4d14-aa36-50f333b87ee3,23488,21,21,1,2,1.0,1.66,75,262,75_262,9.735870434407015,2026-09-16 07:31:37.022926,9.683333333333334
26732991-4bcc-479c-a38b-67cceaefc1f3,10956,11,11,1,6,1.0,0.37,166,151,166_151,3.1780881342502267,2026-09-16 07:31:37.022926,2.6166666666666667
aea52898-b638-4248-9038-5f9641a4c9c1,15754,10,15,1,3,1.0,2.12,92,92,92_92,12.667530962315132,2026-09-16 07:31:37.022926,11.066666666666666
6e31591c-dec0-44b8-b3bd-79342218556c,21280,10,20,1,1,1.0,2.18,74,236,74_236,16.519561482179572,2026-09-16 07:31:37.022926,13.45
f6754b17-5412-4cb5-8abe-9f8ce50de074,19663,18,18,1,6,1.0,0.65,33,52,33_52,4.885766474504372,2026-09-16 07:31:37.022926,6.183333333333334
c94e4ee8-3e21-4a71-a59c-5d1e701b2849,10471,18,10,1,5,1.0,1.37,74,151,74_151,9.008740917986136,2026-09-16 07:31:37.022926,10.183333333333334
fcca7f69-f077-40e5-bb58-4c5fe91cd9a6,25695,15,23,1,4,1.0,1.3,75,264,75_264,10.25909688326624,2026-09-16 07:31:37.022926,11.083333333333334
44d7e43e-7e52-4172-b229-a3cc7f67719d,27950,14,26,1,0,1.0,1.33,74,41,74_41,8.572912942787555,2026-09-16 07:31:37.022926,7.233333333333333
a182becc-6e35-415b-a621-e9aa5969fb11,11228,16,11,1,6,1.0,3.21,74,238,74_238,17.908538207396905,2026-09-16 07:31:37.022926,10.716666666666669
99eb9fbb-bf71-42c0-b27d-272528f8b974,15885,12,15,1,3,1.0,7.49,43,211,43_211,31.730238747506164,2026-09-16 07:31:37.022926,38.766666666666666
4f9bb9de-d759-442f-975b-012fdb50909e,3777,9,5,1,0,1.0,3.3,74,140,74_140,19.65866819259263,2026-09-16 07:31:37.022926,19.166666666666668
f7294b68-9a92-4d7f-9caf-0ca422f19568,22025,19,20,1,1,1.0,0.77,75,238,75_238,5.46446836710012,2026-09-16 07:31:37.022926,4.95
25ec9eea-af67-4f83-bc76-5dd2c1adc96b,2861,8,4,1,6,1.0,6.74,195,26,195_26,26.513282661637923,2026-09-16 07:31:37.022926,22.716666666666665
2256b458-c90e-4a71-8f8c-355e6d6a1ab5,25140,8,23,1,4,1.0,1.5,74,75,74_75,14.31402359044248,2026-09-16 07:31:37.022926,13.733333333333333
4df0544f-d20d-44e7-9044-2bf66f70c51f,27521,23,24,1,5,1.0,4.35,65,89,65_89,21.08782346992101,2026-09-16 07:31:37.022926,23.183333333333337
60b92ac7-f326-40bc-9c25-b5639f1f8efb,28656,10,27,1,1,1.0,1.15,74,75,74_75,13.764844422612116,2026-09-16 07:31:37.022926,7.616666666666666
0ee2a4c2-3897-4976-9f97-cfde9698df26,1629,19,2,1,4,1.0,0.0,75,164,75_164,10.366570220516659,2026-09-16 07:31:37.022926,42.9
1b5b6d85-3ae5-440e-9be0-e316b4f95a6a,13705,17,13,1,1,1.0,0.54,95,95,95_95,5.013940182668699,2026-09-16 07:31:37.022926,8.6
b3426124-74a5-4b98-ab87-e89b875799b4,30828,19,28,1,2,1.0,5.75,97,14,97_14,30.749803040841307,2026-09-16 07:31:37.022926,31.9
4a687eaa-cc9f-46e1-96c4-74bc90822752,23142,17,21,1,2,1.0,2.3,74,262,74_262,16.69857969160327,2026-09-16 07:31:37.022926,16.366666666666667
5e3a20ae-56f7-4b36-ad84-efbb5ffdcdee,23681,7,22,1,3,1.0,1.54,74,75,74_75,13.256434295955708,2026-09-16 07:31:37.022926,16.933333333333334
d2e5fd68-a633-4104-87d4-40094fed4e77,30677,18,28,1,2,1.0,2.9,74,141,74_141,23.093640860669225,2026-09-16 07:31:37.022926,21.883333333333333
88f70aa6-eff9-4781-a746-01d0c84b03c3,26918,14,24,1,5,1.0,2.5,97,45,97_45,18.019399936617884,2026-09-16 07:31:37.022926,9.95
109a1824-b4f6-4956-913f-9e6ec8e87a76,23878,9,22,1,3,1.0,1.87,74,236,74_236,14.943980831676347,2026-09-16 07:31:37.022926,18.75
8c2961ae-3c81-477a-8230-a60ca3b1ea9c,6861,18,7,1,2,1.0,4.74,83,138,83_138,12.018003254017579,2026-09-16 07:31:37.022926,12.416666666666666
f1497f3f-e88e-4a71-a697-79721bac7abd,19529,15,18,1,6,1.0,0.82,130,215,130_215,5.738774634047617,2026-09-16 07:31:37.022926,5.316666666666666
6e545b64-23d3-438e-8186-9cef2551a29c,15559,8,15,1,3,2.0,0.32,74,74,74_74,3.9741789773227425,2026-09-16 07:31:37.022926,10.266666666666667
747a2189-ed2e-4db6-86af-de9254d9b084,13685,17,13,1,1,1.0,4.51,74,43,74_43,24.453447511877833,2026-09-16 07:31:37.022926,28.816666666666663
f751784f-e308-4058-bdbf-2969f9fdcc16,30130,12,28,1,2,1.0,7.96,244,236,244_236,36.17025902945849,2026-09-16 07:31:37.022926,49.86666666666667
8d29408a-c45f-4dd8-b54f-390d2df77c46,31150,7,29,1,3,1.0,1.75,116,41,116_41,13.896257750832417,2026-09-16 07:31:37.022926,9.916666666666666
d3cd9db0-e484-43f4-ae29-b1c770e042ed,22993,15,21,1,2,1.0,1.08,43,238,43_238,7.750980385078296,2026-09-16 07:31:37.022926,9.6
a91a517e-c002-4835-aea7-8eb584202965,14149,7,14,1,2,1.0,1.5,74,43,74_43,11.962552124746114,2026-09-16 07:31:37.022926,10.133333333333333
5a30f044-f317-4f80-8911-23e0f001b4c0,4842,7,6,1,1,1.0,1.33,74,75,74_75,10.072918080111585,2026-09-16 07:31:37.022926,12.7
4b1bb7f9-d54c-4fcc-89f7-25b5484bfe0e,14718,15,14,1,2,1.0,5.12,244,239,244_239,18.92066395274101,2026-09-16 07:31:37.022926,18.433333333333337
d19a75a1-dc1c-4f80-aeb9-3258b23105ee,16159,16,15,1,3,6.0,1.35,75,74,75_74,7.365587001499399,2026-09-16 07:31:37.022926,7.016666666666667
7a8cfb55-6ed3-4aab-98ac-3b4d4309df99,8425,3,9,1,4,1.0,0.0,82,129,82_129,1.6245941612190251,2026-09-16 07:31:37.022926,26.566666666666663
b8a9d085-c7ab-422b-bf13-bf0ad549e15e,10424,18,10,1,5,1.0,1.12,74,74,74_74,7.304468592019831,2026-09-16 07:31:37.022926,8.35
08e30547-5ccd-4410-918f-12c1dd674ba8,33151,15,30,1,4,1.0,0.0,166,116,166_116,3.5333899302351677,2026-09-16 07:31:37.022926,20.083333333333332
c4abbfc5-16b4-441e-a98e-6299cd946dae,3652,7,5,1,0,5.0,2.9,263,162,263_162,14.249631388676013,2026-09-16 07:31:37.022926,15.933333333333334
37a7cbce-9524-43fa-9f29-66fad623b436,1531,18,2,1,4,2.0,3.64,193,141,193_141,19.702968715986902,2026-09-16 07:31:37.022926,15.5
ddf6f62e-e51e-42f6-9d4e-6a0e2c3d7ad1,10045,13,10,1,5,1.0,0.76,95,95,95_95,5.721646154543378,2026-09-16 07:31:37.022926,10.65
341e2eb3-13fd-4c93-94df-2de66dbea29b,14792,16,14,1,2,1.0,3.57,97,88,97_88,22.951354227397452,2026-09-16 07:31:37.022926,25.55
232cdbc3-7371-4b09-a143-9ef3505012a1,18656,15,17,1,5,1.0,0.97,166,151,166_151,6.324136033777165,2026-09-16 07:31:37.022926,4.983333333333333
efa1b4dc-77a5-4b1f-8714-232df4cb78f0,31926,17,29,1,3,2.0,1.63,65,49,65_49,17.879035753058556,2026-09-16 07:31:37.022926,19.2
f3b8e86d-104d-4980-80a9-3b2eae8546c2,16922,8,16,1,4,1.0,1.78,74,116,74_116,12.909744965841888,2026-09-16 07:31:37.022926,13.516666666666667
04d498c6-b465-4151-9e28-f40163e7975c,10054,13,10,1,5,1.0,0.64,74,42,74_42,4.517659286125857,2026-09-16 07:31:37.022926,6.283333333333333
715f1cbc-11b6-433f-b038-e5708650203b,12661,18,12,1,0,1.0,1.11,43,24,43_24,6.688159664193533,2026-09-16 07:31:37.022926,4.45
a1081ea6-c5a3-492c-a8e6-e268cbde64ee,22913,14,21,1,2,1.0,1.35,95,134,95_134,10.455501975321862,2026-09-16 07:31:37.022926,7.333333333333333
3f4a5d1c-82b0-4b4a-ac4c-6f2306843faf,16145,17,15,1,3,1.0,2.63,75,42,75_42,16.64199718853117,2026-09-16 07:31:37.022926,14.45
b58f178e-1000-4edd-b3e7-0571822d8a0c,7827,16,8,1,3,1.0,3.25,75,116,75_116,16.774759509624943,2026-09-16 07:31:37.022926,23.216666666666665
78b27846-2280-4a33-9633-7700477e8dd0,27804,8,26,1,0,1.0,1.8,42,168,42_168,14.195080520672024,2026-09-16 07:31:37.022926,7.733333333333333
b0646898-c218-496e-b7d6-bc253cba01d5,23672,7,22,1,3,1.0,0.91,74,74,74_74,7.5733039352189735,2026-09-16 07:31:37.022926,12.0
4debf2e8-2c1b-45fe-8b73-b8c493e8b650,25707,15,23,1,4,1.0,0.81,75,236,75_236,7.197818169530618,2026-09-16 07:31:37.022926,6.183333333333334
f93a597a-b74d-4b28-b841-573484feaf85,26627,10,24,1,5,1.0,4.42,244,42,244_42,15.920927752641004,2026-09-16 07:31:37.022926,10.033333333333331
e761af5c-47c0-4f3f-90e4-6c1bf9549609,23898,9,22,1,3,1.0,2.03,43,239,43_239,11.606771268218973,2026-09-16 07:31:37.022926,8.75
186b02eb-6808-480d-a6a7-8e18a1499543,18578,15,17,1,5,2.0,3.11,74,238,74_238,18.06777746510772,2026-09-16 07:31:37.022926,16.3
5ace67d3-c841-4c73-8024-ec4a4e78855c,28392,7,27,1,1,1.0,3.13,75,229,75_229,27.29660075684819,2026-09-16 07:31:37.022926,19.383333333333333
d7909684-928d-4472-881b-e5fce5723f74,32413,22,29,1,3,1.0,2.2,116,24,116_24,11.642564519685767,2026-09-16 07:31:37.022926,12.983333333333333
de4b4bbb-ed69-4376-ba74-734b99ac8050,265,9,1,1,3,1.0,1.89,116,244,116_244,9.596778449121672,2026-09-16 07:31:37.022926,9.65
639820bd-abde-4413-a68c-23d6b0d69c28,27597,1,25,1,6,1.0,1.72,82,82,82_82,12.364489713491308,2026-09-16 07:31:37.022926,41.0
4aff8116-3f26-4fbf-a858-5decd6b70c94,23082,16,21,1,2,1.0,2.3,24,42,24_42,15.961640993634434,2026-09-16 07:31:37.022926,13.433333333333334
2fe5a9fc-9080-4358-b072-17c6e70a1529,34529,18,31,1,5,1.0,0.67,41,41,41_41,5.907278933996454,2026-09-16 07:31:37.022926,6.1
ad5e1cf9-9e7f-45d8-96e9-3e9e6fe12e1e,10148,15,10,1,5,1.0,0.77,223,223,223_223,5.684903971130382,2026-09-16 07:31:37.022926,5.866666666666666
7c09ebaa-8ec2-41e1-b118-0ef6fdad6e0e,7797,15,8,1,3,1.0,1.43,75,74,75_74,9.579207017754008,2026-09-16 07:31:37.022926,9.983333333333333
c39e7767-8832-4967-94c4-c6d1d7257c10,11305,17,11,1,6,1.0,1.92,74,166,74_166,11.804909130429097,2026-09-16 07:31:37.022926,12.5
1b4bd45a-fe78-466e-8217-065c8bb1b367,1592,18,2,1,4,1.0,1.78,260,7,260_7,10.586713911312023,2026-09-16 07:31:37.022926,13.7
e6da62ac-af99-44c1-9b6f-8a215ecf0c63,11288,17,11,1,6,1.0,1.83,74,236,74_236,9.791631558371247,2026-09-16 07:31:37.022926,7.25
ae4e83cb-c573-42e4-8874-30407504fc41,18462,13,17,1,5,1.0,1.55,74,75,74_75,8.311377312106552,2026-09-16 07:31:37.022926,9.05
0b25846b-86ad-48c9-a90d-0ac806c51821,23661,7,22,1,3,1.0,2.14,33,231,33_231,15.296891786557628,2026-09-16 07:31:37.022926,8.083333333333334
e2acd5a7-1c93-4a9d-acd3-ff50b21ff5fa,21568,14,20,1,1,1.0,3.65,74,140,74_140,23.470196715672397,2026-09-16 07:31:37.022926,33.55
24c3b194-0ecb-4dfd-b40f-d9ccf330c099,1000,10,2,1,4,1.0,1.22,75,75,75_75,7.862616371910259,2026-09-16 07:31:37.022926,6.783333333333333
7dd57909-e23d-4dd8-8753-cfa30e8e7466,34535,18,31,1,5,1.0,5.28,43,137,43_137,26.06371083404779,2026-09-16 07:31:37.022926,19.683333333333337
492c90fd-3ee0-419e-8228-7a20783fed5a,31083,4,29,1,3,1.0,6.42,95,145,95_145,20.742147169755125,2026-09-16 07:31:37.022926,17.85
e026f1e4-f3c3-4cb7-a253-4da034996170,10940,11,11,1,6,1.0,0.0,65,65,65_65,2.9506865853868276,2026-09-16 07:31:37.022926,0.3333333333333333
006cfd7c-99f1-42da-a031-b650aea325ab,5309,14,6,1,1,2.0,1.79,74,236,74_236,13.870702323739042,2026-09-16 07:31:37.022926,11.116666666666667
ed8d0e95-8363-4073-a2a8-48ed194be185,7705,14,8,1,3,1.0,2.57,74,116,74_116,18.2106188901432,2026-09-16 07:31:37.022926,16.216666666666665
65b20bb5-3767-4811-accd-d81603e7cdda,28474,8,27,1,1,1.0,2.1,74,74,74_74,21.028934448064263,2026-09-16 07:31:37.022926,3.6
15af042d-ff27-4a02-82e6-2554db9939f3,9258,17,9,1,4,1.0,1.18,83,157,83_157,9.400663685691661,2026-09-16 07:31:37.022926,12.733333333333333
485bb4e7-6094-4d0a-acac-1cf08b839212,12628,18,12,1,0,1.0,2.2,43,142,43_142,13.740875178145517,2026-09-16 07:31:37.022926,13.066666666666666
07c6d3fc-36a7-4431-9496-ec3b03ec89a1,29167,17,27,1,1,1.0,1.2,159,42,159_42,10.435916294639314,2026-09-16 07:31:37.022926,17.283333333333335
0fee735c-9b0c-4848-98af-ca01ec949c71,28420,7,27,1,1,1.0,1.17,75,74,75_74,8.61863074887555,2026-09-16 07:31:37.022926,5.75
cb482d84-e3f7-40bf-8df4-c709cb314c6e,6196,9,7,1,2,1.0,0.51,75,75,75_75,4.9850666719213725,2026-09-16 07:31:37.022926,4.65
6393278b-53e5-47ba-a239-a8c31a7c183b,24792,20,22,1,3,1.0,0.55,166,151,166_151,4.193082996238206,2026-09-16 07:31:37.022926,3.15
8721960c-eb0a-4d55-9a5c-edc1f4cd2f50,19585,17,18,1,6,1.0,1.14,74,41,74_41,7.3105087953738925,2026-09-16 07:31:37.022926,7.016666666666667
3a22e654-3d0d-4302-a413-75ed3a57c6e5,30146,12,28,1,2,1.0,0.62,43,236,43_236,6.6910759104852655,2026-09-16 07:31:37.022926,4.233333333333333
588a9340-cc18-469d-9090-244c30f95e08,29958,10,28,1,2,1.0,1.54,75,41,75_41,13.907415641357645,2026-09-16 07:31:37.022926,10.9
4050a69d-adcc-4aba-a039-4247fe8cbd17,27456,21,24,1,5,1.0,2.95,260,223,260_223,13.878923935031127,2026-09-16 07:31:37.022926,11.716666666666669
dee8f3e9-7f78-4352-80e3-373522d4d9f1,7487,11,8,1,3,1.0,1.01,42,152,42_152,7.240591652805436,2026-09-16 07:31:37.022926,6.9
fdf89dfa-366a-4176-8884-e2a6c70313cd,5164,12,6,1,1,1.0,6.96,130,138,130_138,18.860998983702657,2026-09-16 07:31:37.022926,18.45
f1562fe2-707c-4817-9b56-3292e3e39dc8,10876,10,11,1,6,1.0,1.73,74,263,74_263,9.926216700158326,2026-09-16 07:31:37.022926,10.366666666666667
b4696bad-0d70-443a-86a6-3cc4e44196b1,33243,16,30,1,4,1.0,0.97,74,42,74_42,9.574478359924669,2026-09-16 07:31:37.022926,9.65
cbcad155-6527-4af5-bec8-0c99d28e6afb,742,21,1,1,3,1.0,2.02,74,236,74_236,8.853310360956705,2026-09-16 07:31:37.022926,8.85
f7bff966-8ff5-4d7b-b45f-e696b1606bab,24807,20,22,1,3,1.0,4.56,130,38,130_38,19.6390133251123,2026-09-16 07:31:37.022926,21.816666666666663
51af47fa-774c-4d67-a82d-c4fb09f35d0a,22684,10,21,1,2,1.0,2.36,75,239,75_239,14.842705421443203,2026-09-16 07:31:37.022926,15.416666666666666
26c395ea-690b-491f-b991-031af0f886b0,5661,18,6,1,1,1.0,1.54,7,223,7_223,8.752262525135558,2026-09-16 07:31:37.022926,10.316666666666666
7a4ab66e-ac74-4cf6-8eae-49d68e09154a,4158,14,5,1,0,1.0,3.4,244,151,244_151,17.469656463909754,2026-09-16 07:31:37.022926,15.016666666666667
11646546-d72a-4e51-88a3-7d21c39bfd59,20445,16,19,1,0,2.0,2.23,260,145,260_145,13.21010787201332,2026-09-16 07:31:37.022926,15.583333333333334
5181819a-e503-442b-9293-0eedd4245a10,10823,8,11,1,6,5.0,0.44,195,195,195_195,2.6169504722988077,2026-09-16 07:31:37.022926,4.05
6f6d6173-a043-4703-9f9b-1d06bad9a0e3,26603,9,24,1,5,1.0,1.9,24,143,24_143,10.469688168139522,2026-09-16 07:31:37.022926,11.233333333333333
b814af82-cf6a-406c-b259-0b078548a18e,15136,18,14,1,2,1.0,1.92,95,196,95_196,13.404717220836643,2026-09-16 07:31:37.022926,11.75
bd6eb828-d5cd-4945-bb25-27942d731f2f,29598,23,27,1,1,1.0,0.92,95,95,95_95,6.173279717458455,2026-09-16 07:31:37.022926,5.65
401d7dec-8f2b-48dc-8439-fc4a1cb89a7b,3576,5,5,1,0,1.0,2.19,74,247,74_247,9.260610376095107,2026-09-16 07:31:37.022926,8.133333333333333
d057c4ad-77a3-4695-a139-008ff32fe36a,34376,15,31,1,5,1.0,2.23,116,74,116_74,3.509130235371335,2026-09-16 07:31:37.022926,22.483333333333334
b9a1e2aa-91b3-4fb7-bae3-2f1e2339748b,32725,9,30,1,4,1.0,2.2,166,239,166_239,16.683637827630562,2026-09-16 07:31:37.022926,11.316666666666666
58327e5e-2095-42e7-bb1f-2cab357e6eee,8919,14,9,1,4,2.0,2.5,43,163,43_163,20.562352081705182,2026-09-16 07:31:37.022926,23.566666666666663
f6870f4a-a251-4c48-a0bd-38285f3c2df7,27756,7,26,1,0,1.0,0.91,75,41,75_41,5.227151211165749,2026-09-16 07:31:37.022926,4.433333333333334
fd1f9640-1f34-4f00-a73f-e77aef39939b,30363,15,28,1,2,1.0,0.84,74,75,74_75,10.529198623101504,2026-09-16 07:31:37.022926,14.616666666666667
b38b41ef-fa25-4bfc-8b7e-ce91704bff3a,33541,18,30,1,4,2.0,1.09,82,260,82_260,11.06209629587526,2026-09-16 07:31:37.022926,7.716666666666667
cf972ee4-1edb-422e-822f-d07ce4d45d1c,17901,20,16,1,4,1.0,1.94,82,7,82_7,13.608751973747554,2026-09-16 07:31:37.022926,14.416666666666666
0aa5c800-6e4b-45e6-aba4-d07ef7d4b7d1,31135,7,29,1,3,1.0,1.3,74,75,74_75,19.07821268431928,2026-09-16 07:31:37.022926,35.63333333333333
d844e89d-5244-4818-8e65-4d075dacf6fc,12047,11,12,1,0,1.0,1.48,75,74,75_74,8.267155488685514,2026-09-16 07:31:37.022926,10.433333333333334
12978b24-8b13-425a-8d64-289099eb92a0,22961,14,21,1,2,1.0,3.36,43,48,43_48,23.70219700521208,2026-09-16 07:31:37.022926,22.9
12b110ef-e366-4882-9f98-4fdcb2086e41,22555,9,21,1,2,1.0,1.18,74,43,74_43,9.88409954785596,2026-09-16 07:31:37.022926,5.283333333333333
507ecd59-2b09-474a-a438-272308f583db,5548,17,6,1,1,1.0,1.47,95,135,95_135,10.33951447224824,2026-09-16 07:31:37.022926,9.2
83a01456-1a77-4f2d-8aca-aea5d9dc72f6,28904,14,27,1,1,1.0,5.65,75,107,75_107,34.655132473327896,2026-09-16 07:31:37.022926,43.35
f621fb52-eb75-441c-85e6-9d79fde7aac1,26808,13,24,1,5,1.0,1.27,82,129,82_129,9.609601989170258,2026-09-16 07:31:37.022926,7.516666666666667
a1164e07-4a40-4ed8-a5f0-bca85f438815,26769,12,24,1,5,1.0,3.0,74,151,74_151,15.69992892796554,2026-09-16 07:31:37.022926,19.35
dc2635ec-39a6-4042-9698-3946706765db,3451,20,4,1,6,1.0,2.3,75,142,75_142,12.164330313293862,2026-09-16 07:31:37.022926,11.3
487c5647-58af-4184-bded-0afb4aac38ec,26054,18,23,1,4,1.0,0.03,166,166,166_166,2.2480935976670824,2026-09-16 07:31:37.022926,0.65
92adc65b-1bb6-4f12-b7f5-bdda06c0dfd7,31897,16,29,1,3,1.0,1.1,41,74,41_74,11.005285154540307,2026-09-16 07:31:37.022926,16.366666666666667
d2cc16df-97f2-479f-a88b-279e030b68b0,27678,9,25,1,6,1.0,3.7,74,244,74_244,16.760271235693747,2026-09-16 07:31:37.022926,20.866666666666667
88a49af7-1e73-4e27-9faa-2667e451778b,2193,14,3,1,5,1.0,2.72,74,141,74_141,14.74025454390674,2026-09-16 07:31:37.022926,15.133333333333333
bd70e85f-b054-4cd4-8b0c-63329846d914,9803,9,10,1,5,1.0,5.12,43,107,43_107,20.563153749902593,2026-09-16 07:31:37.022926,16.483333333333334
1247353b-049e-4fe3-86a0-c3807b333af4,13372,13,13,1,1,1.0,0.52,116,152,116_152,4.476888973426228,2026-09-16 07:31:37.022926,3.5
e3f7e938-befa-4ec0-9b87-7a653c7ee811,10207,15,10,1,5,1.0,1.84,43,140,43_140,12.248159607203986,2026-09-16 07:31:37.022926,14.316666666666666
d370deb2-6a8d-4cde-84e7-3217ea079d0d,28762,12,27,1,1,1.0,1.4,166,264,166_264,12.560588289957696,2026-09-16 07:31:37.022926,7.9
d9dd5f00-4b86-4203-8eb4-40cdb54ec964,5457,16,6,1,1,2.0,1.8,75,262,75_262,13.497614041807452,2026-09-16 07:31:37.022926,14.933333333333334
d6efb384-165d-49a4-8c5d-89fb40597dbf,2018,10,3,1,5,2.0,2.6,74,238,74_238,12.407878277478737,2026-09-16 07:31:37.022926,13.633333333333333
499c2cec-9282-4703-9460-aeacc6579723,30844,19,29,1,3,1.0,2.82,74,151,74_151,18.837111746230942,2026-09-16 07:31:37.022926,20.55
33e7045e-68d6-43c7-9c4d-5bf4517bf29a,9242,17,9,1,4,1.0,0.68,75,74,75_74,4.942972598212875,2026-09-16 07:31:37.022926,4.5
2ba5f5c9-5a6a-4eba-8bbe-87e36902e838,2146,13,3,1,5,1.0,2.7,74,141,74_141,14.259791500051232,2026-09-16 07:31:37.022926,14.266666666666667
70347357-a0fb-49bc-9e58-00c1594b57a3,22670,10,21,1,2,1.0,7.52,130,101,130_101,27.642820683781927,2026-09-16 07:31:37.022926,23.916666666666668
37820a2f-61df-40e4-a20a-9156ee22a3c5,8800,12,9,1,4,1.0,6.54,244,236,244_236,22.453797263790975,2026-09-16 07:31:37.022926,21.683333333333337
099ba45b-e674-4583-b96b-2454a1e71734,24403,16,22,1,3,1.0,5.48,43,145,43_145,26.50595645344601,2026-09-16 07:31:37.022926,27.466666666666665
7a11cba1-3257-4670-aef9-dc875a870de6,31475,11,29,1,3,1.0,0.83,244,116,244_116,7.355499906120372,2026-09-16 07:31:37.022926,7.5
27d89957-b3ef-4a1e-9bc6-3202b352db45,14472,11,14,1,2,1.0,0.73,42,41,42_41,5.865966400724862,2026-09-16 07:31:37.022926,5.166666666666667
a23794d9-7846-4471-8c96-add2a6eab4c6,4697,22,5,1,0,5.0,2.94,75,229,75_229,13.24037577566846,2026-09-16 07:31:37.022926,15.716666666666669
dbc60ed4-4159-432b-bb2e-3857bdf30e7f,11477,20,11,1,6,2.0,2.07,129,226,129_226,11.893997954061875,2026-09-16 07:31:37.022926,12.8
15e1a00b-a39d-4419-97bc-ee5c7d29d6b6,10891,10,11,1,6,1.0,1.74,75,43,75_43,9.647555064992725,2026-09-16 07:31:37.022926,6.816666666666666
b051a24f-724b-435f-b389-b64105a79d0a,26978,15,24,1,5,1.0,1.26,95,134,95_134,8.569757732487128,2026-09-16 07:31:37.022926,7.333333333333333
4a3afb05-4d83-4fc1-aad4-b2248a92c856,20778,20,19,1,0,1.0,1.56,65,181,65_181,11.913373195710529,2026-09-16 07:31:37.022926,13.65
ad0261fd-9fba-48ed-92e9-3cd85bdf4615,8046,18,8,1,3,1.0,1.33,166,43,166_43,14.62913553677852,2026-09-16 07:31:37.022926,9.133333333333333
eee9d741-99cc-4737-b10a-5e002529b544,31569,12,29,1,3,1.0,0.47,42,41,42_41,4.035200014334147,2026-09-16 07:31:37.022926,5.45
96abaa05-f17f-4383-95e4-2407e9205372,13900,19,13,1,1,1.0,1.7,42,42,42_42,9.487786216301386,2026-09-16 07:31:37.022926,7.683333333333334
6e7dd062-f276-4190-8a9e-5d0f40c5d857,32311,21,29,1,3,1.0,3.29,74,238,74_238,19.678669532384546,2026-09-16 07:31:37.022926,18.233333333333334
daf26d37-f1bf-41fb-bf60-0081f2267ba1,19489,15,18,1,6,1.0,7.45,41,186,41_186,28.220472217783417,2026-09-16 07:31:37.022926,35.9
52de9477-d7d0-49f7-b9e4-2edbcff1719c,3898,11,5,1,0,1.0,3.22,97,188,97_188,22.67696362657228,2026-09-16 07:31:37.022926,18.266666666666666
506e2ff5-e734-4b14-b038-fb40164230e6,6629,16,7,1,2,5.0,0.98,41,74,41_74,8.091740470735214,2026-09-16 07:31:37.022926,6.433333333333334
d5a1d44e-0517-48e9-8a5d-d98ecf2f5a50,24082,12,22,1,3,1.0,1.66,166,239,166_239,10.316738992199879,2026-09-16 07:31:37.022926,11.066666666666666
c8539c27-4ddb-4485-802c-1292bbf90e76,5718,19,6,1,1,1.0,7.8,65,155,65_155,30.31322278005094,2026-09-16 07:31:37.022926,40.083333333333336
799bfd42-df5f-42aa-9829-6f77ae987d0c,25282,10,23,1,4,1.0,1.4,74,75,74_75,11.136986286346488,2026-09-16 07:31:37.022926,16.783333333333335
b951c170-2ad0-451a-9324-5746e1b58d25,10441,18,10,1,5,1.0,2.73,74,141,74_141,15.137621543969795,2026-09-16 07:31:37.022926,18.25
4cf4cd40-daeb-447e-b616-6307ac296f24,16912,8,16,1,4,1.0,6.42,33,170,33_170,23.38530664786108,2026-09-16 07:31:37.022926,23.35
502772c9-02c5-4ce1-a049-215ae0a9682d,30293,14,28,1,2,1.0,0.86,130,215,130_215,10.06513636857983,2026-09-16 07:31:37.022926,9.583333333333334
a9e42077-e65e-4679-8fff-f41ee4738085,34397,16,31,1,5,1.0,1.3,42,41,42_41,9.893036603582297,2026-09-16 07:31:37.022926,8.466666666666667
579ab373-51ef-40dd-b07d-db5aceea8691,27478,22,24,1,5,1.0,0.0,66,181,66_181,5.362957624073192,2026-09-16 07:31:37.022926,17.75
ae5fdd88-5943-4324-b065-d839da94307f,12224,14,12,1,0,1.0,2.63,95,98,95_98,14.501986067923779,2026-09-16 07:31:37.022926,17.633333333333333
df5da81a-3828-46b0-8be5-8dee647be2f7,1309,15,2,1,4,1.0,4.18,97,89,97_89,23.631208756765798,2026-09-16 07:31:37.022926,26.316666666666663
55c51e14-fae9-4f0e-89d0-49eb437981db,15891,13,15,1,3,2.0,1.41,97,17,97_17,12.997987813147613,2026-09-16 07:31:37.022926,13.416666666666666
fb11c7f1-5aa8-4935-9e71-05fd1b27fa44,15892,13,15,1,3,1.0,1.68,226,7,226_7,12.474523796485846,2026-09-16 07:31:37.022926,15.783333333333331
a6560f80-d0dc-45cb-81ea-f290946fed1b,33004,13,30,1,4,1.0,0.9,75,236,75_236,9.11664188058709,2026-09-16 07:31:37.022926,9.833333333333334
682eb685-6da8-427e-8afd-f0c1fc361b39,1047,11,2,1,4,1.0,2.3,75,237,75_237,13.552404564931665,2026-09-16 07:31:37.022926,14.066666666666666
36edee4c-fba6-4df0-8ec4-1bdf4e71510c,5862,21,6,1,1,2.0,18.18,265,230,265_230,42.79737524858337,2026-09-16 07:31:37.022926,31.683333333333337
7fe1ff39-8032-40f8-a304-ff514c358014,12614,18,12,1,0,1.0,1.3,42,75,42_75,9.38224668543253,2026-09-16 07:31:37.022926,10.116666666666667
8b7a467f-5339-4233-a9fb-5272f30effd6,16599,20,15,1,3,1.0,2.7,166,143,166_143,13.994818053495688,2026-09-16 07:31:37.022926,17.033333333333335
3465552e-0469-41bf-8f3a-ca7f127e41e7,20406,15,19,1,0,1.0,2.21,74,151,74_151,13.571066475301132,2026-09-16 07:31:37.022926,10.966666666666669
6c374ef4-72d3-4cad-8e58-ea0a3b2be52e,29755,7,28,1,2,1.0,3.98,116,43,116_43,27.475065102971453,2026-09-16 07:31:37.022926,14.5
c5a2a7df-bfe5-4d44-85d8-89f153ae4b09,3022,12,4,1,6,1.0,1.62,43,238,43_238,8.277639673441389,2026-09-16 07:31:37.022926,7.466666666666667
255a6799-dc8a-4045-bc04-0a6df43863df,28323,0,27,1,1,1.0,3.49,74,142,74_142,17.98015458786377,2026-09-16 07:31:37.022926,19.416666666666668
3247bf06-4f3d-4fe1-b9dc-8de598bf86f4,8633,9,9,1,4,1.0,1.39,74,75,74_75,10.688653060992609,2026-09-16 07:31:37.022926,8.383333333333333
36ced5f9-869e-47f9-853b-c74fa9c76937,10807,7,12,1,0,1.0,1.16,74,75,74_75,8.944232985901825,2026-09-16 07:31:37.022926,9.3
a09c9d46-0a71-4be8-a514-8f73d8e7641d,29556,22,27,1,1,1.0,1.33,7,146,7_146,8.81509414601415,2026-09-16 07:31:37.022926,19.833333333333332
15051f97-e388-4bc8-8432-101e0c1868f5,12530,17,12,1,0,1.0,0.68,65,66,65_66,8.71280295452905,2026-09-16 07:31:37.022926,12.833333333333334
89bc35a9-f48d-452f-b2e3-66b6e3402b6e,30679,18,28,1,2,1.0,1.92,166,236,166_236,14.752965913466582,2026-09-16 07:31:37.022926,13.883333333333333
533beed9-0492-43d2-b3f7-156ff8821542,27692,13,25,1,6,1.0,2.37,74,263,74_263,12.582494991417636,2026-09-16 07:31:37.022926,12.85
e50d320b-2ad6-4707-846f-69fe2d4eaf05,17502,16,16,1,4,1.0,6.82,66,161,66_161,27.680375988633877,2026-09-16 07:31:37.022926,27.283333333333335
47a04d68-2fc4-45e9-8734-a4e6e8b94420,1449,17,2,1,4,1.0,7.24,66,142,66_142,30.12479420152223,2026-09-16 07:31:37.022926,35.63333333333333
3ff56a82-e9ca-4be4-8278-ff845d0205a1,10502,19,10,1,5,2.0,7.89,244,265,244_265,25.135707052468586,2026-09-16 07:31:37.022926,16.716666666666665
19134e88-7cc4-4a1c-852e-ee0e9e68fd01,1214,14,2,1,4,2.0,0.75,181,181,181_181,-1.201701505080991,2026-09-16 07:31:37.022926,5.116666666666666
b804c797-3176-491b-bd73-6a0f61cfa585,20328,15,19,1,0,2.0,1.43,97,106,97_106,11.985594173139594,2026-09-16 07:31:37.022926,10.216666666666669
ce331771-2826-4fd3-85fb-ae1ffd7abd69,25515,13,23,1,4,1.0,0.0,82,82,82_82,2.8513178418243545,2026-09-16 07:31:37.022926,0.5333333333333333
ebc7f409-a112-4fc4-9856-cc4f9feaf1ee,22572,9,21,1,2,1.0,1.9,74,263,74_263,13.959084407286223,2026-09-16 07:31:37.022926,10.3
e845bece-7770-48cd-b1c1-948ec5d110a7,15026,18,14,1,2,1.0,0.72,42,42,42_42,5.2758191739754325,2026-09-16 07:31:37.022926,3.2
e03eeac8-53d3-4a13-b1d1-8e404303f326,8461,7,9,1,4,1.0,1.32,24,75,24_75,9.31211731084747,2026-09-16 07:31:37.022926,11.116666666666667
7bfe3a46-5280-4e1f-b955-1678a35b6c90,31919,17,29,1,3,1.0,0.79,75,41,75_41,7.819010802864301,2026-09-16 07:31:37.022926,5.55
7f43338d-1895-4db0-a511-22c4e6f15a49,26176,20,23,1,4,1.0,0.96,43,238,43_238,4.467538245973344,2026-09-16 07:31:37.022926,4.383333333333334
bc11eb11-8df3-4f25-b707-da5a38001930,32816,10,30,1,4,2.0,5.56,74,60,74_60,26.426975727004958,2026-09-16 07:31:37.022926,19.616666666666667
359c27f8-217b-43a1-930f-6baee1f54dad,5179,12,6,1,1,1.0,1.3,166,238,166_238,8.569226131951437,2026-09-16 07:31:37.022926,5.95
991962f5-8819-4524-b534-48286360cd72,22783,12,21,1,2,1.0,1.33,43,236,43_236,10.536808976287286,2026-09-16 07:31:37.022926,12.566666666666666
c0290fe6-1ad6-49da-b2b6-f7cfb2770f83,27519,23,24,1,5,1.0,2.13,130,121,130_121,10.29949834538453,2026-09-16 07:31:37.022926,11.983333333333333
90df8596-9f3a-42ca-be8b-d1f2dd45139d,3233,16,4,1,6,1.0,6.6,41,48,41_48,26.93107021759003,2026-09-16 07:31:37.022926,37.7
3bea750b-eb57-4600-bc9c-e00a94e40703,16454,18,15,1,3,1.0,3.72,129,82,129_82,28.069150645678967,2026-09-16 07:31:37.022926,10.483333333333333
36a07d0a-4a99-4293-a1c6-e01d1036d89a,828,3,2,1,4,3.0,4.71,34,233,34_233,16.952881524948644,2026-09-16 07:31:37.022926,17.733333333333334
a34d6632-147a-4028-bdc2-1c84b46d2fda,35,0,1,1,3,1.0,3.43,41,140,41_140,16.23430696341085,2026-09-16 07:31:37.022926,20.35
bce0bd51-b9cd-474e-b9b5-9c5168903bc4,21199,9,20,1,1,6.0,1.36,43,263,43_263,12.071110118621712,2026-09-16 07:31:37.022926,14.616666666666667
a37ea009-1bd0-4e5d-940c-635bac11e819,29076,16,27,1,1,1.0,0.81,152,166,152_166,7.673343050245891,2026-09-16 07:31:37.022926,3.6666666666666665
92e72944-8624-4f03-9fab-23bb2ae50873,17092,10,16,1,4,1.0,1.79,74,236,74_236,12.865997885459151,2026-09-16 07:31:37.022926,8.8
aaf85c0a-9492-4ca4-9b6f-d1ff9cd1cb5d,13483,15,13,1,1,1.0,1.25,65,97,65_97,12.037809794765277,2026-09-16 07:31:37.022926,14.966666666666669
1cb7cf33-eb9a-4117-93c2-bb55a2726130,26880,13,24,1,5,1.0,3.52,74,237,74_237,19.755732046025482,2026-09-16 07:31:37.022926,22.0
72a827c2-657e-4df0-8fd7-90559c073e00,28119,18,26,1,0,1.0,1.2,74,75,74_75,7.2483058474731195,2026-09-16 07:31:37.022926,11.966666666666669
8508b2c2-817b-4809-bb74-eba1e6e173eb,20942,5,20,1,1,1.0,0.9,74,41,74_41,5.873992907596588,2026-09-16 07:31:37.022926,4.466666666666667
ecac02ed-588d-47e4-8908-7bd3604cf5d6,31340,10,29,1,3,1.0,1.2,74,236,74_236,19.543066779259416,2026-09-16 07:31:37.022926,20.883333333333333
96c3e458-78bd-432f-bede-7ef78efc6079,16222,16,15,1,3,1.0,1.37,95,95,95_95,10.475095648865445,2026-09-16 07:31:37.022926,10.916666666666666
a5e7f516-0b6e-4d83-b4ff-9dcbf5b892ff,5896,22,6,1,1,1.0,1.02,97,49,97_49,8.228121601706905,2026-09-16 07:31:37.022926,7.066666666666666
16ae48ed-f46b-425e-8980-b98c99874a55,11245,16,11,1,6,1.0,1.03,74,75,74_75,6.510462351247223,2026-09-16 07:31:37.022926,5.616666666666666
cb5a5bb8-2bf0-4e85-a9c8-e0c1e7f6c475,12066,11,12,1,0,2.0,1.2,166,238,166_238,7.384178723556731,2026-09-16 07:31:37.022926,6.583333333333333
7ceef408-0598-4bd8-9f9d-dad36b92a287,13232,11,13,1,1,1.0,1.17,97,49,97_49,10.508801889604378,2026-09-16 07:31:37.022926,9.916666666666666
df9c237d-9879-4318-b80c-344dfbf09d24,26969,15,24,1,5,2.0,4.19,97,80,97_80,21.494511460105144,2026-09-16 07:31:37.022926,21.583333333333332
36c24f50-a0fe-49a0-8bf5-d7f50157c00b,23280,18,21,1,2,1.0,1.27,95,196,95_196,10.13914254286686,2026-09-16 07:31:37.022926,8.633333333333333
61efad24-84dd-4c08-935b-576e8f89d407,24411,16,22,1,3,1.0,3.8,82,138,82_138,11.064825588932504,2026-09-16 07:31:37.022926,9.916666666666666
6f43b3c9-5e19-455b-94c4-1e4cc7c4e01a,17906,20,16,1,4,1.0,4.5,130,219,130_219,18.84549003757453,2026-09-16 07:31:37.022926,14.566666666666666
0d753bd8-d310-4b90-9491-154b037280cf,27540,23,24,1,5,1.0,0.84,129,129,129_129,5.614957140838075,2026-09-16 07:31:37.022926,6.616666666666666
c143958f-e842-4b1e-8ddb-45f4da299e8b,5098,11,6,1,1,1.0,0.5,74,75,74_75,8.291098958297122,2026-09-16 07:31:37.022926,6.9
e4454265-ce63-4e93-8662-1908aee3e214,23834,9,22,1,3,3.0,1.81,74,236,74_236,14.597217191526164,2026-09-16 07:31:37.022926,17.916666666666668
1f12c2b0-6efa-4ceb-8e57-7bcf44831067,22010,18,20,1,1,1.0,2.58,95,82,95_82,16.509873154427922,2026-09-16 07:31:37.022926,14.6
bcc202f3-65d8-4e6e-894a-9ade8df946d2,2228,13,3,1,5,1.0,0.31,236,236,236_236,3.2457249382309756,2026-09-16 07:31:37.022926,2.033333333333333
a568aa87-15c6-425f-9122-99da84868c84,33347,17,30,1,4,2.0,1.21,97,49,97_49,14.861403178437422,2026-09-16 07:31:37.022926,13.566666666666666
ec4d56ff-1f06-4070-b68a-5cb8daaabc4d,15881,12,15,1,3,1.0,1.34,75,166,75_166,9.71522462747276,2026-09-16 07:31:37.022926,7.616666666666666
8e6d0e8b-b83c-483c-8f54-5bfa5b2d114a,17571,16,16,1,4,1.0,1.28,75,238,75_238,9.89785557150133,2026-09-16 07:31:37.022926,16.8
d1688d82-680f-4741-892c-fd2fbdcad614,31020,23,28,1,2,1.0,1.72,7,223,7_223,9.039965411764006,2026-09-16 07:31:37.022926,10.216666666666669
cc283617-6e0f-4b09-a10c-16b0b0461fcb,19439,14,18,1,6,1.0,1.16,75,74,75_74,6.833584074728493,2026-09-16 07:31:37.022926,6.7
e6c73af3-69f3-4d6f-8ea5-3b29b9435951,31812,16,29,1,3,1.0,1.04,74,41,74_41,10.73198455063979,2026-09-16 07:31:37.022926,14.266666666666667
da5102f3-8bfb-46ff-a187-4f52334c96a7,3310,16,4,1,6,1.0,7.17,130,138,130_138,17.5444988219904,2026-09-16 07:31:37.022926,14.983333333333333
388c26bd-787b-4e38-ad5e-bf7de4abf7af,24912,22,22,1,3,1.0,0.0,150,150,150_150,2.027324385594094,2026-09-16 07:31:37.022926,0.0666666666666666
3cd96b33-fe80-4c5c-a409-476be6466576,24437,16,22,1,3,1.0,0.13,66,33,66_33,2.779851660235891,2026-09-16 07:31:37.022926,3.0833333333333335
2142428c-8d6d-45b8-9697-fbe78538e184,10941,11,11,1,6,1.0,4.63,65,68,65_68,26.033461650827334,2026-09-16 07:31:37.022926,18.333333333333332
1dacb5b6-9821-407b-aa04-f9a11c09e8f8,23041,15,21,1,2,1.0,0.57,41,42,41_42,4.9205838683375305,2026-09-16 07:31:37.022926,2.6333333333333333
c732eb8b-535d-4840-9c33-069c118b3d41,10724,1,11,1,6,1.0,3.02,255,148,255_148,13.940987543925967,2026-09-16 07:31:37.022926,13.233333333333333
f7d15b23-4d6a-4ea6-b802-8922f0adf330,16590,20,15,1,3,1.0,1.95,43,239,43_239,9.563430911905993,2026-09-16 07:31:37.022926,9.183333333333334
a8ef7ab8-3e8a-4f9b-977f-24694d155343,5133,12,6,1,1,1.0,3.78,74,162,74_162,27.100821192084346,2026-09-16 07:31:37.022926,26.816666666666663
a8f4a80f-2750-4d56-8bd9-2b8646447e04,21296,10,20,1,1,1.0,2.01,97,40,97_40,14.124548966144149,2026-09-16 07:31:37.022926,21.666666666666668
6c206242-dc2b-4b86-b47c-c3ce6f5e2e4e,6229,10,7,1,2,1.0,1.91,43,43,43_43,13.524179362600975,2026-09-16 07:31:37.022926,20.3
0bdec5de-7999-4f54-9967-353bf9ebd9ab,14456,10,14,1,2,2.0,2.7,41,262,41_262,18.225148731132247,2026-09-16 07:31:37.022926,18.266666666666666
72eaa3db-b84c-4d4f-8776-6c35689b0e24,12744,18,12,1,0,2.0,3.59,75,230,75_230,24.220246989411063,2026-09-16 07:31:37.022926,17.7
e05863bf-59d2-4111-9549-cdc4444f5332,27612,2,25,1,6,2.0,3.29,226,255,226_255,15.134393918291847,2026-09-16 07:31:37.022926,16.4
f7040401-baf8-4db8-882d-2b84d26a9443,8008,18,8,1,3,2.0,6.36,16,82,16_82,28.4898314555794,2026-09-16 07:31:37.022926,21.433333333333337
af19097d-c0a6-4bb4-9831-fb3bb8f7a9a7,23587,23,21,1,2,1.0,2.7,260,226,260_226,13.172157461569574,2026-09-16 07:31:37.022926,23.166666666666668
f75308e6-ed62-4e96-af86-dad0c4f4dd14,660,19,1,1,3,1.0,0.2,116,116,116_116,1.2521014025041135,2026-09-16 07:31:37.022926,0.3666666666666666
3ad11685-9bc4-492a-84d2-9902f0f6b412,18076,0,17,1,5,1.0,0.62,223,223,223_223,4.072376660657284,2026-09-16 07:31:37.022926,3.6333333333333337
5c7d8f46-268e-4bc4-a911-c22908a22c69,14548,12,14,1,2,1.0,3.81,82,138,82_138,9.784046973988877,2026-09-16 07:31:37.022926,9.733333333333333
6152772f-d052-4859-b274-b30a7b8cd94d,29418,19,27,1,1,1.0,0.89,42,41,42_41,7.0168162478673946,2026-09-16 07:31:37.022926,5.533333333333333
bf5f3894-12c3-44ed-89fc-085ce980b956,25304,10,23,1,4,1.0,1.25,74,75,74_75,10.57931796447448,2026-09-16 07:31:37.022926,5.65
787a51be-8478-4b4c-900f-6b621cc3246c,14843,16,14,1,2,2.0,7.2,75,232,75_232,33.61262407756977,2026-09-16 07:31:37.022926,32.6
86657500-732d-495c-bd91-1fd0daf83783,7635,13,8,1,3,1.0,1.78,74,75,74_75,14.222464689152032,2026-09-16 07:31:37.022926,14.166666666666666
3f95dc42-505b-4584-b943-bbdbb1366438,13336,12,13,1,1,1.0,1.85,74,24,74_24,13.498768891762897,2026-09-16 07:31:37.022926,11.283333333333331
1af8bfdd-8bbc-4bec-8bba-76369b4d9aca,721,20,1,1,3,1.0,6.77,41,138,41_138,18.131068910760675,2026-09-16 07:31:37.022926,17.083333333333332
7a944c66-14bc-438e-ae97-027c07ce201c,32489,0,30,1,4,1.0,14.84,65,150,65_150,33.071625322292086,2026-09-16 07:31:37.022926,29.6
e052cd8a-c2b1-425f-83f5-a30565f17c90,8255,20,8,1,3,1.0,0.85,82,160,82_160,8.081937867091481,2026-09-16 07:31:37.022926,4.683333333333334
a0d34a07-14c6-4c29-96df-67a902dd141e,33767,22,30,1,4,1.0,0.98,95,95,95_95,6.627241295898217,2026-09-16 07:31:37.022926,5.716666666666667
7b729f5b-11a3-418a-99bf-d89a8bb268b7,2602,20,3,1,5,1.0,6.72,33,14,33_14,23.72126729875666,2026-09-16 07:31:37.022926,26.383333333333333
9463e60f-2fc7-464d-80e3-5fde5e256d8e,13210,10,13,1,1,2.0,1.83,74,43,74_43,13.887086768046787,2026-09-16 07:31:37.022926,16.816666666666666
d5a6e0c5-cc31-4d9a-8e23-99241a4cf71c,15939,13,15,1,3,1.0,1.0,264,236,264_236,8.191190713844817,2026-09-16 07:31:37.022926,10.216666666666669
6c25767a-364d-454f-9c7d-c07b5d6d6400,20009,10,19,1,0,2.0,1.56,74,236,74_236,9.462066349345633,2026-09-16 07:31:37.022926,5.583333333333333
7a02908e-db76-4b04-b3c4-db55077a7f62,6880,18,7,1,2,1.0,1.46,166,152,166_152,8.453984584045793,2026-09-16 07:31:37.022926,5.633333333333334
b29770b8-b07d-4a91-96a5-fc857621391f,13058,8,13,1,1,2.0,1.69,74,166,74_166,12.644265577411206,2026-09-16 07:31:37.022926,13.033333333333331
26e2c060-a782-4ede-b9b1-255afab377ff,1811,23,2,1,4,2.0,0.2,10,10,10_10,0.8960092660964416,2026-09-16 07:31:37.022926,1.05
42aa5997-64e2-4d09-9c83-4dd524fa92b8,30308,14,28,1,2,1.0,0.47,135,93,135_93,1.3443234174114047,2026-09-16 07:31:37.022926,3.1666666666666665
8fe2dda8-cf37-48e6-8cc0-41ab6a35a371,513,16,1,1,3,1.0,1.04,95,95,95_95,7.10729149746185,2026-09-16 07:31:37.022926,7.416666666666667
e81dd721-f322-4797-85cb-df661cede99e,16708,22,15,1,3,1.0,14.09,130,145,130_145,26.862727971481863,2026-09-16 07:31:37.022926,16.366666666666667
8d55ac4b-0e61-49bf-b877-e12e3d3a8385,3398,19,4,1,6,1.0,1.93,74,166,74_166,10.879072519298154,2026-09-16 07:31:37.022926,13.216666666666669
a58c897e-fc95-4556-ba50-310251b5ebf6,29526,21,27,1,1,2.0,1.2,25,54,25_54,9.505633009825006,2026-09-16 07:31:37.022926,12.25
4add951c-8191-4cd4-9297-654cffe46bd2,11178,15,11,1,6,1.0,3.83,65,133,65_133,22.125044826300332,2026-09-16 07:31:37.022926,18.566666666666663
75c09002-6f73-42d9-b3b6-fa58918172ae,23190,17,21,1,2,1.0,1.68,75,166,75_166,12.318517622066704,2026-09-16 07:31:37.022926,10.55
a3bca406-3814-471c-b694-c626e0753c2f,34442,16,31,1,5,1.0,1.85,95,95,95_95,15.014775316314848,2026-09-16 07:31:37.022926,12.066666666666666
650889ec-fd24-4fe1-a43a-961da2e492b2,4643,20,5,1,0,1.0,1.95,74,152,74_152,11.04078185647113,2026-09-16 07:31:37.022926,13.066666666666666
bc4377fc-89af-421d-94a8-325373fab266,8206,19,8,1,3,1.0,2.31,74,151,74_151,13.6814891822155,2026-09-16 07:31:37.022926,12.216666666666669
9796efc9-8d12-4532-879c-3ec961ddcd0f,9042,15,9,1,4,1.0,2.03,74,263,74_263,15.060481517194964,2026-09-16 07:31:37.022926,8.683333333333334
c1da9e1e-01da-4f44-8044-102356d8b376,5522,17,6,1,1,1.0,4.31,260,226,260_226,24.25034601341648,2026-09-16 07:31:37.022926,17.2
2a858535-4cf9-497d-85f5-2dd11f9bd987,17093,10,16,1,4,1.0,1.35,74,75,74_75,9.83239754766971,2026-09-16 07:31:37.022926,10.633333333333333
66f49022-e133-46aa-ab61-63a198e6a216,17551,16,16,1,4,1.0,1.94,82,173,82_173,14.956556253955773,2026-09-16 07:31:37.022926,15.316666666666666
1cf4cf4d-d580-43d1-b30c-78e84a051742,30859,19,28,1,2,1.0,1.01,95,196,95_196,8.013026359309226,2026-09-16 07:31:37.022926,6.95
ce6e19cb-a934-4f78-beae-c7ee90fae095,30436,16,28,1,2,5.0,2.05,43,166,43_166,17.680927625986456,2026-09-16 07:31:37.022926,10.866666666666667
2510d576-1aab-40d5-9601-279b233f5f3c,6993,19,7,1,2,1.0,2.32,74,238,74_238,13.633311616216556,2026-09-16 07:31:37.022926,9.216666666666669
2bf55774-c726-4fc3-9b90-e41ced97648a,34444,16,31,1,5,5.0,2.65,260,160,260_160,18.40783727256634,2026-09-16 07:31:37.022926,18.0
81b592cd-92ac-4989-8dc7-85d555597c1f,25349,11,23,1,4,1.0,2.73,74,236,74_236,19.998299436414563,2026-09-16 07:31:37.022926,16.116666666666667
a4a0fbd1-6857-484c-9153-46250ebeaf9f,31541,11,29,1,3,1.0,1.53,41,75,41_75,15.992224623481125,2026-09-16 07:31:37.022926,13.45
18e75e7a-ad9e-4699-86fd-0f43d9f47d8a,27537,23,24,1,5,1.0,0.18,130,130,130_130,1.0436423502178809,2026-09-16 07:31:37.022926,0.2833333333333333
2b855a1d-26a2-4188-8a21-4f9e9504ce67,31988,17,29,1,3,1.0,3.65,82,138,82_138,15.725932474022645,2026-09-16 07:31:37.022926,13.883333333333333
0a85d4fb-774c-4997-99fa-ba3393ff8003,20403,15,19,1,0,1.0,1.48,75,74,75_74,8.409649987324048,2026-09-16 07:31:37.022926,8.65
b5627701-4682-4577-8dd8-8269c6593164,29002,15,27,1,1,1.0,7.12,74,220,74_220,35.045129576257494,2026-09-16 07:31:37.022926,32.0
c1a76f6b-ff4d-455b-b482-1f7dae9e85f0,30076,11,28,1,2,2.0,0.0,130,130,130_130,2.796764039245315,2026-09-16 07:31:37.022926,0.2166666666666666
80c0fc42-0e02-4ed1-8028-99ef69df2639,8646,10,9,1,4,1.0,2.99,74,262,74_262,18.992200378578247,2026-09-16 07:31:37.022926,18.716666666666665
2ea8072c-1995-4825-8980-fa4d9465a11d,4910,8,6,1,1,1.0,1.99,74,166,74_166,13.633319847971535,2026-09-16 07:31:37.022926,11.966666666666669
ecf27ab1-ee03-4afd-8dff-3133f07a18f9,5264,14,6,1,1,2.0,1.18,97,49,97_49,11.103362319730808,2026-09-16 07:31:37.022926,10.05
0fdd87fa-7df3-4644-be76-0e4eded4433b,33572,19,30,1,4,1.0,1.15,95,95,95_95,9.55980189197002,2026-09-16 07:31:37.022926,8.366666666666667
28148068-6e57-4f2a-9b7d-737a2b0e2c60,29742,7,28,1,2,2.0,4.3,74,244,74_244,26.168145252355295,2026-09-16 07:31:37.022926,17.516666666666666
364496f0-ef4d-4a3f-8704-5a1dfda0c75d,4419,17,5,1,0,1.0,2.84,75,229,75_229,16.94553005442234,2026-09-16 07:31:37.022926,20.0
479574ff-39fc-4afe-8046-9bf41f84d48a,12717,19,12,1,0,4.0,0.48,75,75,75_75,4.056387702484272,2026-09-16 07:31:37.022926,3.6666666666666665
9f009553-a3a6-4247-bf67-e77a6e548a1f,1961,9,3,1,5,1.0,2.98,82,70,82_70,8.635836012754918,2026-09-16 07:31:37.022926,10.7
c70070c0-f6e3-4748-b3fd-809491c70afe,25239,10,23,1,4,2.0,2.11,121,135,121_135,14.564278781487706,2026-09-16 07:31:37.022926,10.266666666666667
1d719f14-904c-498b-bbdc-8ba57563a9fc,28435,7,27,1,1,1.0,2.0,166,238,166_238,17.414064597451688,2026-09-16 07:31:37.022926,9.716666666666669
ef283693-a87a-4678-ad32-165a3e31581a,6371,12,7,1,2,2.0,0.49,166,41,166_41,3.719004099690579,2026-09-16 07:31:37.022926,4.916666666666667
51aa2a20-df9b-4941-9c31-b5bae92e8315,12666,18,12,1,0,1.0,1.94,74,42,74_42,12.255685281346699,2026-09-16 07:31:37.022926,12.216666666666669
8a071a79-67f0-4176-a76a-5427125febb6,843,5,2,1,4,1.0,0.9,74,42,74_42,5.141323038794237,2026-09-16 07:31:37.022926,4.366666666666666
3be279e4-86f1-4365-a450-3247014a9af4,10209,15,10,1,5,1.0,6.44,69,208,69_208,25.71740929763836,2026-09-16 07:31:37.022926,26.1
e458efea-d596-4cea-b30d-08826d26c15b,26742,12,24,1,5,1.0,2.35,74,236,74_236,12.347720662107692,2026-09-16 07:31:37.022926,14.233333333333333
53a95564-db7b-4532-9e01-42d794e2c6eb,5348,15,6,1,1,1.0,3.05,66,181,66_181,22.187302203868505,2026-09-16 07:31:37.022926,17.616666666666667
f08709e4-5fc4-4269-9813-e409c17de8fe,9458,19,9,1,4,1.0,1.41,43,263,43_263,9.505410980189902,2026-09-16 07:31:37.022926,11.55
094a585d-9213-4fbe-8aaa-44bfefd76300,8562,8,9,1,4,2.0,2.05,74,236,74_236,14.791028142229171,2026-09-16 07:31:37.022926,14.483333333333333
a370bebe-948a-4fc3-ad35-6742edab01b0,16901,8,16,1,4,1.0,1.66,75,41,75_41,12.061640576583295,2026-09-16 07:31:37.022926,11.466666666666669
b677c548-361d-43a0-8a7e-4340cb54b17b,10711,0,11,1,6,2.0,5.71,255,145,255_145,20.143230500958346,2026-09-16 07:31:37.022926,26.216666666666665
e566d359-5b95-4170-be5a-2d3d28b157e0,1125,12,2,1,4,2.0,1.32,75,74,75_74,5.254259556604034,2026-09-16 07:31:37.022926,6.466666666666667
b7d999af-3165-4092-8f21-e6de7507aa6c,17067,10,16,1,4,2.0,2.22,97,62,97_62,15.541013290337046,2026-09-16 07:31:37.022926,11.55
789a05f8-2108-43ef-9f29-775b85edb4a7,27995,15,26,1,0,1.0,1.1,74,41,74_41,7.853814992193862,2026-09-16 07:31:37.022926,5.4
d99bc53a-294c-4e4c-86fd-fcee41b5a088,26785,12,24,1,5,1.0,1.02,43,43,43_43,6.587403110853559,2026-09-16 07:31:37.022926,4.4
4b01193f-dd5f-41ec-ba1c-1d36786385dd,28371,6,27,1,1,1.0,1.58,75,151,75_151,11.414493707739686,2026-09-16 07:31:37.022926,10.15
21275c19-02ad-4ac0-bc91-a527c062d71e,27664,7,25,1,6,1.0,1.38,74,75,74_75,8.406589045070376,2026-09-16 07:31:37.022926,7.866666666666666
345b0b9c-e50d-4ca6-9fd1-e2445dc74f2b,3605,6,5,1,0,1.0,1.64,75,166,75_166,8.790421975738582,2026-09-16 07:31:37.022926,8.3
f86fe748-c31e-4f09-b88d-a25120722caa,2310,16,3,1,5,1.0,1.19,97,49,97_49,10.32519551656377,2026-09-16 07:31:37.022926,7.65
62cc143e-f173-4ee0-9bbb-b7e6f5d7bd0e,34840,23,31,1,5,1.0,1.38,82,157,82_157,9.763980210640941,2026-09-16 07:31:37.022926,7.666666666666667
74fa278f-c900-49de-91e6-14c2addbe68f,2937,11,4,1,6,1.0,1.77,97,17,97_17,11.75146224999823,2026-09-16 07:31:37.022926,12.583333333333334
47b0c080-21c7-48f0-8dca-bab02203758d,2322,16,3,1,5,1.0,2.16,74,24,74_24,12.630052718925944,2026-09-16 07:31:37.022926,12.366666666666667
5ea79ef1-3627-4d0b-aef6-3d1ef64d923c,19444,14,18,1,6,1.0,1.3,166,166,166_166,7.527333527148574,2026-09-16 07:31:37.022926,8.266666666666667
bbadea69-003e-4f25-865b-e0fdc060e732,22214,21,20,1,1,1.0,1.83,166,238,166_238,9.713857427375135,2026-09-16 07:31:37.022926,8.166666666666666
7784d280-2f57-4e79-b46d-730080aadea9,30236,14,28,1,2,1.0,1.51,74,43,74_43,16.366694843751468,2026-09-16 07:31:37.022926,17.066666666666666
15db2a94-ef88-49af-b7dd-778633165fea,23671,7,22,1,3,1.0,0.56,75,75,75_75,5.050524159925739,2026-09-16 07:31:37.022926,3.15
f992b136-84df-4ec7-af75-9abe1450d02b,24017,11,22,1,3,2.0,3.31,260,160,260_160,21.512088693543607,2026-09-16 07:31:37.022926,17.083333333333332
6ea58d4f-fd2a-4882-92cb-58e18c3794d7,13548,15,13,1,1,2.0,2.53,74,151,74_151,17.97158158558823,2026-09-16 07:31:37.022926,18.066666666666663
eaa06361-28ad-4c9a-806e-7ddfb5fabf75,17777,17,16,1,4,1.0,3.73,82,138,82_138,12.190566804186803,2026-09-16 07:31:37.022926,14.733333333333333
ccd426e3-00b2-4673-8a30-18948cd70adc,18886,21,17,1,5,1.0,7.42,75,82,75_82,24.315526096132132,2026-09-16 07:31:37.022926,19.416666666666668
de624b20-edcf-4791-b7e7-a0b4acfabd36,14707,14,14,1,2,1.0,2.26,42,236,42_236,16.276454753408334,2026-09-16 07:31:37.022926,12.933333333333334
5b1c729b-e9d7-4f8c-88db-a5b65d3bd0cc,21883,17,20,1,1,1.0,1.13,75,236,75_236,8.705308756576084,2026-09-16 07:31:37.022926,7.866666666666666
53fe587c-f629-4fe0-9df5-6a716e7d936a,31280,9,29,1,3,1.0,2.88,74,239,74_239,24.12499211436781,2026-09-16 07:31:37.022926,19.4
1270ee70-ba6e-4dde-88b1-0d81bfd65d20,24119,13,22,1,3,1.0,1.52,74,75,74_75,16.770317791399098,2026-09-16 07:31:37.022926,10.366666666666667
63b3f9ee-28fe-45a9-8e6c-2c2070b53320,14925,17,14,1,2,1.0,0.45,134,134,134_134,4.1416719065709104,2026-09-16 07:31:37.022926,4.566666666666666
a2f56f90-34b0-4dac-a30e-55f2c1090ab2,26337,22,23,1,4,2.0,0.78,181,25,181_25,6.131089641442903,2026-09-16 07:31:37.022926,4.583333333333333
b6bf1a41-03fa-4033-b5a0-cb758c5b0112,10180,15,10,1,5,1.0,1.04,97,106,97_106,10.486001843363349,2026-09-16 07:31:37.022926,11.316666666666666
8dffa854-dbea-4e35-9194-ab8261e3fbd0,9813,9,10,1,5,2.0,4.46,82,80,82_80,19.662005608203753,2026-09-16 07:31:37.022926,20.7
ae4cb7af-5bfe-4328-b6f0-e1f619405b16,21770,16,20,1,1,1.0,0.95,130,215,130_215,7.2527834500943476,2026-09-16 07:31:37.022926,8.216666666666667
046c3bdc-bcc8-455c-9f39-58faaa2cbf35,33975,8,31,1,5,1.0,7.93,95,9,95_9,28.814462036381162,2026-09-16 07:31:37.022926,22.616666666666667
09c710a7-4f19-4c75-9918-f6de096bbad9,34331,14,31,1,5,1.0,2.61,95,28,95_28,13.970884458474394,2026-09-16 07:31:37.022926,12.7
affc09f1-43b5-4ae5-b980-b6c6ea2889ab,226,6,1,1,3,2.0,14.3,264,218,264_218,29.675836697548533,2026-09-16 07:31:37.022926,32.68333333333333
b37af059-560b-46d8-ba38-18dc615e11f7,32965,12,30,1,4,2.0,1.94,260,157,260_157,18.450025658725068,2026-09-16 07:31:37.022926,11.15
b8905bb2-14ab-4539-a4e6-9581a2128565,17008,9,16,1,4,1.0,1.92,43,239,43_239,11.249923739281853,2026-09-16 07:31:37.022926,8.85
298e84d2-0afb-46fb-856e-6333727b0d4a,26886,14,24,1,5,1.0,2.56,41,244,41_244,14.385385573701706,2026-09-16 07:31:37.022926,13.566666666666666
c314b0d2-26ea-43d2-9947-d386ff28a4c1,29417,19,27,1,1,1.0,0.99,130,130,130_130,10.103604989217802,2026-09-16 07:31:37.022926,9.7
f1c14ed3-9ee9-42ff-a282-9b50cb68a20d,33954,7,31,1,5,1.0,0.0,56,56,56_56,3.0256701696292203,2026-09-16 07:31:37.022926,0.0833333333333333
bde36d55-3e9b-4cb7-9170-c333ed1bb8e0,11792,8,12,1,0,1.0,1.43,41,74,41_74,11.35765476071654,2026-09-16 07:31:37.022926,6.866666666666666
c59c566f-8665-410e-b0a3-c0dbd96e070d,9303,18,9,1,4,1.0,2.6,74,263,74_263,16.492222706386887,2026-09-16 07:31:37.022926,14.666666666666666
a5d1d93c-1c3e-4ed4-a9bc-bf0c7835bb4a,297,10,1,1,3,1.0,2.31,74,236,74_236,11.790760884926657,2026-09-16 07:31:37.022926,9.1
21359492-d570-4fb8-8772-6852989b0874,19818,23,18,1,6,1.0,4.77,116,127,116_127,16.287172641546025,2026-09-16 07:31:37.022926,9.933333333333334
e957adde-ae8d-48c3-b18b-02a8e44356dc,25657,15,23,1,4,1.0,0.9,75,236,75_236,7.8342401440019485,2026-09-16 07:31:37.022926,9.55
ca5da80d-21c1-495c-8470-bf7ac6aa5895,25484,12,23,1,4,1.0,0.55,75,75,75_75,5.270145544382792,2026-09-16 07:31:37.022926,4.766666666666667
3ae0c0bf-afa9-433c-a956-c7248ce7eaa8,28165,18,26,1,0,1.0,0.02,173,173,173_173,1.6772295174152396,2026-09-16 07:31:37.022926,0.0666666666666666
21d6a12a-6e0e-4a94-854e-95305f2e0af3,6252,10,7,1,2,1.0,2.93,74,239,74_239,18.649445238408724,2026-09-16 07:31:37.022926,16.9
0c410632-48b6-4ea8-9c43-2649bc7cd2a0,21561,14,20,1,1,1.0,1.08,74,75,74_75,8.462120865448048,2026-09-16 07:31:37.022926,5.55
0568f785-2411-4437-b9ed-c12e21f5dac3,17843,18,16,1,4,1.0,4.37,260,70,260_70,20.561815160263293,2026-09-16 07:31:37.022926,20.916666666666668
98606c2d-da8b-4868-be62-3ac2dd942a2e,432,14,1,1,3,1.0,4.8,247,242,247_242,19.56808143703127,2026-09-16 07:31:37.022926,25.466666666666665
aadab466-3537-4df9-be5f-29a8f2b71c98,10044,13,10,1,5,1.0,1.4,166,151,166_151,8.168148286924236,2026-09-16 07:31:37.022926,6.766666666666667
d0bcd9b5-3d27-4a1c-b6c7-5712d9b7be14,18608,16,17,1,5,1.0,2.4,97,188,97_188,17.740144681964008,2026-09-16 07:31:37.022926,15.85
979f6392-fd14-4aa3-b0bd-b8d4bafeed6d,13793,18,13,1,1,1.0,3.32,134,216,134_216,19.001260492122274,2026-09-16 07:31:37.022926,23.416666666666668
d4917096-5f9c-4c95-880e-cc041fe65d42,22712,11,21,1,2,1.0,3.5,75,48,75_48,22.13595797526293,2026-09-16 07:31:37.022926,19.3
884057b9-ebb7-4bab-bd3b-2cc2f00b6f53,6187,9,7,1,2,2.0,3.21,43,163,43_163,21.47550131095137,2026-09-16 07:31:37.022926,20.183333333333337
ccabf82c-1e3c-49d0-84c1-5832bf5fe498,10788,7,11,1,6,1.0,2.69,74,238,74_238,11.730925168971785,2026-09-16 07:31:37.022926,12.65
9c6a38c6-1730-44a4-906e-7c71807f79bd,21271,10,20,1,1,1.0,1.2,74,75,74_75,9.19733267522434,2026-09-16 07:31:37.022926,7.516666666666667
7a46b4d1-13b1-43ec-a0ed-2afafddb67f6,23410,19,21,1,2,1.0,1.8,74,24,74_24,10.472244641627011,2026-09-16 07:31:37.022926,12.25
b02f0ec5-910b-409d-af06-b6c8fa9ac0e7,21950,18,20,1,1,1.0,1.65,75,24,75_24,11.139198790408217,2026-09-16 07:31:37.022926,10.383333333333333
4038e445-a5de-421a-b8e7-ad34ccaa7688,29945,9,28,1,2,1.0,1.76,74,166,74_166,16.547426688817882,2026-09-16 07:31:37.022926,13.433333333333334
c8db8eab-f35c-414f-9ecc-9dae4ac5a320,23673,6,22,1,3,1.0,0.77,74,74,74_74,6.140299205391394,2026-09-16 07:31:37.022926,10.35
2986e169-72d2-4245-9177-f09c0f04a21f,6347,12,7,1,2,1.0,0.58,75,263,75_263,5.249686531819524,2026-09-16 07:31:37.022926,3.283333333333333
53d67bb5-6f48-4373-88e8-8efe0fd968ba,214,5,1,1,3,1.0,0.66,235,235,235_235,2.8209360048123444,2026-09-16 07:31:37.022926,2.8333333333333335
4952d74a-b734-45a1-b4f1-295940c0863d,16469,18,15,1,3,1.0,3.95,82,138,82_138,13.8776922836103,2026-09-16 07:31:37.022926,17.633333333333333
07b6074b-3541-4153-bfd1-64185f5a0140,24890,21,22,1,3,1.0,1.61,75,263,75_263,9.131049149461317,2026-09-16 07:31:37.022926,7.233333333333333
190c7853-a135-4755-b096-cdb4a05f3ef3,21154,8,20,1,1,1.0,6.69,152,140,152_140,24.09070824781909,2026-09-16 07:31:37.022926,28.75
f485b509-360e-455f-8013-eaf72f0682fa,16361,18,15,1,3,2.0,3.73,82,138,82_138,12.154920740299763,2026-09-16 07:31:37.022926,16.516666666666666
c7aa4a71-3215-4dc7-b67f-bc6e779d1d7e,16954,8,16,1,4,1.0,1.46,74,75,74_75,11.777357310410197,2026-09-16 07:31:37.022926,11.8
cc2400ce-609e-4cd1-877e-cf53bf16c793,4462,17,5,1,0,1.0,1.42,75,74,75_74,7.681194049012384,2026-09-16 07:31:37.022926,7.983333333333333
461d4698-417a-4bb9-8fbb-a1e0b73c37b7,170,3,1,1,3,2.0,8.26,34,26,34_26,30.496255074379,2026-09-16 07:31:37.022926,17.933333333333334
3d823663-fa50-4a40-b5d6-020b3e5a4eaa,5465,16,6,1,1,1.0,7.95,82,130,82_130,32.7161896179929,2026-09-16 07:31:37.022926,47.083333333333336
43a6e193-2c16-4efc-b1ff-e17a852579c4,32526,6,30,1,4,1.0,1.06,74,74,74_74,8.741450993937555,2026-09-16 07:31:37.022926,11.25
bcfb535c-c22a-4d01-abdf-626ef15f485a,26106,19,23,1,4,1.0,2.86,75,142,75_142,17.81743806560244,2026-09-16 07:31:37.022926,16.266666666666666
0873e886-9c62-4d69-8e36-af6ab6b9606a,24293,15,22,1,3,2.0,1.36,95,196,95_196,11.260450990879313,2026-09-16 07:31:37.022926,9.1
8a5d9f17-1f55-4c92-bb35-3591f0126797,3105,14,4,1,6,2.0,4.7,41,164,41_164,25.20244511107521,2026-09-16 07:31:37.022926,36.333333333333336
2c6a4520-d89d-43f1-ae89-6fa4e9567e8b,1967,9,3,1,5,6.0,1.39,43,262,43_262,7.549215232751773,2026-09-16 07:31:37.022926,6.666666666666667
ea5692bf-9322-4b4b-82da-50c53a857566,31860,16,29,1,3,1.0,2.37,65,181,65_181,22.519786103977502,2026-09-16 07:31:37.022926,19.216666666666665
50896473-ea34-42da-bebf-590c193c2752,9916,11,10,1,5,1.0,1.21,74,41,74_41,7.400472862516541,2026-09-16 07:31:37.022926,8.0
292ad88e-a1c4-4830-ac00-445e1c3c6f3e,1377,16,2,1,4,5.0,3.05,75,141,75_141,16.97850067837986,2026-09-16 07:31:37.022926,12.633333333333333
45b2ab85-32a4-4659-bb7e-78456fa78e83,21186,9,20,1,1,1.0,0.84,74,41,74_41,6.634985721805013,2026-09-16 07:31:37.022926,6.316666666666666
972a02df-40b7-4636-b55f-abd84d0e9b82,7737,15,8,1,3,2.0,1.1,75,43,75_43,8.43771104510014,2026-09-16 07:31:37.022926,9.166666666666666
f9b2fbac-fa1e-4c3a-a159-9507360ad42a,19874,2,19,1,0,1.0,1.35,95,102,95_102,6.308252063682922,2026-09-16 07:31:37.022926,5.2
dbbdeeb7-353d-494d-a1e1-59baeb630274,26303,21,23,1,4,1.0,1.07,82,129,82_129,9.013023615390466,2026-09-16 07:31:37.022926,10.0
35a2c7b6-b2e5-470b-935e-33cfc641f644,34367,15,31,1,5,2.0,2.46,74,263,74_263,17.74030891665158,2026-09-16 07:31:37.022926,18.4
fe6b5602-ac00-49fd-a08d-069a07e69d5d,4824,6,6,1,1,1.0,1.03,74,74,74_74,7.138506609947036,2026-09-16 07:31:37.022926,9.333333333333334
898a535b-959b-40f6-b16a-b64c820f075b,30719,18,28,1,2,1.0,0.92,75,236,75_236,8.403816337492444,2026-09-16 07:31:37.022926,8.816666666666666
c22cd9f4-dc5c-4ae9-b29e-d23a2efd453a,20512,17,19,1,0,1.0,1.02,166,238,166_238,5.169606301032644,2026-09-16 07:31:37.022926,6.616666666666666
b2e5484d-d191-4837-8670-87a346ae55a0,1941,8,3,1,5,1.0,6.6,74,138,74_138,12.059211787175364,2026-09-16 07:31:37.022926,13.45
8cd57549-0788-42c7-9e36-38e01f99a356,6851,18,7,1,2,1.0,1.98,95,197,95_197,13.067069916511176,2026-09-16 07:31:37.022926,13.6
788461aa-c111-42cc-b1b7-a7a7619bb90e,31913,16,29,1,3,1.0,1.05,41,42,41_42,10.347613967306458,2026-09-16 07:31:37.022926,8.966666666666667
a981ab82-38c4-497d-aada-914c584eaa42,8096,17,8,1,3,2.0,1.98,43,238,43_238,12.971945884121732,2026-09-16 07:31:37.022926,14.633333333333333
234ad032-6e01-4905-98d8-4a3f59071516,12728,19,12,1,0,1.0,8.09,82,263,82_263,27.578135792903158,2026-09-16 07:31:37.022926,25.733333333333334
ee19486d-165e-46ed-b41d-007e2bb2c61c,10233,16,10,1,5,1.0,1.38,75,42,75_42,8.304642140358213,2026-09-16 07:31:37.022926,6.116666666666666
c9c58476-ecdf-41c6-b05d-6a106b8315a0,5696,18,6,1,1,1.0,2.53,129,7,129_7,15.995366428171396,2026-09-16 07:31:37.022926,14.733333333333333
8dfae004-8d0d-4e53-a928-17b81d350745,23852,9,22,1,3,2.0,3.35,74,239,74_239,22.087696085210805,2026-09-16 07:31:37.022926,18.766666666666666
173e7562-a74a-4315-9622-c198836971a8,28386,7,27,1,1,1.0,3.45,74,239,74_239,28.39924337742,2026-09-16 07:31:37.022926,19.733333333333334
24920e0b-4c4d-43e8-a934-ab968e4356d1,11656,4,12,1,0,1.0,1.19,243,244,243_244,6.495409442081581,2026-09-16 07:31:37.022926,4.516666666666667
fa4b6974-23b1-4a43-908f-644b5965fc99,19804,22,18,1,6,1.0,3.78,25,249,25_249,18.14764346843779,2026-09-16 07:31:37.022926,17.316666666666666
74926748-b4c7-40e3-8eda-e6f43e4cc537,32117,18,29,1,3,1.0,1.93,97,17,97_17,19.592330043739572,2026-09-16 07:31:37.022926,27.8
91057d8e-3715-4c4a-9265-b9178e824281,11893,9,12,1,0,1.0,2.58,74,236,74_236,16.910110130547846,2026-09-16 07:31:37.022926,23.616666666666667
3442f3ce-54dc-400f-81c4-1436327bfdce,28712,11,27,1,1,6.0,2.09,75,239,75_239,21.139372802637684,2026-09-16 07:31:37.022926,20.516666666666666
59166bc9-006f-4e79-a3d5-5a3be3640352,24230,14,22,1,3,6.0,6.2,75,68,75_68,32.280992795310055,2026-09-16 07:31:37.022926,28.733333333333334
083f3623-e5d0-482e-994a-dbed81c126ee,25163,8,23,1,4,1.0,2.6,74,237,74_237,18.767163710413755,2026-09-16 07:31:37.022926,26.85
b5fde7ae-7ba2-4d74-9f91-d04e8b0d1d29,6405,13,7,1,2,1.0,1.98,74,236,74_236,14.613683435665752,2026-09-16 07:31:37.022926,11.8
87d27ce4-ed32-4ff4-9b7e-ed79a5c24274,31910,16,29,1,3,1.0,0.04,92,53,92_53,1.2087727677899212,2026-09-16 07:31:37.022926,10.716666666666669
1f4b4593-68d8-4776-91be-69b252215f68,34,0,1,1,3,1.0,6.74,40,234,40_234,27.702323523032963,2026-09-16 07:31:37.022926,27.933333333333337
0eeeaa1e-b050-41d6-b679-f3cf690f62a8,10388,18,10,1,5,2.0,1.61,65,181,65_181,12.033736726847819,2026-09-16 07:31:37.022926,13.1
51227886-0173-4156-925b-c3cb941964f9,14442,10,14,1,2,1.0,1.45,74,75,74_75,11.759783637402093,2026-09-16 07:31:37.022926,8.25
882c0923-0a2f-467b-bc10-5e7d2c17de04,24771,19,22,1,3,1.0,2.24,74,236,74_236,12.405770771563283,2026-09-16 07:31:37.022926,12.933333333333334
e732d9b6-2e6f-4729-9df0-6686d8b52e98,23103,16,21,1,2,1.0,0.86,75,74,75_74,5.492838763407718,2026-09-16 07:31:37.022926,4.033333333333333
3f09e569-386e-4a84-8ec6-a753a764c0a2,3234,16,4,1,6,1.0,1.13,7,260,7_260,7.506054356044292,2026-09-16 07:31:37.022926,6.3
1e4e58ea-4243-406c-9f35-db4971174b11,22267,0,21,1,2,1.0,5.3,216,82,216_82,18.356853486454504,2026-09-16 07:31:37.022926,17.616666666666667
642c60e3-6347-4ca3-a6bf-67fa7260fe70,7873,16,8,1,3,1.0,1.69,95,135,95_135,11.741559926842903,2026-09-16 07:31:37.022926,19.233333333333334
333917cc-1f4e-487d-9383-25882c45cacf,132,2,1,1,3,1.0,0.87,82,129,82_129,5.93531358763665,2026-09-16 07:31:37.022926,5.583333333333333
5bd05aa6-7c24-4999-92d0-018305a05394,23755,8,22,1,3,1.0,1.37,41,238,41_238,11.061364778366018,2026-09-16 07:31:37.022926,6.783333333333333
5b21f8de-8a95-48e9-8f83-64db291fe4b1,17444,15,16,1,4,1.0,0.8,74,42,74_42,6.7926182014249115,2026-09-16 07:31:37.022926,16.766666666666666
756ab440-5459-4e7f-be91-ea3a4f699267,1287,15,2,1,4,1.0,1.25,75,74,75_74,6.512570051607173,2026-09-16 07:31:37.022926,4.733333333333333
bc534b0f-471b-405f-866e-cefb08f32a57,32379,21,29,1,3,1.0,1.09,95,196,95_196,7.285288066471485,2026-09-16 07:31:37.022926,10.983333333333333
a4d7767c-c2e8-4c50-8bdf-81bdb223e5b2,28915,14,27,1,1,1.0,1.6,74,42,74_42,15.857167345713831,2026-09-16 07:31:37.022926,10.216666666666669
cc298ccf-9eb7-4a60-b5bb-be343db5bab7,26296,21,23,1,4,1.0,0.03,181,181,181_181,1.5804647914919785,2026-09-16 07:31:37.022926,1.6
854e01db-7010-4fb3-8507-0ef4237c5c90,16958,8,16,1,4,3.0,1.89,75,166,75_166,12.852758663611437,2026-09-16 07:31:37.022926,10.933333333333334
3d806bdf-9d89-4da8-8d74-52b8845cff33,10577,20,10,1,5,1.0,8.06,74,208,74_208,21.03837753910859,2026-09-16 07:31:37.022926,20.983333333333334
68fd4b01-594b-4272-8941-e9174b0a216a,16180,16,15,1,3,1.0,0.98,75,263,75_263,8.196166783821024,2026-09-16 07:31:37.022926,8.25
19d0edca-e9a9-453c-ad29-b7b9e1421d9c,486,15,1,1,3,1.0,1.41,74,41,74_41,8.075587034809963,2026-09-16 07:31:37.022926,7.683333333333334
f80e1c5a-e28c-430a-a314-5fc1752a7097,15818,11,15,1,3,1.0,4.4,244,220,244_220,13.023844732458768,2026-09-16 07:31:37.022926,13.983333333333333
2d326ee5-35c2-4309-96d8-5bde8a49bb04,29460,20,27,1,1,2.0,2.49,166,236,166_236,23.351715486725084,2026-09-16 07:31:37.022926,13.266666666666667
265975fd-974a-4ecb-8bf9-a17ff6126214,12120,12,12,1,0,1.0,2.9,43,264,43_264,17.659546980336213,2026-09-16 07:31:37.022926,28.366666666666667
f23972ca-d3ef-4a7f-9e67-da7e1dba7164,11587,22,11,1,6,1.0,8.6,243,43,243_43,23.61184042765132,2026-09-16 07:31:37.022926,19.333333333333332
8737e844-6b16-4e83-961f-d4fb9901d071,16296,17,15,1,3,1.0,3.7,82,138,82_138,11.761948269609737,2026-09-16 07:31:37.022926,11.033333333333331
1d0ecaa3-6bc1-41ab-ace6-e5f90d2468ac,6018,7,7,1,2,1.0,4.45,74,233,74_233,19.762235234002713,2026-09-16 07:31:37.022926,23.583333333333332
90b18c53-697d-4d91-bf67-4a16682cb4d7,33481,18,30,1,4,5.0,8.22,7,53,7_53,36.449182848420044,2026-09-16 07:31:37.022926,32.85
2ada4803-6890-4031-bac6-68cdcd8f157f,21259,10,20,1,1,1.0,1.01,166,152,166_152,6.218866877769025,2026-09-16 07:31:37.022926,3.5166666666666666
3f4e6666-2f8a-4a14-9c3c-f9b37688d130,17043,9,16,1,4,1.0,0.83,41,74,41_74,6.358279182966928,2026-09-16 07:31:37.022926,9.583333333333334
0cbaf755-ad69-4c49-a5e8-2aaf0cf62200,2607,21,3,1,5,1.0,13.45,130,264,130_264,39.2315946596108,2026-09-16 07:31:37.022926,28.066666666666663
049cff36-139c-413e-b278-2ff1490b93ed,771,22,1,1,3,1.0,0.56,82,129,82_129,6.790464160916484,2026-09-16 07:31:37.022926,5.166666666666667
49126a37-f847-4005-8e24-a4dc9b8d58e6,20387,15,19,1,0,1.0,3.05,43,162,43_162,24.885288347635274,2026-09-16 07:31:37.022926,18.2
50a3a9c2-922e-47f8-8b35-39d87d6b655e,29283,18,27,1,1,2.0,13.69,129,132,129_132,37.35629918416424,2026-09-16 07:31:37.022926,49.333333333333336
b19cb202-ccdf-460a-b51f-3b285407e47e,16527,19,15,1,3,1.0,1.44,75,238,75_238,8.836601011435983,2026-09-16 07:31:37.022926,8.266666666666667
3798f688-b1cb-4ba4-be1f-87ee233da982,18301,10,17,1,5,1.0,1.47,74,75,74_75,7.564706719251518,2026-09-16 07:31:37.022926,7.283333333333333
3893e34a-ef4b-4ae2-829a-0aeab96ebfe7,19577,17,18,1,6,2.0,3.74,65,255,65_255,22.464924894824993,2026-09-16 07:31:37.022926,21.5
95276167-279d-4471-9262-b14a01a10892,31191,8,29,1,3,1.0,3.3,74,237,74_237,34.84393653744888,2026-09-16 07:31:37.022926,42.56666666666667
c7cffdeb-a2ab-4e34-b1b0-af0feea3e195,2248,15,3,1,5,1.0,4.89,215,139,215_139,22.810048686244368,2026-09-16 07:31:37.022926,17.633333333333333
4d5a31c5-d77d-4192-a6cc-8b28a45d9a5c,14153,7,14,1,2,1.0,1.65,65,40,65_40,12.288940283902162,2026-09-16 07:31:37.022926,9.8
875a4888-4879-4e27-8fd5-d04042ad17e3,16716,22,15,1,3,1.0,2.45,25,195,25_195,12.458578932486224,2026-09-16 07:31:37.022926,10.283333333333331
0dad758d-f3eb-425f-9a30-e5100c45c8e4,2779,6,4,1,6,1.0,1.46,129,173,129_173,10.503679266367389,2026-09-16 07:31:37.022926,12.15
26c4a055-8316-4f3b-b7bc-4c7117caab54,17838,19,16,1,4,2.0,1.36,75,74,75_74,6.233018390070008,2026-09-16 07:31:37.022926,5.866666666666666
c3078bbe-e8b8-46b3-9190-3807df424411,8763,12,9,1,4,1.0,0.05,83,83,83_83,1.791876799266316,2026-09-16 07:31:37.022926,0.0833333333333333
d90e4551-c27b-40e1-b4eb-a16060383f4c,18967,23,17,1,5,1.0,2.0,145,179,145_179,10.547587767020477,2026-09-16 07:31:37.022926,9.466666666666669
7d664601-c8c6-42e9-bdbf-32e6b875ae1f,17570,16,16,1,4,2.0,1.37,75,151,75_151,10.354043375004766,2026-09-16 07:31:37.022926,16.55
f069baed-33d8-4623-a119-93b3ce686dae,19954,9,19,1,0,1.0,10.88,42,88,42_88,32.04039148787452,2026-09-16 07:31:37.022926,23.716666666666665
9c4567b1-248b-43e4-8a1f-644ed47e2bba,6902,18,7,1,2,1.0,2.06,74,24,74_24,14.270628670030677,2026-09-16 07:31:37.022926,14.666666666666666
dae03350-a561-4d27-9089-69fe11466125,12169,13,12,1,0,1.0,0.7,65,97,65_97,7.811558493268638,2026-09-16 07:31:37.022926,7.233333333333333
0f8802c6-7416-490e-a84a-99ded4194b37,30718,18,28,1,2,1.0,1.24,75,74,75_74,8.121370481185645,2026-09-16 07:31:37.022926,6.05
d29d0b72-9741-49ae-8571-a899f59c38fe,8615,9,9,1,4,1.0,0.0,193,193,193_193,1.1463077651732414,2026-09-16 07:31:37.022926,0.7333333333333333
19a2c4b7-d023-48c3-be22-74ccfc375b79,24790,20,22,1,3,2.0,1.2,65,49,65_49,12.056722966632703,2026-09-16 07:31:37.022926,7.783333333333333
bbe24a20-05b7-4d44-88c2-37104a27f09c,5773,19,6,1,1,1.0,0.0,28,28,28_28,1.1171633518483224,2026-09-16 07:31:37.022926,0.0666666666666666
3739d69f-17c2-46b9-abcd-cdfa64bff831,18137,2,17,1,5,1.0,3.06,25,144,25_144,15.355362069515344,2026-09-16 07:31:37.022926,15.8
82838d4d-8259-4133-904d-1b3997ffc49b,2056,11,3,1,5,2.0,1.88,74,263,74_263,10.071944108617934,2026-09-16 07:31:37.022926,10.583333333333334
db0cf57f-fb71-4ec5-9df1-0bc8ce7c6393,9555,21,9,1,4,1.0,2.85,74,262,74_262,14.440991873639591,2026-09-16 07:31:37.022926,12.533333333333331
5b51e19d-f8bf-4f39-b646-ce4879f209fa,21398,12,20,1,1,1.0,3.27,97,188,97_188,22.97535158439617,2026-09-16 07:31:37.022926,25.533333333333335
6c1f3762-266b-403a-9a64-8e277421e849,7278,8,8,1,3,5.0,1.24,74,75,74_75,11.283870424813868,2026-09-16 07:31:37.022926,10.283333333333331
a3eb74ba-0993-47f0-8315-e4723236a2fd,12477,17,12,1,0,1.0,3.12,75,42,75_42,18.933375196496574,2026-09-16 07:31:37.022926,18.033333333333335
0fc82062-dc69-42b6-8cad-e367782ebb1d,10597,21,10,1,5,1.0,3.06,41,143,41_143,15.060427046102353,2026-09-16 07:31:37.022926,17.25
286b4060-931a-4970-8f65-3d0f06182450,12213,14,12,1,0,2.0,3.02,166,237,166_237,19.64271543256207,2026-09-16 07:31:37.022926,17.966666666666665
364215e9-6f4b-43ac-9aab-1fb202f32fc6,23904,10,22,1,3,1.0,2.9,74,262,74_262,20.34814398034209,2026-09-16 07:31:37.022926,26.283333333333335
f6318a82-c72f-426b-abda-b25b3fa71316,31597,13,29,1,3,2.0,2.71,260,138,260_138,19.851194535237703,2026-09-16 07:31:37.022926,18.0
aeb57ac5-57c0-463d-bd3b-4a6f4a52fdd7,26634,10,24,1,5,2.0,2.33,166,116,166_116,10.218890012852475,2026-09-16 07:31:37.022926,13.55
80154280-5858-4bc7-9b54-fd224e53fe48,10868,10,11,1,6,1.0,2.76,74,238,74_238,13.140819773169973,2026-09-16 07:31:37.022926,15.183333333333334
5a81b2a4-2b2b-48f3-ba29-1c5183791768,18205,8,17,1,5,4.0,2.11,166,239,166_239,10.297695547896947,2026-09-16 07:31:37.022926,11.35
938498bd-723c-4549-bb85-9ff78fedc00b,17849,19,16,1,4,1.0,0.0,55,264,55_264,1.0021302405067773,2026-09-16 07:31:37.022926,0.05
d26163d7-7e33-4d59-bbdd-79aa35f855b3,26753,12,24,1,5,1.0,1.8,74,166,74_166,11.18787795617941,2026-09-16 07:31:37.022926,14.216666666666669
0546e459-150a-4cff-814e-3bc20e94087b,13826,18,13,1,1,1.0,1.57,181,33,181_33,10.000614512609356,2026-09-16 07:31:37.022926,28.033333333333335
d923142b-2fb9-46ca-9837-7d1b981f3d31,5756,20,6,1,1,1.0,2.19,75,239,75_239,11.494827783788837,2026-09-16 07:31:37.022926,13.683333333333334
10abc0a8-3b62-4ecc-a51d-bf2c93a43d5a,18798,19,17,1,5,1.0,2.08,97,181,97_181,15.079810793071783,2026-09-16 07:31:37.022926,12.883333333333333
343a7b34-991b-4a53-a5a2-6beecb73e981,9907,11,10,1,5,2.0,2.95,75,163,75_163,16.551362524975097,2026-09-16 07:31:37.022926,15.216666666666669
122fc988-7cec-4328-b19e-412d147eaa73,32224,19,29,1,3,1.0,4.35,92,252,92_252,18.079278096535333,2026-09-16 07:31:37.022926,15.016666666666667
e6a3d5c9-98f2-43b1-8bd2-a9ba95666323,13530,15,13,1,1,1.0,0.57,7,7,7_7,5.411877843387758,2026-09-16 07:31:37.022926,4.55
57636525-d2fd-4f7a-8455-bb901c0a364b,25113,8,23,1,4,1.0,1.68,130,10,130_10,12.403260763243498,2026-09-16 07:31:37.022926,8.433333333333334
0806cb29-194d-4ed7-b5f7-c165838d15be,20026,10,19,1,0,1.0,2.84,244,166,244_166,14.422699808291474,2026-09-16 07:31:37.022926,12.083333333333334
cf623819-2387-4bbe-ab86-dd895f20a640,23097,16,21,1,2,1.0,0.83,97,66,97_66,12.42861256119535,2026-09-16 07:31:37.022926,13.433333333333334
bc3a6b1b-6f8d-4aed-b509-85180b9b280d,11652,2,12,1,0,1.0,10.22,82,28,82_28,25.340624642627045,2026-09-16 07:31:37.022926,35.983333333333334
25837f6c-d45d-47bb-bcd2-5a39859fc12f,6268,10,7,1,2,1.0,0.91,75,262,75_262,8.810403184974273,2026-09-16 07:31:37.022926,6.6
7d3e339d-dfbd-4399-b8b6-60070022a7ab,1187,13,2,1,4,1.0,0.0,74,74,74_74,1.2226599965729321,2026-09-16 07:31:37.022926,0.1
eae00041-ff5c-4651-a560-10bfe42e9cff,4567,19,5,1,0,1.0,2.19,43,140,43_140,12.180934557330401,2026-09-16 07:31:37.022926,15.766666666666667
c72aa42b-99b4-4788-8791-2c2851bbf5cf,27889,12,26,1,0,3.0,1.0,24,75,24_75,7.1157922535173785,2026-09-16 07:31:37.022926,7.633333333333334
5042e89a-3cee-4ec9-bebf-0740a184198e,12913,5,13,1,1,1.0,1.37,74,75,74_75,7.651124617131288,2026-09-16 07:31:37.022926,9.983333333333333
91b4c13b-573b-451a-8883-5c292e7f2764,5800,20,6,1,1,1.0,2.03,74,263,74_263,11.33627012075475,2026-09-16 07:31:37.022926,11.216666666666669
d00c7df2-3362-4fd1-9692-506499f55645,20987,7,20,1,1,1.0,0.6,75,75,75_75,4.8724758812057365,2026-09-16 07:31:37.022926,6.866666666666666
c4d19c7d-6a72-46b0-a2a2-806f2b0e60e6,34141,12,31,1,5,1.0,0.04,196,196,196_196,1.7901619178268706,2026-09-16 07:31:37.022926,0.1
6754cfdb-de6f-4fb6-a761-9b4d26341480,21462,12,20,1,1,1.0,2.17,92,92,92_92,18.923098790388682,2026-09-16 07:31:37.022926,10.65
fe962acf-e6f4-468a-9d8f-54da1588ca83,25310,10,23,1,4,1.0,1.8,74,236,74_236,13.893723427623911,2026-09-16 07:31:37.022926,18.616666666666667
f1bbb380-ba40-47f3-8cf3-3e22ecf63638,11108,14,11,1,6,1.0,4.05,66,255,66_255,20.94733881785134,2026-09-16 07:31:37.022926,28.966666666666665
1529b722-bc5a-4a50-acef-437bb869739c,6035,7,7,1,2,1.0,4.26,116,263,116_263,20.099300673115728,2026-09-16 07:31:37.022926,30.266666666666666
b2a3434e-60e2-414d-8350-345d375f0b3a,12369,16,12,1,0,1.0,1.2,97,25,97_25,12.257239090181471,2026-09-16 07:31:37.022926,9.083333333333334
7b162a65-ecd3-4d43-94f4-30081f147f12,15963,14,15,1,3,1.0,2.4,74,151,74_151,17.65863636454805,2026-09-16 07:31:37.022926,14.366666666666667
067ebaf8-fc55-4bb4-a506-2c85a2ef139f,11636,0,12,1,0,1.0,0.53,129,129,129_129,3.147049263758584,2026-09-16 07:31:37.022926,3.35
f5ff6b20-7549-47fd-87c9-2790ea97ed5a,2638,22,3,1,5,1.0,2.46,130,205,130_205,12.118242603211403,2026-09-16 07:31:37.022926,9.266666666666667
5657fe8f-a6e9-4910-94f7-05fb921f45c6,14924,17,14,1,2,1.0,3.01,75,142,75_142,19.93349544824641,2026-09-16 07:31:37.022926,17.3
b8961c79-9115-4211-81d2-6df724d27e6d,13512,15,13,1,1,1.0,2.66,95,135,95_135,16.816993730165077,2026-09-16 07:31:37.022926,21.833333333333332
48a65980-a673-444c-9dca-aa95ca56905a,4180,15,5,1,0,1.0,2.0,75,41,75_41,13.310207773478751,2026-09-16 07:31:37.022926,10.183333333333334
f49909a3-3ece-4662-b88b-236a543ce09b,32987,13,30,1,4,1.0,13.69,130,229,130_229,37.13182719690158,2026-09-16 07:31:37.022926,44.166666666666664
97cb4415-a266-4ab7-ad79-f6bee60fa121,29939,9,28,1,2,1.0,4.8,244,238,244_238,13.545704607368544,2026-09-16 07:31:37.022926,20.133333333333333
c6bec689-7fc7-4652-94f3-64dab90c950f,20140,12,19,1,0,1.0,1.0,74,41,74_41,6.481150179837276,2026-09-16 07:31:37.022926,5.233333333333333
1c5a40a3-2a8d-4900-8d87-f863bc894446,23285,18,21,1,2,1.0,1.02,74,41,74_41,7.320081107228509,2026-09-16 07:31:37.022926,7.966666666666667
a2d505d9-449e-4d8c-a05b-43401c0d9305,20031,10,19,1,0,1.0,2.34,74,43,74_43,14.15278205837804,2026-09-16 07:31:37.022926,7.566666666666666
62c07ad5-78b9-4832-bb84-019b9645becf,16864,7,16,1,4,4.0,0.54,116,116,116_116,4.720482996497634,2026-09-16 07:31:37.022926,4.233333333333333
28355eb9-30d8-4386-bb0b-80a5f1770c50,6724,17,7,1,2,1.0,1.5,43,151,43_151,10.482410927969134,2026-09-16 07:31:37.022926,8.366666666666667
ef0a4f11-6dc2-4570-8000-0cbce78c1eed,2672,22,3,1,5,1.0,6.26,66,170,66_170,21.223327404123857,2026-09-16 07:31:37.022926,17.033333333333335
17277466-b38e-4bff-8cd0-c3a70eaf2604,2631,21,3,1,5,1.0,0.95,74,41,74_41,5.892270874671938,2026-09-16 07:31:37.022926,5.6
deb3e182-4108-4261-8c99-3c1805667e2f,11608,23,11,1,6,1.0,13.4,65,41,65_41,35.57351388270593,2026-09-16 07:31:37.022926,31.25
9200ca32-daa9-4fbd-adf7-51575493b9bd,2867,7,4,1,6,1.0,1.22,41,238,41_238,7.0755223074105995,2026-09-16 07:31:37.022926,5.633333333333334
29d32abf-2920-4d54-80ab-59c00be4c8ea,17469,15,16,1,4,1.0,2.14,43,142,43_142,15.317214357577495,2026-09-16 07:31:37.022926,12.2
1b6e7add-5d44-48cd-9229-3e2fc427fe08,12038,11,12,1,0,1.0,1.25,82,129,82_129,9.536803841491329,2026-09-16 07:31:37.022926,8.8
8680f450-4cbd-40b9-a34f-3463f09aff48,19043,1,18,1,6,1.0,0.0,169,169,169_169,-0.7969003430229052,2026-09-16 07:31:37.022926,0.1
b327b95d-9c76-4c4a-b782-d81b0e36669f,33115,14,30,1,4,1.0,0.99,7,146,7_146,10.932240618892395,2026-09-16 07:31:37.022926,16.216666666666665
ac067689-d803-4d03-bc01-13515763abd4,15130,18,14,1,2,1.0,3.47,134,216,134_216,19.001260492122274,2026-09-16 07:31:37.022926,21.416666666666668
e743d652-278d-4438-94e1-3ad2d34ffd06,17665,17,16,1,4,1.0,2.87,66,189,66_189,21.747597822226936,2026-09-16 07:31:37.022926,26.8
9ca935e6-acb4-40a8-b789-ccc568ab1474,22588,9,21,1,2,1.0,2.47,74,263,74_263,17.266373155435293,2026-09-16 07:31:37.022926,12.95
e7fedf12-b5c0-4e10-aa6a-78e9911df4af,13706,17,13,1,1,1.0,0.86,95,95,95_95,6.7766304010427785,2026-09-16 07:31:37.022926,5.2
628fcd3e-7d64-4beb-80bd-23af65782e9a,18819,19,17,1,5,1.0,2.11,95,82,95_82,12.542235267445555,2026-09-16 07:31:37.022926,12.783333333333331
679f58bb-d89d-4ecc-b564-52d857b0b843,29535,21,27,1,1,2.0,0.0,70,70,70_70,1.7694069549046054,2026-09-16 07:31:37.022926,3.183333333333333
e716a16d-b36a-41f0-ab3b-0babd3e922e5,33662,20,30,1,4,1.0,0.62,75,75,75_75,6.0730502446587895,2026-09-16 07:31:37.022926,2.1666666666666665
dd09515b-4a0d-49d9-a975-e1d1f00b55c0,15980,14,15,1,3,1.0,0.94,75,236,75_236,7.750050905308419,2026-09-16 07:31:37.022926,11.133333333333333
51294b72-5fb2-4774-9551-e32cb06d72dd,18993,0,18,1,6,2.0,2.03,74,24,74_24,9.829189410213754,2026-09-16 07:31:37.022926,10.433333333333334
887a8ea6-a135-489d-a749-0dc075d1c564,15561,8,15,1,3,1.0,1.4,74,75,74_75,13.492582521891952,2026-09-16 07:31:37.022926,16.466666666666665
a0116dc4-49a1-4c90-afa1-957a3f924b58,359,12,1,1,3,1.0,2.48,74,151,74_151,13.003652753952846,2026-09-16 07:31:37.022926,14.516666666666667
8da8c000-e443-4e80-9520-a1ab17258ebd,21931,18,20,1,1,1.0,1.7,130,215,130_215,11.223690039094691,2026-09-16 07:31:37.022926,12.183333333333334
47008144-b233-4c38-9cd7-e0c5954a7858,27966,15,26,1,0,1.0,2.06,75,166,75_166,13.899439493299163,2026-09-16 07:31:37.022926,11.35
dbb07411-c531-42b6-8f25-7c0c3e533630,15876,12,15,1,3,1.0,2.94,74,140,74_140,20.381010103454884,2026-09-16 07:31:37.022926,18.116666666666667
1c5fc8de-2270-460b-ab6d-b8b7135405bb,12838,21,12,1,0,1.0,4.37,74,243,74_243,14.396550225665221,2026-09-16 07:31:37.022926,13.916666666666666
0c016c56-aab1-499f-980b-7edd2e666194,7917,17,8,1,3,1.0,1.38,41,42,41_42,9.813508426242313,2026-09-16 07:31:37.022926,7.25
ba8513d9-756b-42c2-a485-681d6ea9eae5,24768,19,22,1,3,1.0,1.78,102,95,102_95,11.008758731423516,2026-09-16 07:31:37.022926,14.433333333333334
2d78ea2b-40f9-43ce-aba3-6ed021558d51,23374,19,21,1,2,2.0,1.92,66,49,66_49,11.283088851285255,2026-09-16 07:31:37.022926,12.466666666666669
0eb375f6-a231-4df0-a918-acfa5dc3cc9b,14250,8,14,1,2,1.0,2.2,74,236,74_236,17.045279291441233,2026-09-16 07:31:37.022926,20.916666666666668
bfe4ae41-af1c-4402-8181-07ef46134aea,24980,0,23,1,4,1.0,1.18,95,95,95_95,6.761002489038836,2026-09-16 07:31:37.022926,9.116666666666667
e185ede1-73bc-4264-b583-eabd92ac5de8,16083,14,15,1,3,1.0,1.38,75,74,75_74,7.972534455067351,2026-09-16 07:31:37.022926,10.85
a61862ed-4e52-4296-83eb-b35f30f96d27,26853,13,24,1,5,1.0,2.6,74,237,74_237,13.493113583561978,2026-09-16 07:31:37.022926,10.233333333333333
4fcf550b-e885-49c5-8141-69472e5d389e,28981,15,27,1,1,1.0,1.2,75,75,75_75,12.14054138116306,2026-09-16 07:31:37.022926,23.5
7535ccd4-bc43-467f-99e4-fcee765b222e,20506,17,19,1,0,1.0,1.55,75,263,75_263,9.977536740793543,2026-09-16 07:31:37.022926,10.75
f754bb86-5e0f-4dc6-9b59-164f82811763,11100,13,11,1,6,1.0,1.23,65,33,65_33,12.264342127598816,2026-09-16 07:31:37.022926,11.7
13f13aa2-6401-4fa0-a8ff-107abc2f0126,17880,20,16,1,4,1.0,6.4,66,89,66_89,22.533155301088534,2026-09-16 07:31:37.022926,16.0
618f7296-3d84-4629-8248-c4047c7c8108,12954,7,13,1,1,1.0,1.3,74,75,74_75,10.072918080111585,2026-09-16 07:31:37.022926,14.683333333333334
c5978164-8ce9-4304-8e8a-634f040eb919,11393,18,11,1,6,1.0,8.48,42,90,42_90,29.640078307092676,2026-09-16 07:31:37.022926,30.55
9515b71b-31bb-422c-a67c-2a9438223022,29337,18,27,1,1,1.0,1.28,95,196,95_196,11.324850241811266,2026-09-16 07:31:37.022926,12.65
111f3db6-d14c-46bc-8698-d51045b0b048,29486,20,27,1,1,1.0,0.9,74,238,74_238,7.999329051983058,2026-09-16 07:31:37.022926,18.966666666666665
3ce94897-94c3-422c-a49b-f9125f31ad1f,6293,11,7,1,2,5.0,1.08,74,168,74_168,8.443185450079648,2026-09-16 07:31:37.022926,5.883333333333334
77cca22e-6764-4d8c-bfdc-40e242a15a04,20292,14,19,1,0,1.0,2.51,74,237,74_237,16.739952057113065,2026-09-16 07:31:37.022926,14.783333333333331
28f5a0f5-b1f4-4060-b029-54f82e1d27c8,18531,14,17,1,5,6.0,2.18,75,237,75_237,13.76134826366575,2026-09-16 07:31:37.022926,13.466666666666669
4a8c0f5c-7441-4091-a0ac-00900c866052,18525,14,17,1,5,1.0,5.88,42,230,42_230,35.31133563314924,2026-09-16 07:31:37.022926,20.3
5c5ee757-f3b8-4a60-9d6f-9eaa7dddf845,5520,17,6,1,1,1.0,0.86,43,151,43_151,5.2753141960715375,2026-09-16 07:31:37.022926,4.5
f524eeae-0b33-4279-97bb-246783d6e1a3,24728,19,22,1,3,1.0,0.06,200,200,200_200,2.2482160447048782,2026-09-16 07:31:37.022926,1.5666666666666669
d7522001-3596-43bb-929b-191f61d748b2,14948,17,14,1,2,1.0,1.54,55,55,55_55,10.99918603661884,2026-09-16 07:31:37.022926,7.1
98e595de-87fe-44dd-af3f-2313e5ed71c9,23652,6,22,1,3,1.0,1.31,74,75,74_75,9.67016646014279,2026-09-16 07:31:37.022926,17.0
3e83199d-8699-464f-9ddc-46e7e9914601,12862,22,12,1,0,1.0,16.99,210,265,210_265,26.362118108130176,2026-09-16 07:31:37.022926,19.783333333333335
812b6350-a7ff-4c80-8031-c322f7fd0503,22852,13,21,1,2,1.0,2.49,75,229,75_229,16.958161445580377,2026-09-16 07:31:37.022926,25.366666666666667
9a58aabf-a8bc-4aea-a547-815f503efa4d,33643,20,30,1,4,1.0,0.08,189,264,189_264,0.8496298989631829,2026-09-16 07:31:37.022926,0.05
b818521e-22c8-4ea4-bc73-6b3918e8e680,10639,22,10,1,5,2.0,2.07,80,36,80_36,10.882145803466848,2026-09-16 07:31:37.022926,13.35
5d86efe0-c154-4f42-808f-d6bbaae142be,13370,13,13,1,1,1.0,2.3,74,262,74_262,17.02480784611688,2026-09-16 07:31:37.022926,10.083333333333334
db997775-35e2-4cfc-b3f5-b09045c5dbc0,30355,15,28,1,2,1.0,1.48,95,95,95_95,15.920332525617948,2026-09-16 07:31:37.022926,15.7
7db05729-5099-4bf2-8f5b-96ddc112e0a1,31673,14,29,1,3,1.0,1.22,166,41,166_41,11.442017021643176,2026-09-16 07:31:37.022926,10.483333333333333
2660c512-020f-47a9-a3ff-6eae832fcd42,20923,0,20,1,1,1.0,0.0,73,264,73_264,0.640118464778517,2026-09-16 07:31:37.022926,0.05
dc967218-753c-487b-b645-279153140835,31052,0,29,1,3,1.0,0.76,82,129,82_129,8.105511156413284,2026-09-16 07:31:37.022926,4.066666666666666
194de6a9-c6dd-464e-958f-89a6c2e231a9,4232,15,5,1,0,1.0,2.18,41,151,41_151,15.085153771875929,2026-09-16 07:31:37.022926,14.05
977f38a2-296d-43ee-86cc-08ec12d09deb,22006,18,20,1,1,1.0,3.41,82,82,82_82,23.635768789184517,2026-09-16 07:31:37.022926,54.13333333333333
9f634328-004c-4f8a-aa0b-e6556f4b8135,31671,14,29,1,3,1.0,1.5,24,239,24_239,13.42295087987459,2026-09-16 07:31:37.022926,16.983333333333334
af9dcff6-9a42-4ba7-8cd1-c63e04e5b908,22109,20,20,1,1,1.0,1.98,43,239,43_239,9.102856772335052,2026-09-16 07:31:37.022926,7.866666666666666
3c47b0c7-c659-4474-a735-2e41258df9f9,8183,19,8,1,3,1.0,3.98,75,186,75_186,23.293613946323795,2026-09-16 07:31:37.022926,28.883333333333333
58ece8ff-8b33-4de1-8b06-4788a8035587,14787,15,14,1,2,1.0,1.56,43,42,43_42,11.659939268229712,2026-09-16 07:31:37.022926,10.833333333333334
2a55ba86-4188-4f34-a78e-d14ad3fb8963,17317,14,16,1,4,1.0,2.56,223,226,223_226,17.242142801307526,2026-09-16 07:31:37.022926,21.683333333333337
0e98d793-d989-4951-98ee-ffa9f7f62054,7749,15,8,1,3,5.0,1.0,75,263,75_263,8.090479425434472,2026-09-16 07:31:37.022926,13.333333333333334
594bbfb4-afcd-43a9-8430-cb6491a9ff25,2454,18,3,1,5,1.0,1.05,41,74,41_74,7.93423778675075,2026-09-16 07:31:37.022926,9.2
45aecc1a-1ef3-4041-b5de-2b7937573272,16001,14,15,1,3,1.0,2.12,166,239,166_239,14.024489395063293,2026-09-16 07:31:37.022926,11.65
635f4d1a-5006-458f-8224-3d19fcf7a82c,30158,12,28,1,2,2.0,3.49,74,244,74_244,28.75434617054358,2026-09-16 07:31:37.022926,27.116666666666667
82976c3c-2ae0-4bfe-accc-69e5fdd81a7a,18095,23,16,1,4,1.0,1.73,74,166,74_166,9.418407400652683,2026-09-16 07:31:37.022926,8.95
20548c6e-b6f4-43f9-b801-36fb979c7edb,25495,13,23,1,4,1.0,0.86,95,95,95_95,6.29160715468463,2026-09-16 07:31:37.022926,4.366666666666666
1000cdeb-81ed-420c-955d-62c811b58b0c,32905,12,30,1,4,1.0,1.06,82,129,82_129,10.58873930339701,2026-09-16 07:31:37.022926,11.233333333333333
ab11c23d-128a-49ae-a7ac-dd2913bcf0f0,10290,16,10,1,5,2.0,0.0,24,262,24_262,3.3177472278070708,2026-09-16 07:31:37.022926,17.1
04ccc17e-766c-429a-b717-549ec2e633d6,10954,11,11,1,6,1.0,1.09,134,95,134_95,6.327966717933829,2026-09-16 07:31:37.022926,7.416666666666667
9f9baa9c-6038-4339-8450-67b7ec6a3a17,1612,18,2,1,4,1.0,0.57,41,41,41_41,4.782813859106965,2026-09-16 07:31:37.022926,5.15
2c534c47-999a-41a4-a170-497ecf91eda9,21406,12,20,1,1,1.0,1.4,75,238,75_238,10.230433807047644,2026-09-16 07:31:37.022926,13.083333333333334
e4ce0313-0e0e-4bb8-9e7b-ab2d8a4e617d,26186,20,23,1,4,1.0,0.0,75,226,75_226,9.204836543536624,2026-09-16 07:31:37.022926,26.966666666666665
478772b9-71bd-44e5-9f9a-104ae23ef642,25236,9,23,1,4,5.0,5.94,95,191,95_191,24.986891385619582,2026-09-16 07:31:37.022926,17.583333333333332
60562ecc-3253-4bc3-8706-4b30ba68b8c7,19607,17,18,1,6,1.0,0.02,82,82,82_82,3.9481507195547474,2026-09-16 07:31:37.022926,0.75
084ba799-e0ab-4a1e-a4a8-167d270bf65d,30245,14,28,1,2,1.0,1.8,166,239,166_239,14.993077001241073,2026-09-16 07:31:37.022926,15.233333333333333
b99c64bc-1800-45a2-ab46-4d4686ca7286,619,18,1,1,3,1.0,0.23,89,89,89_89,2.699165381937677,2026-09-16 07:31:37.022926,0.8166666666666667
c738f600-cb22-4cf6-b8ca-8f4469f0f861,18651,16,17,1,5,1.0,2.59,82,82,82_82,16.76342195482478,2026-09-16 07:31:37.022926,56.13333333333333
04b20efc-4d08-43c2-9d03-ec1166ff0310,32933,12,30,1,4,6.0,1.42,75,74,75_74,11.617516662330928,2026-09-16 07:31:37.022926,5.65
901bbda6-e882-40bd-a021-542e46d9d93a,11711,7,12,1,0,1.0,1.1,55,55,55_55,8.062109965849707,2026-09-16 07:31:37.022926,4.516666666666667
f042ba88-a579-48e8-b60a-da2fb2f3a870,24069,12,22,1,3,1.0,5.09,134,173,134_173,19.58995620587723,2026-09-16 07:31:37.022926,19.2
4070a36a-22af-415e-bdc7-21dcbaacfe4d,29098,16,27,1,1,1.0,3.44,43,233,43_233,28.468465130501563,2026-09-16 07:31:37.022926,42.05
5ee168e3-0598-4508-8435-d3be4f7060fe,11673,6,12,1,0,1.0,1.48,74,43,74_43,9.19321876592994,2026-09-16 07:31:37.022926,7.583333333333333
7a096b8f-9bf3-48d3-85ef-c4d3a73e56ab,9807,9,10,1,5,1.0,4.72,41,164,41_164,20.176748279219115,2026-09-16 07:31:37.022926,21.2
432c818b-7806-4292-853c-136125c309d1,10995,12,11,1,6,1.0,2.4,95,56,95_56,13.966792502131119,2026-09-16 07:31:37.022926,13.466666666666669
9754fdd4-7c7b-4d3d-a910-16438c6fbe9e,13584,16,13,1,1,2.0,3.22,97,80,97_80,22.738494953575348,2026-09-16 07:31:37.022926,20.016666666666666
9b3d1086-0e6a-4b65-a3f1-14bc9fbae3a8,33639,20,30,1,4,1.0,0.63,75,75,75_75,6.0730502446587895,2026-09-16 07:31:37.022926,3.6333333333333337
9c305c80-ad1d-45c5-af32-0ec987546242,25291,10,23,1,4,1.0,1.98,130,215,130_215,13.215936596695588,2026-09-16 07:31:37.022926,13.733333333333333
f4465602-4c6c-4013-a0cf-e9a9cd036aa3,18247,9,17,1,5,3.0,5.3,244,142,244_142,14.790816408507999,2026-09-16 07:31:37.022926,11.733333333333333
8590507b-7063-4c5a-aefc-586c60fc19cd,23868,9,22,1,3,1.0,1.13,75,75,75_75,8.934948879768417,2026-09-16 07:31:37.022926,8.166666666666666
607ea9f5-e3c6-46ee-87ac-fd44ee91b79e,15837,12,15,1,3,1.0,1.9,210,55,210_55,13.422977398194112,2026-09-16 07:31:37.022926,9.0
17a091f8-b1af-4c07-969f-df92eb45f195,3744,8,5,1,0,2.0,2.2,74,263,74_263,14.286709839769195,2026-09-16 07:31:37.022926,9.416666666666666
d98ebee1-8c90-442c-bd66-08d356471790,16322,17,15,1,3,1.0,1.58,75,262,75_262,12.318192969280114,2026-09-16 07:31:37.022926,12.25
ab844fa0-b60a-42f6-a485-1880d0954b16,21828,17,20,1,1,1.0,2.19,260,7,260_7,15.222281961542045,2026-09-16 07:31:37.022926,13.183333333333334
83d49379-82fc-40d8-8f40-db552cd34f7b,8267,20,8,1,3,1.0,1.09,75,74,75_74,6.045357979147057,2026-09-16 07:31:37.022926,5.766666666666667
d36a49af-4579-40a4-9c86-03d6aaa2c4b0,10745,2,11,1,6,2.0,4.15,255,68,255_68,16.943040216519766,2026-09-16 07:31:37.022926,24.3
0c32f736-6768-48ca-a54e-ca8f6a7e53e2,11699,6,12,1,0,1.0,1.9,74,263,74_263,11.025960188768986,2026-09-16 07:31:37.022926,7.516666666666667
5b1f9fa2-fc94-4e7b-9e05-877620044eb3,2444,18,3,1,5,2.0,1.4,75,141,75_141,7.425936565436305,2026-09-16 07:31:37.022926,11.3
d0c34922-3e47-40af-a912-a17ceb3772dc,31094,6,29,1,3,1.0,1.36,74,41,74_41,9.603810303599476,2026-09-16 07:31:37.022926,10.766666666666667
2121a45b-fee3-4023-8436-a980aa1df03e,11562,21,11,1,6,1.0,2.06,75,141,75_141,12.236818554905327,2026-09-16 07:31:37.022926,11.1
f79c54a1-424e-4b45-9308-8583f3718dc0,24901,22,22,1,3,1.0,1.01,41,42,41_42,5.424281985398442,2026-09-16 07:31:37.022926,4.066666666666666
1b34bb7e-19e3-45ae-9629-5bd4db4e3b26,25341,11,23,1,4,6.0,0.96,75,236,75_236,7.288323636729764,2026-09-16 07:31:37.022926,17.316666666666666
6a217f4a-96b3-47a7-848a-580c5dcc1ac2,15142,18,14,1,2,1.0,5.79,95,70,95_70,25.782503516423525,2026-09-16 07:31:37.022926,17.6
4716b7e1-5c61-4dba-8ad9-0e237797475d,24302,15,22,1,3,1.0,0.7,41,74,41_74,6.332247264780705,2026-09-16 07:31:37.022926,6.316666666666666
3661c051-f8fd-437b-83ba-7c6cf40e3218,17682,17,16,1,4,1.0,3.8,74,239,74_239,23.064564220463392,2026-09-16 07:31:37.022926,29.15
03faf8f6-3f1a-488c-9ef2-ee6eb14f9af4,22761,11,21,1,2,1.0,1.21,75,74,75_74,5.91613932550517,2026-09-16 07:31:37.022926,5.05
518e77b8-49e5-4a1e-a03a-a3faa5841df6,30748,18,28,1,2,1.0,2.0,33,181,33_181,17.643878119948877,2026-09-16 07:31:37.022926,14.883333333333333
36fef367-2c33-4ddd-a80b-1b69ae8f2ce7,18918,22,17,1,5,1.0,12.33,265,82,265_82,24.75812278178203,2026-09-16 07:31:37.022926,28.316666666666663
05293adf-4352-4ef0-8035-bbde1e4072fb,15495,7,15,1,3,1.0,0.74,74,41,74_41,6.278682672169814,2026-09-16 07:31:37.022926,5.583333333333333
3a710c5b-b20a-4d77-9191-1b7086ee82c2,6834,19,7,1,2,1.0,1.28,75,262,75_262,9.372829619241474,2026-09-16 07:31:37.022926,7.416666666666667
090ee2ab-db6a-4418-a894-d23a65b11e31,8868,13,9,1,4,1.0,4.06,260,138,260_138,10.861525609549096,2026-09-16 07:31:37.022926,12.833333333333334
82405b09-3368-4622-a0c7-ab051631272d,32420,22,29,1,3,1.0,1.0,210,210,210_210,6.5474855864107875,2026-09-16 07:31:37.022926,5.166666666666667
676f2a12-a7bf-4dfa-b3a6-c69e850dbb8e,26957,15,24,1,5,1.0,0.7,41,166,41_166,5.814914925467433,2026-09-16 07:31:37.022926,5.583333333333333
efff6adf-ef89-4304-81ad-7f60ce3490e6,9391,19,9,1,4,1.0,3.4,74,7,74_7,16.575878444683923,2026-09-16 07:31:37.022926,8.35
ce02ac52-284e-4b0d-950d-c43a72704f5f,16348,17,15,1,3,1.0,2.97,196,134,196_134,18.867078478290516,2026-09-16 07:31:37.022926,24.516666666666666
e61af7c8-7541-4df5-83f4-a4498f69dbfc,33224,16,30,1,4,1.0,0.35,129,129,129_129,4.430284607343338,2026-09-16 07:31:37.022926,4.2
e289a72d-c7f6-4988-9a47-b95872034036,3203,16,4,1,6,2.0,2.19,260,82,260_82,13.08335115506713,2026-09-16 07:31:37.022926,18.35
51181af8-843e-4ee1-8017-f85bdbb65d8f,11163,15,11,1,6,1.0,1.7,7,146,7_146,11.166188045157526,2026-09-16 07:31:37.022926,11.2
76f5da0b-04c9-4813-a7ed-b6cd3a095799,22343,7,21,1,2,1.0,2.89,74,262,74_262,19.0975775527358,2026-09-16 07:31:37.022926,21.133333333333333
8af01705-5737-4725-bb81-0e76dfbbc80c,29442,20,27,1,1,1.0,2.22,74,236,74_236,12.058364120478624,2026-09-16 07:31:37.022926,11.116666666666667
de29f484-86b9-4e99-afdc-6fec5071209e,31807,16,29,1,3,1.0,0.0,193,193,193_193,1.4829251164272181,2026-09-16 07:31:37.022926,1.1833333333333331
57724533-cc9a-4ee1-bb4e-08e9c24f07eb,33314,16,30,1,4,1.0,2.33,41,263,41_263,21.949700492857666,2026-09-16 07:31:37.022926,18.666666666666668
370d7fc6-4429-44b5-ac71-319075f7f877,13615,16,13,1,1,1.0,3.28,97,61,97_61,23.556828280962623,2026-09-16 07:31:37.022926,30.233333333333334
808bb4e2-b3f2-435c-a5a5-805549f2a189,34656,19,31,1,5,1.0,3.53,75,116,75_116,16.325365267922713,2026-09-16 07:31:37.022926,18.95
06b751b9-8a27-4b33-b054-d2d350d79c25,7535,12,8,1,3,2.0,7.14,95,132,95_132,25.978766522066564,2026-09-16 07:31:37.022926,30.65
9679fb65-af99-4618-bde9-aa87ea5b0bd0,23436,20,21,1,2,1.0,1.04,95,196,95_196,7.553417288966291,2026-09-16 07:31:37.022926,6.4
ea08442f-3139-4440-82a2-4dcec345fb57,10005,13,10,1,5,1.0,5.16,65,48,65_48,25.08919218232516,2026-09-16 07:31:37.022926,20.666666666666668
1c4738e4-9a10-4699-b209-beb8426d9091,19618,18,18,1,6,2.0,0.82,181,97,181_97,6.316609160204172,2026-09-16 07:31:37.022926,7.75
822f1890-3447-4425-b514-690e0e66ccaf,4723,0,6,1,1,1.0,1.89,95,196,95_196,10.105105425617191,2026-09-16 07:31:37.022926,11.216666666666669
6b732715-9241-4ab4-82fe-3dcdd5f0f13c,11072,13,11,1,6,1.0,2.12,43,237,43_237,12.468995760491559,2026-09-16 07:31:37.022926,13.416666666666666
4efef1c6-9c5b-4cc9-8825-65b5b32d10cb,29467,20,27,1,1,1.0,7.67,166,211,166_211,24.58284184160871,2026-09-16 07:31:37.022926,26.466666666666665
15e9e50d-c6b6-4020-9b96-dabe9369fc80,29348,19,27,1,1,1.0,2.31,236,74,236_74,16.56387052654892,2026-09-16 07:31:37.022926,18.366666666666667
7c9e3b4f-2061-4ed1-8d3c-b26be854cd98,11097,14,11,1,6,1.0,1.94,74,236,74_236,11.747652152229684,2026-09-16 07:31:37.022926,10.1
8edf2bb2-32f5-4fc5-b716-02efa584fad3,8443,6,9,1,4,1.0,1.4,215,218,215_218,6.891677648722655,2026-09-16 07:31:37.022926,10.383333333333333
e4d08296-0503-407f-974c-28236fcb7d69,23182,17,21,1,2,1.0,3.31,74,140,74_140,21.82780753156849,2026-09-16 07:31:37.022926,22.5
246fc5da-750d-434d-9b7e-ac8d4a0dd53d,30411,16,28,1,2,2.0,0.0,145,145,145_145,3.1946657264442555,2026-09-16 07:31:37.022926,1.55
323b5b51-f20e-4207-a7f9-406e73a15dfc,3743,8,5,1,0,3.0,0.86,74,75,74_75,7.682766164436855,2026-09-16 07:31:37.022926,5.9
7d81c6bf-54b2-4f91-bb5b-b7c9ed6ffce0,23028,15,21,1,2,1.0,0.74,74,42,74_42,6.157960562019879,2026-09-16 07:31:37.022926,6.6
b6bb797b-5357-4f72-801a-e1ce33307a3b,13844,18,13,1,1,1.0,0.36,129,82,129_82,5.2084650028602715,2026-09-16 07:31:37.022926,6.233333333333333
a08c0452-d2d6-4cbd-b3d2-3f794fd6600a,26755,12,24,1,5,2.0,3.0,166,48,166_48,15.490956050195873,2026-09-16 07:31:37.022926,19.833333333333332
b530c347-6e0b-4497-a039-910a6eb0dea4,19583,17,18,1,6,1.0,4.99,75,48,75_48,24.392456392014985,2026-09-16 07:31:37.022926,20.733333333333334
7315968c-9137-41c7-8bbb-29ec98ebf3b3,10097,14,10,1,5,1.0,1.46,97,49,97_49,12.531259152887946,2026-09-16 07:31:37.022926,9.85
90f064a9-7ef3-4b18-a85d-81a0aa755bdb,27600,1,25,1,6,1.0,8.78,260,53,260_53,18.648251626589264,2026-09-16 07:31:37.022926,17.65
f9040660-d8a0-4aa3-9aff-8c6df2b6bc0f,28411,7,27,1,1,1.0,2.02,74,151,74_151,20.325165017899675,2026-09-16 07:31:37.022926,17.933333333333334
26de2487-cf0f-4120-881f-2d52fb898dbd,15649,8,15,1,3,1.0,1.33,74,75,74_75,12.924194927007864,2026-09-16 07:31:37.022926,14.55
c55f80b8-58d5-4d1c-b61a-8cd9b111e8a3,6747,17,7,1,2,1.0,1.39,75,74,75_74,7.3516356641848555,2026-09-16 07:31:37.022926,5.416666666666667
eba69fc9-9328-49fa-86d6-11fe21289e4b,20532,17,19,1,0,1.0,2.41,74,263,74_263,13.879253142654317,2026-09-16 07:31:37.022926,12.1
eb6ed908-afa3-4a3e-96f3-ddd9d9464f45,18540,15,17,1,5,1.0,2.94,74,237,74_237,16.321361377913103,2026-09-16 07:31:37.022926,16.283333333333335
f67a7755-85eb-4d90-8c4b-8ef10fafd740,1599,18,2,1,4,2.0,0.0,75,151,75_151,10.50806951646137,2026-09-16 07:31:37.022926,9.3
dc4cc5ef-8b51-4aec-a248-692419208a55,28986,15,27,1,1,1.0,1.63,95,102,95_102,16.94170853360214,2026-09-16 07:31:37.022926,16.966666666666665
2d0fba26-4f2b-4361-9bab-10affc9d5504,5814,20,6,1,1,1.0,1.96,75,239,75_239,9.925171034825766,2026-09-16 07:31:37.022926,6.95
28ad44bd-be44-441b-bd64-11529a9a9647,636,17,1,1,3,1.0,0.35,129,82,129_82,4.778039987309883,2026-09-16 07:31:37.022926,2.816666666666667
3f98770d-6210-444a-91b7-9f9748f27e95,4081,13,5,1,0,1.0,2.18,95,135,95_135,12.51391555318679,2026-09-16 07:31:37.022926,11.066666666666666
8888983f-e68a-4a83-bd2d-fe7d1346f70a,16637,21,15,1,3,1.0,3.51,66,181,66_181,16.726961310546113,2026-09-16 07:31:37.022926,14.816666666666666
f03fe3f4-3df5-4d63-b70d-35a83be97936,19983,9,19,1,0,1.0,0.96,75,236,75_236,6.058860785950384,2026-09-16 07:31:37.022926,4.65
034ecbb3-0526-4e39-a6aa-25bf4674ef24,20870,22,19,1,0,1.0,2.0,74,263,74_263,9.952373696997613,2026-09-16 07:31:37.022926,9.95
a0c569b9-b3ac-4bcd-98b1-c198b1bc363c,24003,11,22,1,3,1.0,1.98,134,121,134_121,7.585655106434953,2026-09-16 07:31:37.022926,7.95
9294e65b-72d9-4746-941f-6d0335186a2a,34580,18,31,1,5,1.0,0.98,134,28,134_28,7.185012996064275,2026-09-16 07:31:37.022926,7.25
eb64fffe-c3f4-4847-b57f-dc2c8cad10ab,15184,19,14,1,2,1.0,2.07,74,24,74_24,12.139099162523,2026-09-16 07:31:37.022926,10.783333333333331
f8556ece-018d-49b8-8d88-d9039b80e782,1983,9,3,1,5,2.0,3.62,74,239,74_239,17.21811756659318,2026-09-16 07:31:37.022926,13.383333333333333
dbdf5abc-33f3-4db4-946d-4c686873c1cc,1434,16,2,1,4,1.0,6.41,244,263,244_263,23.202880480377317,2026-09-16 07:31:37.022926,35.86666666666667
8633c5bd-cf32-4556-840b-aebac28630a9,5650,18,6,1,1,1.0,0.6,42,42,42_42,4.442853305703092,2026-09-16 07:31:37.022926,3.4166666666666665
a5e4ae06-ed7e-4260-b32a-3578c58679d9,5580,17,6,1,1,2.0,2.76,43,42,43_42,18.072048739910603,2026-09-16 07:31:37.022926,16.15
3012ca67-a54f-463b-896b-8bd13aadd4e6,23232,17,21,1,2,1.0,6.11,130,19,130_19,26.03346001014934,2026-09-16 07:31:37.022926,33.416666666666664
486bd593-03c0-4427-8cb5-754f3da748ae,34648,19,31,1,5,1.0,15.82,130,54,130_54,37.24213594933121,2026-09-16 07:31:37.022926,48.483333333333334
2c2f54f4-163b-4eb9-8f17-36f36eeb386e,25535,14,23,1,4,2.0,2.52,74,236,74_236,18.579641881665204,2026-09-16 07:31:37.022926,21.633333333333333
31c01cfa-d319-4d63-917b-ae1078043636,7621,13,8,1,3,1.0,2.72,25,148,25_148,18.806488191783824,2026-09-16 07:31:37.022926,11.583333333333334
0f0de38a-2411-4680-ac9e-b77c2c5ceedd,2308,16,3,1,5,2.0,3.38,97,188,97_188,21.41042964146773,2026-09-16 07:31:37.022926,18.283333333333335
1da51ac1-22d0-4673-83f5-f7d28dc29b47,8927,12,9,1,4,1.0,1.38,66,52,66_52,10.217542057394027,2026-09-16 07:31:37.022926,6.266666666666667
a2ddf518-1f2d-4f54-907c-0d47a7116718,3315,17,4,1,6,1.0,9.29,83,135,83_135,24.353532154277957,2026-09-16 07:31:37.022926,19.583333333333332
a67f8220-b7de-4f9e-9ca7-842522828a82,91,1,1,1,3,1.0,2.71,130,216,130_216,13.164697946118538,2026-09-16 07:31:37.022926,14.75
1f14060b-0572-4164-8b0e-de1f534c47ad,24153,13,22,1,3,2.0,1.1,75,262,75_262,11.984862434588603,2026-09-16 07:31:37.022926,8.966666666666667
543e81d4-cf11-43ca-9785-6d8418838ad2,26888,14,24,1,5,2.0,2.19,95,95,95_95,13.653379891340277,2026-09-16 07:31:37.022926,25.016666666666666
3e386973-2a01-4c93-b9c8-823fff5dfa8f,14469,11,14,1,2,1.0,1.2,75,74,75_74,5.984000199569195,2026-09-16 07:31:37.022926,5.016666666666667
e086b8f7-427c-45cd-8f6f-ba63106437c2,8728,11,9,1,4,1.0,7.77,244,140,244_140,26.19375673445555,2026-09-16 07:31:37.022926,19.033333333333335
a29ded6f-0993-4fd9-a5f5-ea39d107aef2,12881,0,13,1,1,1.0,7.61,129,97,129_97,18.7654288683952,2026-09-16 07:31:37.022926,26.95
46b73732-251a-4110-876c-9fd02d882f55,26569,8,24,1,5,1.0,1.93,41,142,41_142,9.15205580802401,2026-09-16 07:31:37.022926,9.7
c3e0eb5f-7398-4c40-9dfd-237aee03f233,23228,17,21,1,2,1.0,1.16,82,129,82_129,9.524956258384524,2026-09-16 07:31:37.022926,2.1666666666666665
161a8f57-1007-476f-90be-0fd25117165c,18379,12,17,1,5,1.0,0.74,74,41,74_41,5.3470093190834245,2026-09-16 07:31:37.022926,9.033333333333331
67deb11b-fd28-4e2b-8909-effd070d2f95,5113,11,6,1,1,3.0,2.97,95,82,95_82,19.653752798924582,2026-09-16 07:31:37.022926,22.216666666666665
7d598760-0023-449e-b642-1e7a933d7e5f,11793,8,12,1,0,4.0,2.63,166,236,166_236,15.618360065337361,2026-09-16 07:31:37.022926,18.416666666666668
919a141c-54e4-4c6d-8670-083f5fff3b4d,16668,21,15,1,3,1.0,1.99,210,21,210_21,12.56443628620619,2026-09-16 07:31:37.022926,11.95
91fbf363-3b0b-42ff-b312-467568fc06fe,17725,18,16,1,4,5.0,0.91,43,236,43_236,6.80419170017818,2026-09-16 07:31:37.022926,6.616666666666666
b0c972b1-b5a7-4789-9a23-dc29fc2c2f68,14529,12,14,1,2,1.0,1.48,74,43,74_43,11.95776581793488,2026-09-16 07:31:37.022926,10.266666666666667
c6f88aab-1885-44bd-942d-2fc6b7c0754d,26146,19,23,1,4,1.0,15.6,130,238,130_238,38.767782363901134,2026-09-16 07:31:37.022926,42.11666666666667
38f64381-a28b-4ae4-a754-a99ea513e08a,30846,19,28,1,2,1.0,0.68,244,244,244_244,6.638047812836411,2026-09-16 07:31:37.022926,5.133333333333334
f2679175-e52d-492c-89f0-06b5d04e5bd1,31899,16,29,1,3,2.0,0.94,41,42,41_42,8.679321675050168,2026-09-16 07:31:37.022926,8.0
fa70ab56-a1e5-4330-b97b-1351aa940a63,15214,19,14,1,2,1.0,1.83,74,159,74_159,10.493290514953197,2026-09-16 07:31:37.022926,8.633333333333333
315069c1-0d5d-4882-92cb-6a05ad202e8f,32405,22,29,1,3,1.0,1.36,41,166,41_166,9.081027580537576,2026-09-16 07:31:37.022926,10.0
eb178642-097c-41b8-a7b2-e063b1d6c919,5202,13,6,1,1,1.0,11.02,75,40,75_40,36.965055583859495,2026-09-16 07:31:37.022926,41.56666666666667
2ed5351a-4394-4070-b42e-ca2cf272b2ff,22375,7,21,1,2,1.0,1.6,116,42,116_42,10.418288146891864,2026-09-16 07:31:37.022926,10.1
ac7836ec-db0c-49cd-b3b5-813d439ec9b4,12613,18,12,1,0,1.0,1.0,74,42,74_42,6.391136198966539,2026-09-16 07:31:37.022926,7.133333333333334
9f9b95bf-fc76-4f70-bfab-33921fc14ba8,3202,16,4,1,6,2.0,5.09,260,145,260_145,23.343365345455663,2026-09-16 07:31:37.022926,16.95
e2236786-2848-4a31-9209-02c360850768,8311,21,8,1,3,1.0,6.68,33,162,33_162,22.96029124810317,2026-09-16 07:31:37.022926,15.7
b3e7236a-e939-44e8-aeb3-20e5eee0fda0,31809,16,29,1,3,1.0,0.0,75,237,75_237,22.064793887624173,2026-09-16 07:31:37.022926,18.166666666666668
982573bb-4360-4b99-9fc1-001091a66eae,14723,15,14,1,2,1.0,1.83,95,135,95_135,12.025435774941506,2026-09-16 07:31:37.022926,11.133333333333333
c93e275e-1876-446b-9009-130a0e0aac5f,28867,13,27,1,1,1.0,0.9,75,75,75_75,9.454387070986506,2026-09-16 07:31:37.022926,1.35
ae9ddca7-7847-4f51-879a-e83521c0b5fa,12507,17,12,1,0,1.0,0.0,28,28,28_28,1.4140080098443724,2026-09-16 07:31:37.022926,1.1166666666666667
358dca89-13fd-4c83-bc16-a09b3b62faa5,4028,13,5,1,0,1.0,1.2,75,238,75_238,8.402006440894622,2026-09-16 07:31:37.022926,4.716666666666667
0464c8d0-e240-4364-b4c7-839cf54c9061,14485,11,14,1,2,1.0,2.1,41,168,41_168,14.514772016725587,2026-09-16 07:31:37.022926,12.233333333333333
2a4ad891-2ff3-465c-9dde-e25420a77fb7,29403,19,27,1,1,1.0,3.66,74,168,74_168,21.583857344150985,2026-09-16 07:31:37.022926,22.25
d06eaf1b-082a-4918-8072-ef7c8bdf64b7,23871,9,22,1,3,1.0,1.32,74,24,74_24,10.750374074968269,2026-09-16 07:31:37.022926,10.7
ae49ad50-98c3-4f03-a758-aeecb45bd28c,16328,17,15,1,3,1.0,3.81,82,138,82_138,11.931461140902492,2026-09-16 07:31:37.022926,13.183333333333334
26c25d37-7aba-4828-8445-18b54e0d27da,28847,13,27,1,1,1.0,6.7,74,138,74_138,19.178876901487957,2026-09-16 07:31:37.022926,15.333333333333334
96fab844-1d29-46f8-951d-c00e9ee51d35,13428,14,13,1,1,1.0,1.7,43,41,43_41,12.740428192539405,2026-09-16 07:31:37.022926,15.966666666666669
29944d91-55e4-4b5f-b882-ae57ce2d75fe,14867,16,14,1,2,1.0,0.97,41,24,41_24,7.627155290215853,2026-09-16 07:31:37.022926,7.233333333333333
caf34c39-da08-4568-a0d2-22f399dbc976,34492,17,31,1,5,1.0,2.61,74,262,74_262,18.440660933282704,2026-09-16 07:31:37.022926,15.233333333333333
49699417-7058-46fb-aab9-b05619e5474f,4314,16,5,1,0,1.0,3.86,244,220,244_220,17.543393853666576,2026-09-16 07:31:37.022926,12.116666666666667
e6108a14-1b49-43eb-b4f6-3701ecba399e,30097,11,28,1,2,1.0,1.28,244,247,244_247,10.867124694268071,2026-09-16 07:31:37.022926,6.25
9d4c417c-9196-4024-b72e-82ead40a0b35,1956,10,3,1,5,1.0,6.9,74,138,74_138,12.415252503390851,2026-09-16 07:31:37.022926,15.083333333333334
7a704b5e-f0d6-48ed-833b-00e7eb820739,31917,16,29,1,3,1.0,1.59,41,263,41_263,15.991884773468193,2026-09-16 07:31:37.022926,17.1
1ff3ed41-7c2f-47fd-b97e-901366c70b55,25949,17,23,1,4,1.0,0.73,75,41,75_41,5.886480409005895,2026-09-16 07:31:37.022926,5.083333333333333
44f21252-c643-4277-803b-3ca8c558f658,4828,7,6,1,1,1.0,2.31,74,166,74_166,16.175891104898813,2026-09-16 07:31:37.022926,12.716666666666669
b90099e5-2db5-45d7-b851-79f59aa7a2c1,30249,14,28,1,2,1.0,0.84,130,130,130_130,11.736238699232741,2026-09-16 07:31:37.022926,10.55
5c3e51af-037e-47e2-9118-8b51d7e72edd,34426,16,31,1,5,2.0,1.91,74,236,74_236,13.236341253474617,2026-09-16 07:31:37.022926,9.133333333333333
18b05a18-d218-4e89-8013-b34f262be41f,19937,8,20,1,1,1.0,1.2,74,41,74_41,9.568379581426967,2026-09-16 07:31:37.022926,6.983333333333333
bafb1c3f-1a08-4ca8-afa0-822d62d4bd34,29726,7,28,1,2,2.0,5.8,152,68,152_68,20.643376897424897,2026-09-16 07:31:37.022926,27.633333333333333
7d566892-d297-4ef1-a460-59c5b457aeb0,13170,10,13,1,1,1.0,2.41,74,236,74_236,17.824467916060858,2026-09-16 07:31:37.022926,17.016666666666666
6c41efb6-4134-4c35-a122-f65d9ecf0a84,10042,13,10,1,5,2.0,2.98,74,141,74_141,15.47712802947701,2026-09-16 07:31:37.022926,17.516666666666666
a2b27db1-91ff-4b27-a30a-30189ed96af5,9609,22,9,1,4,1.0,5.1,65,90,65_90,22.57979977951167,2026-09-16 07:31:37.022926,36.7
8e1b072c-4fee-4b57-9e34-81405970ad18,26154,19,23,1,4,1.0,1.87,74,166,74_166,11.629408446380681,2026-09-16 07:31:37.022926,13.65
5bb224a5-874f-4753-ba6f-e3d41b015ca2,1618,19,2,1,4,1.0,0.76,223,223,223_223,5.244981104429204,2026-09-16 07:31:37.022926,4.466666666666667
43786dba-bf23-4760-969c-044d6b8f33ad,25810,16,23,1,4,1.0,2.08,74,236,74_236,15.479248263173766,2026-09-16 07:31:37.022926,16.816666666666666
7557cfe2-cdc6-4195-ba65-b29b5735f255,2391,17,3,1,5,1.0,0.37,24,166,24_166,3.8709393051754715,2026-09-16 07:31:37.022926,3.033333333333333
88eecd3f-1b15-4bd3-8668-79b1472ca384,7765,15,8,1,3,1.0,0.8,42,42,42_42,6.283020982584753,2026-09-16 07:31:37.022926,13.616666666666667
c595b5dd-c170-4db5-ad51-98df139e17a2,2508,19,3,1,5,1.0,0.4,42,41,42_41,3.7052065443281323,2026-09-16 07:31:37.022926,3.933333333333333
0b14f8bc-96de-4a4c-aafe-93896317411a,5238,13,6,1,1,1.0,1.2,24,75,24_75,9.16562635581684,2026-09-16 07:31:37.022926,8.7
8d4e19d2-974a-4e4e-b8e9-8115ba62f84a,27250,18,24,1,5,1.0,1.59,97,49,97_49,13.186347562450498,2026-09-16 07:31:37.022926,10.383333333333333
cf612dca-68f9-410d-8d63-f0bfd266ef5b,14958,17,14,1,2,1.0,0.99,82,82,82_82,12.293828532437642,2026-09-16 07:31:37.022926,9.8
073e2ce3-e9e2-481e-8516-bbb9f61c88d6,5630,18,6,1,1,2.0,0.86,74,74,74_74,6.323506718844327,2026-09-16 07:31:37.022926,7.55
347019d7-d4d8-4b86-8e8e-a8dd1f79bc45,32182,19,29,1,3,2.0,0.55,97,25,97_25,7.152168491064525,2026-09-16 07:31:37.022926,6.083333333333333
9ab62bb2-6651-4a6b-be4a-3a18eb9f71dd,7959,17,8,1,3,1.0,2.25,75,237,75_237,17.0153954377564,2026-09-16 07:31:37.022926,16.533333333333335
a8b84eb4-c979-42da-a4cb-af8d5a644cac,25940,17,23,1,4,1.0,0.0,41,42,41_42,3.5434453769223464,2026-09-16 07:31:37.022926,5.383333333333334
1ba32550-4856-412d-9659-5474a344d287,516,16,1,1,3,1.0,1.55,97,45,97_45,12.190067994818387,2026-09-16 07:31:37.022926,14.816666666666666
1f03a8b6-be59-4089-a86c-b694186a4997,23495,21,21,1,2,1.0,1.25,95,196,95_196,8.235761615040218,2026-09-16 07:31:37.022926,5.8
69ae85f6-c159-46cf-965c-3f486d8701ee,6515,14,7,1,2,1.0,6.1,152,68,152_68,22.875925377328176,2026-09-16 07:31:37.022926,12.933333333333334
89652dfa-8a7d-42c7-beda-70f88357d1d0,31107,6,29,1,3,1.0,3.87,74,140,74_140,17.37060660619691,2026-09-16 07:31:37.022926,20.85
c1100c7a-af30-4eb9-b7c8-4448d26055d8,7630,13,8,1,3,1.0,2.04,74,236,74_236,15.593444339827577,2026-09-16 07:31:37.022926,13.283333333333331
8ea66053-3795-4853-aa0a-32e67cae5ca1,19087,4,18,1,6,1.0,2.88,112,157,112_157,13.952926505429687,2026-09-16 07:31:37.022926,13.283333333333331
fa1ab378-812c-41ab-b16c-b5c1732ebec8,6593,15,7,1,2,1.0,1.4,82,129,82_129,11.289337131382071,2026-09-16 07:31:37.022926,11.466666666666669
cafce02c-a1a6-46fc-936c-233c64471c46,34181,13,31,1,5,1.0,1.15,83,82,83_82,10.940481912595287,2026-09-16 07:31:37.022926,12.533333333333331
f20fb9bb-13dc-43e8-adaa-ac53f291ea97,26740,12,24,1,5,1.0,0.74,166,43,166_43,5.779768882542237,2026-09-16 07:31:37.022926,5.116666666666666
2f28908e-e7b1-47d6-a7ad-ce6606ef3fb4,12598,18,12,1,0,1.0,1.08,134,134,134_134,7.151030839272284,2026-09-16 07:31:37.022926,7.233333333333333
e585b7e6-f5db-4d48-8fcc-3d2e08d848cd,20694,19,19,1,0,1.0,10.12,130,179,130_179,32.00853054390898,2026-09-16 07:31:37.022926,20.433333333333337
8da4c51f-b0ca-4743-a1d3-c3afd430c45e,7032,20,7,1,2,1.0,6.27,74,43,74_43,22.96738767012055,2026-09-16 07:31:37.022926,25.566666666666663
c5369144-2d0b-44a8-81b4-05afc73e01cc,15186,19,14,1,2,1.0,0.0,83,264,83_264,0.7208473163709154,2026-09-16 07:31:37.022926,0.05
e3019d90-af08-4679-ac4e-f2417ae91e1e,16730,22,15,1,3,1.0,0.66,41,41,41_41,4.189575412820031,2026-09-16 07:31:37.022926,3.35
2e7a8a1b-5dad-4be4-8fc2-5d914ebbf1e9,33316,16,30,1,4,1.0,2.24,95,258,95_258,17.996338807174208,2026-09-16 07:31:37.022926,19.166666666666668
0690807a-21aa-48f2-963e-48c1e3ca69f1,23616,5,22,1,3,1.0,3.5,74,237,74_237,18.04339115534996,2026-09-16 07:31:37.022926,11.85
c1e93f2b-858c-459c-b6ef-b9b91d4a468d,31974,17,29,1,3,1.0,0.93,75,262,75_262,11.749380643978965,2026-09-16 07:31:37.022926,10.183333333333334
4ca1e511-6dad-4227-b120-8453d1aa7a2f,10514,19,10,1,5,1.0,6.58,65,137,65_137,24.089163644044856,2026-09-16 07:31:37.022926,32.31666666666667
6271021e-532c-4cc1-a06d-bc49cced3fc2,11917,9,12,1,0,2.0,3.84,74,140,74_140,20.865515808923558,2026-09-16 07:31:37.022926,19.616666666666667
e12685b0-2944-4e30-86d6-bf3071c53441,16717,22,15,1,3,1.0,2.17,74,168,74_168,11.498788804131625,2026-09-16 07:31:37.022926,14.666666666666666
c2f672c9-7e1c-4fa9-9c75-28e0d119ecb9,18036,23,16,1,4,1.0,2.99,97,256,97_256,16.287612495350626,2026-09-16 07:31:37.022926,10.65
d8042610-7918-4942-8b55-e4a7b4b74479,5100,11,6,1,1,1.0,0.84,166,166,166_166,4.3917728264625335,2026-09-16 07:31:37.022926,6.033333333333333
d663675b-f8d5-4c6c-9996-43b0dd247382,12395,16,12,1,0,1.0,1.79,75,42,75_42,11.686950053886008,2026-09-16 07:31:37.022926,11.55
b950d53f-661c-4f0d-84c9-d966f5dafcc3,4652,20,5,1,0,1.0,1.06,95,196,95_196,7.49204605008733,2026-09-16 07:31:37.022926,6.166666666666667
1b059a83-e955-4d16-abcb-042c0da7cdfd,26950,13,24,1,5,1.0,0.19,10,10,10_10,2.086796875405536,2026-09-16 07:31:37.022926,1.65
0addddb5-93a1-4b42-9e9c-cf52941d6aed,12806,20,12,1,0,1.0,2.3,95,135,95_135,10.861067762004057,2026-09-16 07:31:37.022926,8.716666666666667
9abbe9fa-45de-4ffc-b705-15c04ee0f439,12900,0,13,1,1,1.0,0.13,82,129,82_129,0.9946301178429926,2026-09-16 07:31:37.022926,1.9
937e92ec-fe9d-4ed1-afea-70654bb677f5,542,17,1,1,3,1.0,1.74,66,231,66_231,9.758162828671287,2026-09-16 07:31:37.022926,8.916666666666666
158310ec-4249-4c54-ae5b-547ed145b75d,2264,15,3,1,5,1.0,1.65,92,171,92_171,10.323880942947898,2026-09-16 07:31:37.022926,13.683333333333334
771bfb3f-6a2f-4303-818d-3dd67f93d129,4144,14,5,1,0,1.0,1.44,75,74,75_74,8.522303893239458,2026-09-16 07:31:37.022926,9.3
d0c9d687-a3ab-4cd3-8367-398e9bae232e,7014,20,7,1,2,1.0,0.45,95,95,95_95,3.751181668052164,2026-09-16 07:31:37.022926,3.783333333333333
9686945c-6a32-45d1-866d-b3429e7ff9f0,29591,23,27,1,1,2.0,1.17,244,116,244_116,7.041395848463276,2026-09-16 07:31:37.022926,8.183333333333334
60b57598-2d8f-48b3-b604-f9f2a3b6f42d,18537,15,17,1,5,1.0,2.7,74,238,74_238,15.483135133285788,2026-09-16 07:31:37.022926,17.683333333333334
6683d77f-2f5e-4879-8ce3-b65505630677,4371,17,5,1,0,1.0,1.28,43,263,43_263,9.772729063580881,2026-09-16 07:31:37.022926,9.166666666666666
f1a6939d-d652-42c8-9c4b-415c7bcbc49b,14698,14,14,1,2,1.0,5.6,74,127,74_127,24.122280396448726,2026-09-16 07:31:37.022926,18.083333333333332
383b6283-f0bf-408e-94f0-6185af1cbe84,14006,21,13,1,1,1.0,0.75,223,223,223_223,4.934134179118134,2026-09-16 07:31:37.022926,4.9
62097d96-6680-48a2-8e05-18e6fd4b1773,25263,10,23,1,4,2.0,1.38,74,75,74_75,11.136986286346488,2026-09-16 07:31:37.022926,10.316666666666666
68fe9982-4d71-419f-b1d5-2b0a8b63dfe4,1461,17,2,1,4,5.0,0.89,75,151,75_151,6.105012464429986,2026-09-16 07:31:37.022926,2.7333333333333334
36d93572-c1da-48f0-800b-eb0026cb60a1,19389,14,18,1,6,1.0,1.05,65,49,65_49,10.986258074000986,2026-09-16 07:31:37.022926,8.4
413e71d5-071a-4662-a52f-20d62d529050,18202,8,17,1,5,1.0,0.71,75,75,75_75,4.854885486782452,2026-09-16 07:31:37.022926,6.716666666666667
133b6fe7-6db5-4dd0-90de-321bdbba6334,2196,14,3,1,5,1.0,2.71,74,262,74_262,14.474755946742292,2026-09-16 07:31:37.022926,12.933333333333334
de6a2665-5064-47dd-a09b-2343ac2f1331,26482,2,24,1,5,1.0,6.75,157,236,157_236,19.903799501122137,2026-09-16 07:31:37.022926,22.983333333333334
88bc05ed-a645-4d62-9ca3-8305ccde2908,27117,16,24,1,5,1.0,2.29,74,236,74_236,11.901524234908019,2026-09-16 07:31:37.022926,11.266666666666667
3317de3e-4495-4d9d-a124-4c23de161db1,669,19,1,1,3,1.0,1.4,74,42,74_42,6.747382301238361,2026-09-16 07:31:37.022926,7.65
55008154-a3c0-4532-8af9-beae3e6a165f,21163,9,20,1,1,1.0,2.02,74,236,74_236,15.323906563360419,2026-09-16 07:31:37.022926,10.633333333333333
fea88eed-42a9-40d5-8020-4918ad2c79da,20881,22,19,1,0,1.0,4.25,74,235,74_235,14.048165575071124,2026-09-16 07:31:37.022926,12.183333333333334
073e9887-6f12-41e5-b5ac-74bbb22f596c,22955,14,21,1,2,1.0,7.44,244,68,244_68,29.018285373594374,2026-09-16 07:31:37.022926,18.6
79b79995-5715-41ca-a6b9-e27b0b3977fd,20347,15,19,1,0,1.0,3.0,75,143,75_143,17.456262344659716,2026-09-16 07:31:37.022926,19.016666666666666
4c810e3c-9a6e-4c36-9a7a-db41b192a6da,14665,12,14,1,2,1.0,27.0,33,132,33_132,47.60820709371513,2026-09-16 07:31:37.022926,43.233333333333334
063d18d9-3f58-495e-a006-a5d72100f79c,4897,8,6,1,1,1.0,1.4,74,75,74_75,12.475611181992477,2026-09-16 07:31:37.022926,13.666666666666666
80bc4655-001e-4500-92a4-65e6a7fc0b8d,5349,15,6,1,1,5.0,1.97,43,239,43_239,13.193714096673661,2026-09-16 07:31:37.022926,12.1
d41324b6-33f1-4f03-9028-eb801238ea9a,21702,16,20,1,1,1.0,1.66,74,236,74_236,12.246306246304394,2026-09-16 07:31:37.022926,13.533333333333331
08fbeb27-2fa6-4787-a74d-c155ae84c2f1,30716,18,28,1,2,1.0,2.67,24,74,24_74,22.048678139895813,2026-09-16 07:31:37.022926,21.533333333333335
5e389c20-a9e0-43f5-b72a-858852bd343d,23271,18,21,1,2,2.0,1.98,74,236,74_236,13.250788799021718,2026-09-16 07:31:37.022926,12.483333333333333
808bfe6e-3b9f-4762-8018-932fccb288c3,12370,16,12,1,0,1.0,0.78,74,42,74_42,5.962696156085371,2026-09-16 07:31:37.022926,4.683333333333334
44ebeb02-fb1c-4bca-be71-7ca232104b2d,32075,18,29,1,3,1.0,1.34,95,28,95_28,17.41813698201364,2026-09-16 07:31:37.022926,12.55
8399a63f-179e-4c2f-8cbc-b3c544d31336,20781,20,19,1,0,1.0,2.28,74,151,74_151,11.669403890516946,2026-09-16 07:31:37.022926,14.4
4f550317-358d-4454-9f60-ad8d8227aba7,30303,14,28,1,2,2.0,1.37,75,166,75_166,13.50422728132526,2026-09-16 07:31:37.022926,10.9
cb483a59-fe08-4c00-99a7-4bcdec7fb7c3,26656,10,24,1,5,1.0,2.84,74,238,74_238,13.589432375567235,2026-09-16 07:31:37.022926,15.616666666666667
0b2bbbcb-2ca4-45e4-a2db-b2ebb7540b01,5681,18,6,1,1,1.0,2.3,82,82,82_82,16.5100974692501,2026-09-16 07:31:37.022926,23.616666666666667
bd01819c-0fb6-45d4-aa05-67d0e4001520,25232,9,23,1,4,1.0,1.65,166,43,166_43,12.45586547086791,2026-09-16 07:31:37.022926,16.183333333333334
f0d431ca-34de-4a25-ba00-c863dd51ea92,18124,2,17,1,5,1.0,1.38,95,196,95_196,5.907640643235532,2026-09-16 07:31:37.022926,6.9
147029ee-05f3-4f3a-a4ac-48cdb0c2a14f,24366,15,22,1,3,1.0,2.49,74,151,74_151,18.47108769252862,2026-09-16 07:31:37.022926,19.216666666666665
e8ec0976-4661-48c6-b047-991d6ab0e187,16977,9,16,1,4,1.0,11.63,179,51,179_51,31.537575451850756,2026-09-16 07:31:37.022926,27.333333333333332
b6b86d23-3af2-4db2-bfce-6226a8f3038c,25022,6,23,1,4,1.0,1.39,74,75,74_75,8.471271529777406,2026-09-16 07:31:37.022926,9.45
72301998-ef76-4ce0-b860-8212b30a0bfc,2749,2,4,1,6,2.0,3.65,80,112,80_112,15.030316352687125,2026-09-16 07:31:37.022926,17.666666666666668
d0425dd4-b8a3-464c-9210-41489308a8a5,25950,17,23,1,4,1.0,1.97,41,247,41_247,13.405684920048746,2026-09-16 07:31:37.022926,13.933333333333334
8cb69da9-210c-4484-89f8-fb17e6b590fd,5484,16,6,1,1,1.0,1.54,74,166,74_166,11.638434386841745,2026-09-16 07:31:37.022926,13.216666666666669
5c17fbe1-91d4-4425-ab5a-d3c0ee13214b,19490,15,18,1,6,1.0,1.4,75,238,75_238,8.251165325325367,2026-09-16 07:31:37.022926,5.216666666666667
3ad79e99-a887-458c-b08e-96d8c13630d5,31805,16,29,1,3,1.0,0.7,75,75,75_75,7.9976981461322145,2026-09-16 07:31:37.022926,8.7
88fa0895-bddc-469a-bfb4-cc5b8a821206,2090,12,3,1,5,1.0,0.6,74,41,74_41,4.278694646544694,2026-09-16 07:31:37.022926,6.033333333333333
abd9e9b9-d74a-4d60-9559-2ff9ddf442eb,13867,18,13,1,1,1.0,2.54,95,121,95_121,16.124493676793854,2026-09-16 07:31:37.022926,16.833333333333332
cb1101a9-8f2e-4307-8c78-b7f500b10186,25742,16,23,1,4,2.0,1.73,97,17,97_17,16.459219107426126,2026-09-16 07:31:37.022926,17.6
b0ac5ceb-685d-4abc-add6-4a889ebdef6f,6,0,1,1,3,1.0,1.35,166,239,166_239,6.400362762155521,2026-09-16 07:31:37.022926,9.833333333333334
07a73eab-905d-4250-bf12-b4c19aed42c0,23261,18,21,1,2,1.0,2.66,24,74,24_74,17.16393927430176,2026-09-16 07:31:37.022926,14.4
cf6335f0-0089-4880-8ddd-ee4e60ef3ee4,14759,15,14,1,2,1.0,2.91,75,142,75_142,19.715754647373466,2026-09-16 07:31:37.022926,27.15
fcfd10f0-efad-4742-8cb4-1ed9d7432f29,23841,9,22,1,3,1.0,1.36,74,168,74_168,11.374698314871468,2026-09-16 07:31:37.022926,11.4
3389d847-9ff6-4201-a1e2-eccfa86231ce,30674,18,28,1,2,1.0,1.05,166,166,166_166,9.341045967965819,2026-09-16 07:31:37.022926,9.033333333333331
22c7fc81-fc45-471a-bcc5-0568893bf3d0,5259,14,6,1,1,2.0,0.7,75,74,75_74,5.265894395739613,2026-09-16 07:31:37.022926,6.483333333333333
f0a53c11-d7d3-4505-8c77-20201471b675,24719,18,22,1,3,2.0,0.0,75,41,75_41,11.832623380538198,2026-09-16 07:31:37.022926,11.383333333333333
fc489ea6-386f-4158-9cea-1a68587eb0a8,22701,11,21,1,2,1.0,3.8,92,98,92_98,22.778849530076084,2026-09-16 07:31:37.022926,18.283333333333335
b61b3a30-1a38-4f21-bce2-af9f590baa37,24450,16,22,1,3,1.0,1.22,43,236,43_236,9.583052752169856,2026-09-16 07:31:37.022926,8.7
cd052fee-5339-46cd-a3a2-eda724c94930,2756,3,4,1,6,1.0,0.33,76,76,76_76,2.2674327413334066,2026-09-16 07:31:37.022926,2.6
8192eca4-409c-4838-865d-cc1780cfa572,9577,22,9,1,4,1.0,4.64,244,75,244_75,18.005742667350866,2026-09-16 07:31:37.022926,11.233333333333333
1b9d84e2-097a-4b78-966e-54214e145b46,7587,13,8,1,3,1.0,0.7,196,82,196_82,32.8968617938973,2026-09-16 07:31:37.022926,9.85
7f9abd59-969a-40f5-80cf-67142bd3269a,10621,20,10,1,5,2.0,1.12,75,236,75_236,6.409124190910246,2026-09-16 07:31:37.022926,6.233333333333333
a1a6d0a8-25eb-4d7c-ae86-19ee5a0d8fcb,20561,16,19,1,0,2.0,1.51,92,53,92_53,7.48109913000291,2026-09-16 07:31:37.022926,7.983333333333333
a69f8c0c-e850-4d14-926b-8da18e9446d9,27439,21,24,1,5,1.0,2.07,74,236,74_236,9.582017228378326,2026-09-16 07:31:37.022926,10.15
879eb416-b5f9-4831-b0d1-efc8b938966a,17943,20,16,1,4,1.0,8.12,95,205,95_205,25.112845651931625,2026-09-16 07:31:37.022926,24.766666666666666
019e7e80-4ae1-4f59-a98f-efceb278a6cb,34603,19,31,1,5,4.0,1.8,74,42,74_42,12.477566443541736,2026-09-16 07:31:37.022926,11.766666666666667
147710e1-de58-405a-b94f-8f106e0d4aba,34465,17,31,1,5,5.0,5.01,75,50,75_50,29.131224349270408,2026-09-16 07:31:37.022926,22.916666666666668
143ebb29-d5be-44a5-b160-17cea50c331d,32172,19,29,1,3,1.0,1.1,260,157,260_157,8.854947582340209,2026-09-16 07:31:37.022926,8.333333333333334
39d02cd8-97f7-4d43-8b53-bdccd12991d0,31304,9,29,1,3,1.0,1.38,74,43,74_43,16.881198102082767,2026-09-16 07:31:37.022926,22.866666666666667
1d1ec895-c0a3-4512-8ec6-ccb2f24fbd9f,5529,17,6,1,1,1.0,2.39,74,263,74_263,16.72828096156128,2026-09-16 07:31:37.022926,14.883333333333333
157023df-3021-4071-a4d8-5e8571766f1e,22468,8,21,1,2,1.0,3.54,74,140,74_140,21.262697253834357,2026-09-16 07:31:37.022926,17.35
32c8e6c6-d11e-4c1a-8f7b-a0bfd7ec315f,23989,10,22,1,3,1.0,0.59,65,97,65_97,6.25557987422954,2026-09-16 07:31:37.022926,5.066666666666666
57e82a67-2f26-4d53-a011-23db222babad,27214,18,24,1,5,1.0,1.3,74,166,74_166,8.850090739378041,2026-09-16 07:31:37.022926,11.75
f8caab8f-55f8-4271-9aa2-330d5bcfefaf,27876,12,26,1,0,1.0,1.65,75,263,75_263,10.792847103397575,2026-09-16 07:31:37.022926,11.866666666666667
8972fee6-8804-4774-9601-3cd4c2ef47a1,10698,0,11,1,6,1.0,4.94,255,158,255_158,20.414237575855225,2026-09-16 07:31:37.022926,25.5
7aa53c14-a58e-4503-bee6-c191b7275af4,22395,7,21,1,2,3.0,1.36,74,75,74_75,11.333530226009364,2026-09-16 07:31:37.022926,13.266666666666667
61ea15f1-5d4f-4060-88f9-bf6d3f62824e,33502,18,30,1,4,5.0,1.81,166,239,166_239,14.489944600207984,2026-09-16 07:31:37.022926,12.783333333333331
1b9e06be-d82f-41e2-a482-f972bbd369a6,3355,18,4,1,6,1.0,2.67,74,151,74_151,14.045543134903832,2026-09-16 07:31:37.022926,17.066666666666666
f9bad141-6414-4bae-a4bc-6a5d9c6ce472,7088,22,7,1,2,5.0,0.0,135,135,135_135,2.4887810007922613,2026-09-16 07:31:37.022926,1.7666666666666666
c1847745-b8b2-44d1-90f2-66886c91ed12,7771,15,8,1,3,1.0,2.16,66,209,66_209,15.79579700325922,2026-09-16 07:31:37.022926,14.116666666666667
da8278d5-945a-4ba9-b184-ec67ea334dee,19333,13,18,1,6,1.0,2.89,74,238,74_238,14.729668642935925,2026-09-16 07:31:37.022926,12.65
e8f93c16-a4d6-4bb9-9348-5bee5df6825f,16494,18,15,1,3,2.0,1.11,83,83,83_83,8.26709933016572,2026-09-16 07:31:37.022926,8.016666666666667
a7692bf9-13d2-459b-bbe2-1705775c88de,13697,17,13,1,1,1.0,3.49,74,141,74_141,21.628602536757995,2026-09-16 07:31:37.022926,20.683333333333337
8d4bcd20-b9ca-453e-8c27-28c8213b69b7,17255,13,16,1,4,1.0,2.76,166,43,166_43,17.67146841607572,2026-09-16 07:31:37.022926,15.783333333333331
cbc73ed1-88df-42be-9ccf-30ad702135a5,26641,10,24,1,5,2.0,2.11,74,236,74_236,10.566941645860998,2026-09-16 07:31:37.022926,11.166666666666666
90cc9566-39b1-4b69-a283-749bc8180a5d,19492,15,18,1,6,1.0,1.86,74,166,74_166,10.836530415132602,2026-09-16 07:31:37.022926,12.733333333333333
36f8c90a-c40e-4130-8408-be77e529b3a9,8429,6,9,1,4,1.0,3.56,74,140,74_140,14.957464088984572,2026-09-16 07:31:37.022926,9.833333333333334
064f9cbf-e7d5-4fe9-9ef6-dbe3cf7a0bc6,21739,16,20,1,1,2.0,1.39,40,25,40_25,10.494546795019442,2026-09-16 07:31:37.022926,10.5
b121c9bc-9ac0-431d-bcf3-baeacf7b280e,30529,16,28,1,2,1.0,3.22,74,239,74_239,28.383241809299086,2026-09-16 07:31:37.022926,24.3
264826b2-1f85-486c-809c-4e508639adbc,25878,17,23,1,4,1.0,0.0,216,216,216_216,2.926357431448573,2026-09-16 07:31:37.022926,0.0833333333333333
0e9680fe-c495-4b7d-9237-70f50ab66cf4,19408,14,18,1,6,1.0,1.34,74,41,74_41,8.05639344659954,2026-09-16 07:31:37.022926,9.816666666666666
d927fc58-badc-4f46-8d7a-b177df7bf742,26653,10,24,1,5,1.0,2.35,95,121,95_121,10.87715526742448,2026-09-16 07:31:37.022926,13.466666666666669
0683aa85-6251-4acc-856b-f8629ad249fc,33765,22,30,1,4,1.0,2.51,75,142,75_142,12.62541263527683,2026-09-16 07:31:37.022926,11.233333333333333
7cf6accf-67b3-4cbf-a8fd-1ca583ffbd65,33847,1,31,1,5,1.0,2.08,95,121,95_121,9.008228691951278,2026-09-16 07:31:37.022926,10.016666666666667
ad72313b-bd9f-4bf2-86c8-4f6535959d0d,6884,18,7,1,2,1.0,2.0,74,263,74_263,12.986755984674504,2026-09-16 07:31:37.022926,11.75
b6243cec-132b-4fb3-9b83-6713c082bc97,2706,0,4,1,6,1.0,0.77,41,42,41_42,4.548578212272045,2026-09-16 07:31:37.022926,4.383333333333334
1e7bde7a-5958-456c-bfe6-46282823968b,20174,13,19,1,0,1.0,4.61,260,163,260_163,23.413427018187623,2026-09-16 07:31:37.022926,22.883333333333333
25e2732b-a6d0-468f-bf43-65f1d771c100,13426,14,13,1,1,6.0,8.03,75,243,75_243,34.482693251912046,2026-09-16 07:31:37.022926,23.733333333333334
d686400f-579f-4cd3-9790-01e4b19c5f84,16933,8,16,1,4,1.0,10.47,95,137,95_137,33.02486914792177,2026-09-16 07:31:37.022926,40.083333333333336
72bfe877-891a-4956-b491-677f4bd62ef4,21566,14,20,1,1,1.0,10.17,215,86,215_86,40.076989757206285,2026-09-16 07:31:37.022926,34.25
866da2a1-34ef-4ac7-b330-87ff5e36dac6,26403,23,23,1,4,1.0,1.31,95,102,95_102,7.626219443870638,2026-09-16 07:31:37.022926,8.0
97d3f49b-3958-4a15-b754-30db41643638,29295,18,27,1,1,1.0,0.73,95,95,95_95,7.382976942197275,2026-09-16 07:31:37.022926,6.416666666666667
f839f07e-58ea-4c08-9b84-dd2e4aa04b85,1780,23,2,1,4,3.0,1.9,74,166,74_166,9.760362803109526,2026-09-16 07:31:37.022926,7.766666666666667
c3661ff4-d13a-4899-b176-c5203f45761d,25426,12,23,1,4,1.0,1.46,95,28,95_28,10.910751829610078,2026-09-16 07:31:37.022926,9.85
b39efad3-7537-4ae2-ae1f-fd9d0ffcae64,30278,14,28,1,2,1.0,1.34,74,75,74_75,15.178593611090255,2026-09-16 07:31:37.022926,13.566666666666666
f4c19ce9-70b4-47b3-81c3-52661a0dcac6,14560,12,14,1,2,6.0,0.74,166,151,166_151,4.91479032705919,2026-09-16 07:31:37.022926,3.45
a2ac86e2-e6f7-4ef4-b468-0789cb38de61,11947,10,12,1,0,1.0,1.4,41,152,41_152,10.042948745974206,2026-09-16 07:31:37.022926,8.366666666666667
6d29a7c2-369b-48cf-ba8f-ceb86e57fb4f,6107,8,7,1,2,5.0,2.09,75,41,75_41,13.361570596500743,2026-09-16 07:31:37.022926,10.2
5a736a7a-bde6-45cf-9f45-4d8b8f7d0638,14686,14,14,1,2,5.0,0.54,41,41,41_41,5.043293298132433,2026-09-16 07:31:37.022926,3.466666666666667
0525ad09-e4ca-47eb-8dd7-95cd89217a4d,26617,9,24,1,5,1.0,0.53,24,151,24_151,3.8905455085526763,2026-09-16 07:31:37.022926,2.6166666666666667
f0ff9e6e-07ad-4165-8ff4-1470c7b118b6,3595,6,5,1,0,1.0,0.6,74,74,74_74,4.164984980033629,2026-09-16 07:31:37.022926,4.9
85aab4b2-5de5-42f6-929a-aa15d2285adf,10273,16,10,1,5,2.0,1.45,74,236,74_236,8.03765366798069,2026-09-16 07:31:37.022926,6.45
f74ca265-f121-4e18-8f45-39510b9b1380,2612,21,3,1,5,1.0,1.42,130,28,130_28,8.034421654063747,2026-09-16 07:31:37.022926,9.083333333333334
f1e79bef-e5ee-41ab-95d1-4e99c729a0f4,26161,19,23,1,4,1.0,1.16,41,116,41_116,8.178602253569602,2026-09-16 07:31:37.022926,7.066666666666666
5b5d0711-f840-4327-96a2-b5ae324e7dd8,12108,12,12,1,0,1.0,1.37,166,239,166_239,10.140734735406555,2026-09-16 07:31:37.022926,10.183333333333334
c87ff044-db97-4311-aaf0-6bc9484e176c,30805,19,28,1,2,1.0,2.37,74,262,74_262,16.008773528049485,2026-09-16 07:31:37.022926,16.25
14191674-b81b-48b1-a0ae-05fd265f971b,5017,10,6,1,1,5.0,2.34,75,239,75_239,16.726423972326064,2026-09-16 07:31:37.022926,12.983333333333333
a73b057f-feed-4896-99c4-a46ddae52704,1320,15,2,1,4,1.0,1.7,74,24,74_24,10.111376285869186,2026-09-16 07:31:37.022926,11.316666666666666
ff697689-afd1-48c6-8bfb-29fc6d4d9635,19946,9,19,1,0,1.0,0.0,145,145,145_145,1.372822793299061,2026-09-16 07:31:37.022926,0.25
0120179c-23f2-4708-bc2f-b6d3089b7d9f,26854,13,24,1,5,1.0,1.26,74,41,74_41,8.096885629150885,2026-09-16 07:31:37.022926,10.483333333333333
96b2b084-a9b6-44fa-a25a-124ceea79fd6,11210,16,11,1,6,1.0,1.47,152,42,152_42,9.6897243222747,2026-09-16 07:31:37.022926,11.266666666666667
25fde5f6-2d22-4b14-ac24-681fa0a10f7c,16966,8,16,1,4,1.0,0.58,166,151,166_151,3.6281926706333447,2026-09-16 07:31:37.022926,4.3
24f099e7-e269-456b-ba1b-e844b80e3f1d,13930,18,13,1,1,2.0,1.45,75,74,75_74,7.220073710891671,2026-09-16 07:31:37.022926,6.1
88164dc8-02ec-4150-a421-96df9729e194,13904,19,13,1,1,1.0,1.4,43,263,43_263,9.159760349521733,2026-09-16 07:31:37.022926,8.716666666666667
bd856262-80a7-4e23-b1a0-37aa65dd0787,18582,15,17,1,5,1.0,4.3,74,229,74_229,19.6532134805261,2026-09-16 07:31:37.022926,13.3
adf93fc2-7a39-4476-97f4-198c6ab19308,14432,10,14,1,2,1.0,0.18,82,82,82_82,2.6736607835295394,2026-09-16 07:31:37.022926,0.0666666666666666
f2c843dc-72c3-4685-b0f5-a8c903b0ee0c,22825,12,21,1,2,1.0,0.84,75,41,75_41,5.6700109426840415,2026-09-16 07:31:37.022926,5.483333333333333
76d7c606-6a88-4c3a-9d9e-19feaeb9fe81,8223,21,8,1,3,1.0,1.66,129,82,129_82,11.56785408639049,2026-09-16 07:31:37.022926,13.75
a08c9e29-52fa-49a0-bbe5-0e8b43519c08,10967,12,11,1,6,1.0,1.99,74,236,74_236,10.323111687790801,2026-09-16 07:31:37.022926,9.15
5d6c42a2-8f6b-46e2-963d-711696fa12fe,15954,13,15,1,3,1.0,4.33,55,14,55_14,24.324003490120337,2026-09-16 07:31:37.022926,18.183333333333337
3abf5361-134a-4b85-83bf-6b7f7f46dbbd,11326,17,11,1,6,1.0,1.29,7,146,7_146,8.582123752382238,2026-09-16 07:31:37.022926,7.183333333333334
051001ba-bada-42c9-9816-d0130b5f7e70,22140,20,20,1,1,1.0,3.2,43,143,43_143,15.828771135004702,2026-09-16 07:31:37.022926,16.433333333333334
d73ac44a-4abd-42bc-a048-c0f5184674e6,33305,16,30,1,4,1.0,2.61,82,138,82_138,17.054151484517885,2026-09-16 07:31:37.022926,14.516666666666667
6466417d-8742-40be-867c-66ef88ed46cb,17377,14,16,1,4,1.0,1.63,74,151,74_151,12.96908872043159,2026-09-16 07:31:37.022926,11.85
a2916318-fb90-4f71-bdeb-1e9629067a51,20236,13,19,1,0,1.0,1.51,74,75,74_75,8.65259762137988,2026-09-16 07:31:37.022926,9.966666666666669
70d82fd1-ad29-4139-ac64-0cf944427e72,17982,21,16,1,4,1.0,1.26,74,74,74_74,7.884604127825609,2026-09-16 07:31:37.022926,6.283333333333333
f6bfa04d-76b8-48b7-bc6f-242d3aabebf8,12824,21,12,1,0,1.0,1.78,82,82,82_82,13.898712333680852,2026-09-16 07:31:37.022926,11.65
0993c8b6-cfb3-4dfb-8b82-b4c937462c4d,17087,10,16,1,4,1.0,3.88,74,239,74_239,22.052007432307562,2026-09-16 07:31:37.022926,22.15
ae36d4f2-3a50-497e-9fee-ce32caada0b3,32319,20,29,1,3,1.0,1.27,65,181,65_181,12.275947046953037,2026-09-16 07:31:37.022926,9.266666666666667
f1cd6fb9-112f-4383-9b31-a57c51a1618c,30902,20,28,1,2,1.0,1.14,95,196,95_196,8.483985769553799,2026-09-16 07:31:37.022926,9.483333333333333
7168c73c-fc04-42f3-8242-4867ffa6598b,1940,8,3,1,5,1.0,4.86,166,243,166_243,17.909769288872667,2026-09-16 07:31:37.022926,15.05
6d5b5950-4c64-4c93-aa49-75251aa07d95,15235,19,14,1,2,1.0,2.29,33,195,33_195,12.778039068417591,2026-09-16 07:31:37.022926,16.383333333333333
1de3472d-642d-4246-9576-e41d1533b974,9825,10,10,1,5,1.0,1.8,41,43,41_43,10.253129624892992,2026-09-16 07:31:37.022926,9.4
6307bde0-5e3f-4047-a3c5-09a5e455f68b,28096,17,26,1,0,1.0,1.54,95,135,95_135,8.907335857002785,2026-09-16 07:31:37.022926,8.616666666666667
677396bc-c2f9-4ebd-8c05-706ac42f2947,27296,19,24,1,5,1.0,2.25,80,157,80_157,12.975898097847939,2026-09-16 07:31:37.022926,14.783333333333331
55e97ec6-a19d-471f-ba5d-f96a755eea7b,19951,9,19,1,0,2.0,17.2,195,155,195_155,37.93404625672843,2026-09-16 07:31:37.022926,29.666666666666668
6b2651a4-867e-4252-a0eb-6a7fe8ef62a2,16414,18,15,1,3,1.0,0.51,166,151,166_151,3.8848639279129134,2026-09-16 07:31:37.022926,3.3666666666666667
08d3ae63-fff5-4557-9174-56cb656e3374,26935,14,24,1,5,1.0,2.96,74,238,74_238,16.207596040691676,2026-09-16 07:31:37.022926,16.016666666666666
e2b618db-3410-499f-8324-b0aa3fe37568,1688,20,2,1,4,1.0,3.89,74,143,74_143,16.734538188683786,2026-09-16 07:31:37.022926,18.166666666666668
fd1290a4-b652-4e68-a007-753c37d2c51b,775,23,1,1,3,1.0,4.59,66,186,66_186,18.150322779607883,2026-09-16 07:31:37.022926,16.55
28b47fda-9757-4e7c-abc4-fea1d3022624,11214,16,11,1,6,1.0,1.3,97,66,97_66,11.127407622078485,2026-09-16 07:31:37.022926,8.616666666666667
8d0c32c2-d851-4e4c-bd2c-18b32b8766d0,23994,11,22,1,3,1.0,3.46,74,140,74_140,22.25122521279322,2026-09-16 07:31:37.022926,25.466666666666665
dddaa17a-462e-496f-ae65-06e27819973e,11816,8,12,1,0,1.0,8.66,43,138,43_138,23.01465759737054,2026-09-16 07:31:37.022926,24.25
cae1d063-7bd6-4d16-8759-4a93e644fe6a,5422,16,6,1,1,1.0,6.89,75,114,75_114,33.72898799931473,2026-09-16 07:31:37.022926,29.916666666666668
0f0e0d59-fae6-413b-8091-92c102fcfea6,19685,19,18,1,6,1.0,3.07,74,141,74_141,16.523617534970818,2026-09-16 07:31:37.022926,12.566666666666666
b101ab73-1c04-4906-8dc2-438ca71e087c,5910,23,6,1,1,1.0,1.19,97,97,97_97,8.988012938092757,2026-09-16 07:31:37.022926,7.516666666666667
2f6962f9-fbd5-4666-b136-b4b5a1bb7cf4,12607,18,12,1,0,1.0,0.57,95,95,95_95,4.810505499216555,2026-09-16 07:31:37.022926,5.316666666666666
a4b1d0f6-fe02-4bbd-8891-890a301ecdeb,24093,12,22,1,3,1.0,2.41,74,236,74_236,18.22486430875926,2026-09-16 07:31:37.022926,17.066666666666666
ca923193-2cf5-40bf-b1bb-74bdf460b890,24578,17,22,1,3,1.0,2.05,74,151,74_151,15.751892170428823,2026-09-16 07:31:37.022926,18.4
69475fab-1ea4-4a57-ab2d-0c3ab8018424,24194,14,22,1,3,2.0,0.6,43,263,43_263,6.506060996355917,2026-09-16 07:31:37.022926,6.7
0de83435-e1e8-4423-8d99-7e13db93957f,28580,9,27,1,1,2.0,1.38,166,43,166_43,15.067039179138193,2026-09-16 07:31:37.022926,14.25
b62561a0-02c9-4218-ad42-a529eaa4dea1,15742,10,15,1,3,1.0,10.6,75,231,75_231,39.12923957761061,2026-09-16 07:31:37.022926,39.016666666666666
54ae3397-f17a-49f4-8127-a3e45c5efbc7,28334,0,27,1,1,1.0,1.22,130,130,130_130,10.701140997356788,2026-09-16 07:31:37.022926,7.083333333333333
7630e361-43ee-4978-a4f4-317083da9bd8,34661,20,31,1,5,1.0,1.01,166,43,166_43,10.48299219712018,2026-09-16 07:31:37.022926,6.733333333333333
91ed6e72-72a1-45f2-8425-ec09fe781bcc,351,12,1,1,3,3.0,2.3,74,116,74_116,11.510688140081312,2026-09-16 07:31:37.022926,12.783333333333331
72ab00c3-a695-4373-abba-2137754db7ae,19107,6,18,1,6,1.0,3.47,95,197,95_197,14.979571825424927,2026-09-16 07:31:37.022926,19.15
a910fdb5-b0c2-459c-89fd-c54e33f8d813,12483,18,12,1,0,1.0,0.76,25,33,25_33,6.780145012693736,2026-09-16 07:31:37.022926,6.083333333333333
61e209b8-a9d5-4142-b7f4-bce451b9593f,3695,8,5,1,0,1.0,2.1,74,236,74_236,14.497468185240107,2026-09-16 07:31:37.022926,15.066666666666666
69e61e21-4c0d-460c-b4c0-ce650c4a3d46,8628,9,9,1,4,1.0,2.66,74,151,74_151,17.528015870793077,2026-09-16 07:31:37.022926,13.916666666666666
eec402af-3fa6-4c80-973d-96a200acd942,20047,10,19,1,0,1.0,0.74,75,74,75_74,4.976593745548591,2026-09-16 07:31:37.022926,6.366666666666666
eb465b18-ba08-4361-98a7-a53fb92367f0,10719,1,11,1,6,1.0,1.28,42,42,42_42,6.082480784727265,2026-09-16 07:31:37.022926,6.55
224b8a46-b56e-48e0-8c50-b5855b4846d7,17280,13,16,1,4,2.0,0.54,75,263,75_263,5.341616993558154,2026-09-16 07:31:37.022926,12.85
63218adc-ba45-40be-8019-5aee9013b047,4139,14,5,1,0,1.0,2.04,74,236,74_236,14.550750417349198,2026-09-16 07:31:37.022926,12.833333333333334
ce6a4d49-a1c5-4544-a2b9-b37c7cbdbf7c,5320,14,6,1,1,1.0,1.5,41,116,41_116,11.850691578688322,2026-09-16 07:31:37.022926,8.216666666666667
6a13b1dd-56a6-42e2-b7c2-2308a51b57ea,16117,15,15,1,3,1.0,0.79,166,151,166_151,5.611403407972859,2026-09-16 07:31:37.022926,4.683333333333334
af25479e-300a-4812-a941-f6e2b9b3f150,30699,18,28,1,2,1.0,1.1,75,263,75_263,11.166989953267958,2026-09-16 07:31:37.022926,8.583333333333334
6cedc985-491e-405c-9b0c-218fb5b6d492,3449,20,4,1,6,1.0,2.29,74,151,74_151,11.931542901126274,2026-09-16 07:31:37.022926,11.116666666666667
2ee423d0-2ed3-4ca1-85c4-0609690af870,479,15,1,1,3,1.0,1.29,43,236,43_236,8.389135369619648,2026-09-16 07:31:37.022926,6.483333333333333
84184c7d-a3a9-46e1-b053-6eb80108b87b,19708,19,18,1,6,1.0,2.6,74,262,74_262,13.401989125781187,2026-09-16 07:31:37.022926,12.766666666666667
da3a021d-92dd-4e87-913f-40164b20a17e,25656,15,23,1,4,1.0,0.5,74,42,74_42,4.993376857969977,2026-09-16 07:31:37.022926,5.033333333333333
cbc4063c-567d-490b-8451-f965a3071a23,6157,9,7,1,2,1.0,0.74,42,42,42_42,5.4699823047104035,2026-09-16 07:31:37.022926,4.416666666666667
7e1ea082-ca85-4844-ab2c-65aed33ef96d,5180,12,6,1,1,2.0,0.5,166,166,166_166,3.323495268728449,2026-09-16 07:31:37.022926,3.2333333333333334
5c049761-0084-46e4-b63a-1558ea144567,4658,21,5,1,0,1.0,1.27,223,223,223_223,7.057108846066838,2026-09-16 07:31:37.022926,6.333333333333333
fcc2d065-e47b-4a48-a09c-fa081503cfea,9452,18,9,1,4,2.0,2.11,43,237,43_237,15.763620307504622,2026-09-16 07:31:37.022926,16.6
305099d1-4687-4e83-ac69-092194b4c666,17879,20,16,1,4,1.0,1.9,97,61,97_61,16.50045174550975,2026-09-16 07:31:37.022926,11.7
72a0582d-ac5e-4a0c-bf2f-74402c065e49,21404,12,20,1,1,1.0,2.17,95,56,95_56,15.360334650560198,2026-09-16 07:31:37.022926,14.1
27ccd549-2a02-4499-b0a7-0b36ea163c5a,10758,3,11,1,6,1.0,2.22,255,225,255_225,16.249611422856667,2026-09-16 07:31:37.022926,16.816666666666666
ad4dec09-3362-485f-8062-7b0870b9464f,17416,15,16,1,4,6.0,1.11,75,263,75_263,9.921047059736347,2026-09-16 07:31:37.022926,11.65
11b69aa1-eb29-4013-af48-d97ca49c133e,24061,12,22,1,3,2.0,8.75,95,15,95_15,22.513629580631683,2026-09-16 07:31:37.022926,24.15
98f7c353-f7d1-4683-92c8-130701906cdb,15547,8,15,1,3,3.0,0.6,74,41,74_41,5.328791363471474,2026-09-16 07:31:37.022926,11.366666666666667
7ba219a0-7a44-4df9-bb37-2f05d8b8081a,21234,9,20,1,1,2.0,3.81,83,138,83_138,9.874639146692815,2026-09-16 07:31:37.022926,11.516666666666667
4ce11312-6a3b-479c-b324-41250a20b43b,29155,17,27,1,1,1.0,1.81,41,75,41_75,17.531104287035344,2026-09-16 07:31:37.022926,13.133333333333333
c7341eef-cffb-405f-9b33-7641ae738c97,8388,23,8,1,3,5.0,1.17,75,74,75_74,4.632230808698734,2026-09-16 07:31:37.022926,4.5
0af39470-03d5-439d-a35a-53c116b594f7,21419,12,20,1,1,1.0,1.39,75,41,75_41,9.576290257538911,2026-09-16 07:31:37.022926,10.583333333333334
b52896c6-280d-4f97-9a19-6057b7c0105c,3941,11,5,1,0,1.0,1.32,166,238,166_238,7.768566621215578,2026-09-16 07:31:37.022926,6.216666666666667
ac39a030-2a2d-4a76-9d24-5ff95c411da2,4437,17,5,1,0,1.0,0.93,66,52,66_52,7.216392262766881,2026-09-16 07:31:37.022926,8.466666666666667
e9d211c5-09b9-4c1f-8d9b-e67ea7705b99,5477,16,6,1,1,1.0,1.33,75,151,75_151,9.756100881502793,2026-09-16 07:31:37.022926,11.316666666666666
e834d40b-f8af-46ea-9fa9-3d3b7c56e6f2,11417,19,11,1,6,1.0,20.73,130,14,130_14,40.012101844046974,2026-09-16 07:31:37.022926,43.483333333333334
9b148577-c427-46bd-b59a-39c4bd30f55b,6694,16,7,1,2,2.0,5.44,75,223,75_223,23.93679661579292,2026-09-16 07:31:37.022926,31.95
e3fc7705-c2de-48d7-8725-f8fd736a9088,23883,9,22,1,3,2.0,2.39,74,236,74_236,18.22486430875926,2026-09-16 07:31:37.022926,24.25
21effbc5-6975-41ae-ad03-8fecd3a7d404,16907,8,16,1,4,1.0,1.04,74,152,74_152,8.395820801926194,2026-09-16 07:31:37.022926,7.6
9e81dd70-10b2-445a-90a2-76ee08f55c59,7595,13,8,1,3,1.0,1.64,75,41,75_41,11.737696272224676,2026-09-16 07:31:37.022926,8.066666666666666
76561bd3-0f64-4ff4-b004-e90d8620fa5d,28235,20,26,1,0,1.0,0.53,75,75,75_75,4.017512590976421,2026-09-16 07:31:37.022926,6.6
5f457f10-0f86-4f2f-82da-630281f19429,11856,9,12,1,0,1.0,1.53,55,55,55_55,10.34478751795512,2026-09-16 07:31:37.022926,6.616666666666666
ea521887-be2c-48ab-8d8d-4e03a11004ee,12302,15,12,1,0,1.0,3.46,244,166,244_166,19.21685192734066,2026-09-16 07:31:37.022926,17.266666666666666
48a38429-6063-45cf-ba6f-543da2c9e65c,30958,21,28,1,2,1.0,0.58,82,56,82_56,5.408355931321173,2026-09-16 07:31:37.022926,5.733333333333333
54ebb00b-1845-4537-8323-77e25f45d63b,4702,22,5,1,0,1.0,13.04,130,107,130_107,29.04994331667447,2026-09-16 07:31:37.022926,24.483333333333334
077209c8-23ef-45c4-9aaf-aca6854e4667,27247,18,24,1,5,1.0,0.08,61,61,61_61,10.891878500851877,2026-09-16 07:31:37.022926,0.05
5964bf79-78c3-4dda-b6d7-1926ef2e191f,33126,14,30,1,4,1.0,1.82,41,74,41_74,19.763844178601175,2026-09-16 07:31:37.022926,22.05
28318fb7-ec92-47f1-afbc-52f452485cac,20355,15,19,1,0,1.0,0.91,95,95,95_95,6.527201026109236,2026-09-16 07:31:37.022926,8.516666666666667
e75ae95b-d24b-47f5-810f-40f47ef0d356,12936,6,13,1,1,1.0,0.95,74,42,74_42,6.173019116031393,2026-09-16 07:31:37.022926,6.8
2a5abfa9-576f-4bbc-a63d-aecd52b1bec9,17300,14,16,1,4,1.0,6.67,82,225,82_225,36.55317212055116,2026-09-16 07:31:37.022926,36.46666666666667
466a9c33-0eca-4c55-b82f-385042e5b56a,32744,9,30,1,4,1.0,0.2,166,166,166_166,1.2454149166975805,2026-09-16 07:31:37.022926,1.2666666666666666
d66c46e6-13c0-469c-9453-ae3d8b7f92e1,10260,16,10,1,5,2.0,2.29,66,87,66_87,13.387180035382778,2026-09-16 07:31:37.022926,13.333333333333334
cac09001-4153-4317-9fe9-410cd35f8f9d,27812,9,26,1,0,1.0,2.33,70,223,70_223,11.881881349543136,2026-09-16 07:31:37.022926,12.316666666666666
371d3d20-087b-4061-97e7-30357ba47e45,15572,8,15,1,3,1.0,2.42,74,262,74_262,17.54073133860405,2026-09-16 07:31:37.022926,24.316666666666663
41131ad9-6748-4cf2-8e69-14eaa60633aa,27251,18,24,1,5,1.0,2.9,97,225,97_225,18.056862499598417,2026-09-16 07:31:37.022926,20.2
4d88cf7b-a647-46f7-b9bc-c7f77de8d76f,20391,15,19,1,0,1.0,3.13,74,238,74_238,19.100808175500706,2026-09-16 07:31:37.022926,13.766666666666667
bdef1db5-b977-4a37-8e5a-c391cd68d5a9,19126,7,18,1,6,2.0,10.99,195,21,195_21,39.59246635566064,2026-09-16 07:31:37.022926,22.15
e124c1f8-ffa5-4298-bdfb-3d571958a682,7040,21,7,1,2,1.0,8.73,130,53,130_53,20.11001727692885,2026-09-16 07:31:37.022926,29.133333333333333
9db819c4-89be-4590-93b5-1c3013d77942,31443,11,29,1,3,2.0,2.58,129,138,129_138,15.597132831975753,2026-09-16 07:31:37.022926,7.616666666666666
199349c6-23d8-42f8-8313-945a7ba6551a,18833,20,17,1,5,1.0,0.68,43,236,43_236,4.853757806440565,2026-09-16 07:31:37.022926,2.9166666666666665
52d2c07a-1cd2-4da1-8d93-7b7306724261,9394,19,9,1,4,2.0,1.18,65,181,65_181,11.868922771411425,2026-09-16 07:31:37.022926,11.266666666666667
e1f49d6d-3c5b-4ea8-a921-e63d4ec91d16,13128,9,13,1,1,2.0,1.25,97,97,97_97,10.587186174111679,2026-09-16 07:31:37.022926,13.683333333333334
e0bc1ab2-96fa-4812-b105-e40fbd10ff88,18926,19,17,1,5,1.0,5.68,82,134,82_134,23.945207015167977,2026-09-16 07:31:37.022926,31.716666666666665
1e57e301-1520-4787-b12d-75f869783dc6,20647,18,19,1,0,1.0,3.2,97,188,97_188,22.781783513111005,2026-09-16 07:31:37.022926,18.95
0d00a117-5119-4886-a98e-e823295445bc,21613,15,20,1,1,1.0,5.96,53,252,53_252,23.430150738850987,2026-09-16 07:31:37.022926,53.25
9c6ab77e-5f72-4c00-a77a-6c060d262d4b,34409,16,31,1,5,1.0,1.2,24,151,24_151,9.6053178014098,2026-09-16 07:31:37.022926,9.116666666666667
f64b6271-93ef-448e-9595-92132f121d1a,22558,9,21,1,2,1.0,2.3,75,237,75_237,18.506087466873517,2026-09-16 07:31:37.022926,15.183333333333334
6419d336-5ae7-49cf-afe9-f8204113c292,14901,17,14,1,2,1.0,1.46,75,74,75_74,9.123695525496913,2026-09-16 07:31:37.022926,7.733333333333333
d1050909-fe61-4139-8fc1-30661daab55f,869,7,2,1,4,1.0,1.8,75,238,75_238,10.674482501732722,2026-09-16 07:31:37.022926,8.1
28043a69-e04c-4c84-8fa0-d44b804ea72e,32898,11,30,1,4,1.0,6.58,74,138,74_138,16.32193979298347,2026-09-16 07:31:37.022926,13.383333333333333
24361106-f224-4d56-a129-99fe53deef46,30822,19,28,1,2,1.0,4.58,130,192,130_192,22.01990054320743,2026-09-16 07:31:37.022926,18.483333333333334
360a0cc0-c16a-4d19-89b1-2b29d950300d,16315,17,15,1,3,1.0,0.31,95,95,95_95,3.673750371105122,2026-09-16 07:31:37.022926,6.1
5309e48d-2a99-4d08-93fa-3262fc4a9bdc,14169,7,14,1,2,1.0,1.4,74,75,74_75,10.28034602506788,2026-09-16 07:31:37.022926,7.783333333333333
2eb955dd-ad7a-49b8-a65e-f7dd99b07162,33181,15,30,1,4,1.0,1.52,17,49,17_49,19.037688837656354,2026-09-16 07:31:37.022926,14.616666666666667
44ba9edc-cff4-434f-91ea-9cde49a04a8e,7263,8,8,1,3,1.0,3.6,74,120,74_120,21.660918759899005,2026-09-16 07:31:37.022926,12.433333333333334
59056682-b39f-4fce-8e97-caabf33f1516,7341,9,8,1,3,1.0,1.65,75,237,75_237,12.625020578259667,2026-09-16 07:31:37.022926,9.166666666666666
4cbe4494-5634-4a4b-9ba1-2ddcd49aa1d6,13453,14,13,1,1,1.0,2.06,74,166,74_166,15.573169585042963,2026-09-16 07:31:37.022926,18.2
2ef3363d-ea04-4fee-9b32-96eba03d58de,29659,6,28,1,2,1.0,1.6,74,75,74_75,13.777576805030856,2026-09-16 07:31:37.022926,11.6
4d02e091-3259-413a-8f7a-6bb1efbd8029,33984,8,31,1,5,1.0,2.08,75,42,75_42,11.552495464224606,2026-09-16 07:31:37.022926,8.95
e09fd71b-eee4-4be8-9f6a-0f9eba6751dd,19817,23,18,1,6,1.0,1.45,82,129,82_129,11.121803603757257,2026-09-16 07:31:37.022926,10.466666666666669
5a3cdaac-f03e-4a61-8fe6-bc83252b61ca,7768,15,8,1,3,1.0,1.43,75,263,75_263,12.313506041502258,2026-09-16 07:31:37.022926,15.4
12e6e737-ad10-4f4f-b988-0b55e43839a1,24268,14,22,1,3,1.0,1.81,42,168,42_168,13.684271572459558,2026-09-16 07:31:37.022926,13.533333333333331
7a525695-6413-4451-b6fb-158e505f235e,23874,9,22,1,3,1.0,2.04,74,236,74_236,16.07850616346742,2026-09-16 07:31:37.022926,20.15
791c46da-bd92-4339-8a19-b69133a4b1d5,14295,9,14,1,2,1.0,1.93,75,142,75_142,11.482286073822893,2026-09-16 07:31:37.022926,9.783333333333331
8155bfa4-8910-4963-861e-d1762b53eb3b,18609,16,17,1,5,2.0,1.83,74,263,74_263,11.230232871243139,2026-09-16 07:31:37.022926,10.866666666666667
a1574618-d6ea-44fa-b26a-2d7d7264a126,29449,20,27,1,1,1.0,4.76,97,165,97_165,35.208015588489,2026-09-16 07:31:37.022926,28.566666666666663
c85249d0-0708-4f1a-a703-b02026d709c2,12612,18,12,1,0,1.0,3.25,95,160,95_160,18.830174879202893,2026-09-16 07:31:37.022926,17.9
466e47e5-6aee-488f-b56b-60cfaacba829,18461,13,17,1,5,1.0,1.78,75,41,75_41,10.203889188326162,2026-09-16 07:31:37.022926,8.433333333333334
1f6807a7-88d5-47a3-89b4-ee47eba318c2,26752,12,24,1,5,1.0,2.22,92,92,92_92,9.909989232992288,2026-09-16 07:31:37.022926,12.8
863cf4c7-4a8b-45c9-aeb6-2053687cd16f,16391,18,15,1,3,1.0,2.0,74,236,74_236,12.883029838163583,2026-09-16 07:31:37.022926,11.65
cc2e92ea-3408-4320-b36f-8b78e63cc2b5,8872,13,9,1,4,1.0,1.49,92,173,92_173,11.608374418058322,2026-09-16 07:31:37.022926,6.5
0e6f9492-d0c6-44a7-b933-0087f1e7dcfc,20299,14,19,1,0,1.0,2.5,74,262,74_262,14.882115791918157,2026-09-16 07:31:37.022926,16.2
d45970d5-258f-45ed-90c1-62e3648602fe,5596,17,6,1,1,1.0,3.39,74,140,74_140,21.955920500875003,2026-09-16 07:31:37.022926,24.25
03ff33d4-2a2e-4332-bd31-e750116edb18,20771,20,19,1,0,1.0,5.3,181,68,181_68,18.384239443431735,2026-09-16 07:31:37.022926,25.666666666666668
aa4fe264-be7c-4d4d-a329-2a6c9a14cfa9,33193,15,30,1,4,1.0,1.19,75,74,75_74,11.120392842862515,2026-09-16 07:31:37.022926,23.533333333333335
9f459ea8-fc49-4137-9e28-0fc5ffcc9ca5,3197,15,4,1,6,1.0,2.49,74,262,74_262,13.866378923928428,2026-09-16 07:31:37.022926,14.183333333333334
5ad716ae-c49d-49b0-8437-cc2069c147ef,32233,19,29,1,3,1.0,1.56,74,236,74_236,10.704215706564224,2026-09-16 07:31:37.022926,8.65
b2505bb9-192d-404c-8ea9-a341fee09eae,19827,23,18,1,6,1.0,2.4,95,135,95_135,10.982014251355825,2026-09-16 07:31:37.022926,9.3
e8f5ddda-e6e1-47c9-93a7-53f670bcee8f,15210,19,14,1,2,1.0,0.84,75,263,75_263,6.000872954121152,2026-09-16 07:31:37.022926,10.15
daff4823-0939-495e-b840-e3fc0f0640c8,4240,15,5,1,0,1.0,1.67,43,151,43_151,10.642848192405397,2026-09-16 07:31:37.022926,9.933333333333334
36ddee6f-04c1-436c-9922-66723f3c30a6,27056,16,24,1,5,1.0,3.0,97,225,97_225,18.267030007709867,2026-09-16 07:31:37.022926,20.816666666666663
85b88bd8-42ce-4ab2-8301-9c36eafb2ac1,9962,12,10,1,5,1.0,2.34,65,61,65_61,14.885441378075091,2026-09-16 07:31:37.022926,14.783333333333331
18287842-7610-4fc9-9bf9-305ac830e280,28649,10,27,1,1,1.0,1.8,75,264,75_264,16.153851357303548,2026-09-16 07:31:37.022926,10.866666666666667
62277abc-e1b4-4018-abb6-fc041c18d8ae,24899,22,22,1,3,2.0,7.6,66,48,66_48,36.57979364897671,2026-09-16 07:31:37.022926,29.316666666666663
9941dd5d-6109-4831-b482-471a8c3deba6,23112,16,21,1,2,2.0,1.45,43,237,43_237,12.544726957588804,2026-09-16 07:31:37.022926,10.283333333333331
6f5464f1-aa07-4a18-ae20-8ca6e835ca3a,34569,18,31,1,5,1.0,1.71,82,129,82_129,13.084834095707304,2026-09-16 07:31:37.022926,19.166666666666668
00ab1e0d-4e3a-4978-b332-39683675799d,29437,20,27,1,1,1.0,0.97,43,236,43_236,6.97047775919287,2026-09-16 07:31:37.022926,6.2
2003cf15-2dc5-4e51-a1dd-141761e174f8,27918,13,27,1,1,1.0,0.26,74,74,74_74,4.407753278663971,2026-09-16 07:31:37.022926,7.333333333333333
fc7414da-c365-4b92-b7a2-dee4213faf69,9943,12,10,1,5,1.0,10.24,74,265,74_265,22.778643002953242,2026-09-16 07:31:37.022926,24.083333333333332
c8a69fb3-03a6-4bca-b431-3feab83352a2,12679,18,12,1,0,1.0,2.26,43,237,43_237,15.960148990234313,2026-09-16 07:31:37.022926,12.566666666666666
a3cc8579-0ee5-4c88-9ff7-7908d7aa85a5,8607,9,9,1,4,1.0,1.14,236,262,236_262,9.511913625165858,2026-09-16 07:31:37.022926,9.016666666666667
1a880cd0-6650-42b9-b3c1-438d5fb33e15,29592,23,27,1,1,1.0,1.36,116,244,116_244,8.840307701076421,2026-09-16 07:31:37.022926,7.9
ef5e210d-5e7d-4bc4-adb0-46e0486bf8d7,20126,12,19,1,0,1.0,8.37,244,140,244_140,24.9526929239826,2026-09-16 07:31:37.022926,19.1
146ea11f-8ac1-4dc5-a80e-081499c35d0e,28715,11,27,1,1,1.0,2.43,74,263,74_263,23.05594825731121,2026-09-16 07:31:37.022926,23.9
2f125ad4-d969-467c-ad45-c883b2fc0d4f,2938,11,4,1,6,1.0,1.0,74,41,74_41,6.121785100896416,2026-09-16 07:31:37.022926,8.483333333333333
3846946c-0dec-4cb1-9c7f-c8f25f533e27,11811,8,12,1,0,1.0,6.84,129,92,129_92,23.850873286382328,2026-09-16 07:31:37.022926,18.216666666666665
9af89d5f-e57f-4546-b554-783e9939594c,5479,16,6,1,1,1.0,0.73,75,75,75_75,6.4412576817394145,2026-09-16 07:31:37.022926,8.666666666666666
c4c4efc0-3c6e-49ee-963a-f40424a5b463,16745,23,15,1,3,1.0,3.86,75,170,75_170,15.918990580126536,2026-09-16 07:31:37.022926,17.516666666666666
13a64ad1-7adf-418e-8bb4-7f6b5c91061c,3983,12,5,1,0,2.0,1.91,74,42,74_42,12.48764069022434,2026-09-16 07:31:37.022926,15.983333333333333
28e60c02-6614-4686-893e-5ffac2927ea8,19803,22,18,1,6,1.0,0.97,75,43,75_43,4.847417513806784,2026-09-16 07:31:37.022926,6.466666666666667
5be5de90-7b85-4586-983e-c83fbd0e203c,21936,18,20,1,1,1.0,0.64,75,75,75_75,5.015235913644132,2026-09-16 07:31:37.022926,10.733333333333333
ed00a553-f8d6-4a9e-9c72-c45d0fa2421e,30485,16,28,1,2,1.0,3.81,82,138,82_138,13.221506267117823,2026-09-16 07:31:37.022926,11.1
ffddea39-29d9-4963-990a-ef2c88fce2f5,32097,18,29,1,3,1.0,0.9,223,223,223_223,8.564981888014623,2026-09-16 07:31:37.022926,6.95
1e2d56c2-641d-4492-bc06-e60bb32a1445,17767,18,16,1,4,1.0,1.86,95,95,95_95,12.644701538751223,2026-09-16 07:31:37.022926,16.05
6001ecc9-c1e4-4f49-9292-7d62891c1008,31317,9,29,1,3,1.0,13.26,74,61,74_61,37.50764132360203,2026-09-16 07:31:37.022926,54.25
39296150-e6ce-4391-8844-89822c888a0a,20158,12,19,1,0,1.0,1.31,74,75,74_75,8.074297465216565,2026-09-16 07:31:37.022926,8.933333333333334
76dec49e-195c-4170-b52b-266a0f3a3d19,8331,22,8,1,3,1.0,1.77,97,181,97_181,12.19116263712428,2026-09-16 07:31:37.022926,11.233333333333333
2dc95826-6564-4cea-af1d-837ccab2d46e,26993,15,24,1,5,1.0,4.0,74,140,74_140,20.745339959305706,2026-09-16 07:31:37.022926,15.9
6857a5a4-0688-426e-a74e-6c31cd747d53,28813,12,27,1,1,1.0,2.04,74,166,74_166,19.35160442544644,2026-09-16 07:31:37.022926,20.85
569a4db9-69cd-43bb-ab09-9025deb78a07,14645,14,14,1,2,1.0,1.71,43,236,43_236,13.522968414740475,2026-09-16 07:31:37.022926,16.816666666666666
19a734a4-f7e5-4cbc-a395-3c03c5675323,26554,7,24,1,5,1.0,6.52,74,138,74_138,12.547369789703312,2026-09-16 07:31:37.022926,12.65
f51f90d0-a4ee-4a1d-a34f-434ef5538548,7851,16,8,1,3,1.0,3.93,95,131,95_131,17.292295833002363,2026-09-16 07:31:37.022926,17.3
8834d5db-e250-4a2a-bc0e-5006a8f203cf,12946,7,13,1,1,1.0,1.36,74,41,74_41,9.832317959677448,2026-09-16 07:31:37.022926,10.4
eb44c708-eba7-4333-abfb-5cfc21d4f46a,5809,20,6,1,1,1.0,1.72,95,135,95_135,8.836866352896209,2026-09-16 07:31:37.022926,10.833333333333334
5ff0fc13-60dd-465c-a270-f0cc14f0918e,24903,21,22,1,3,1.0,4.26,129,70,129_70,14.154875729538,2026-09-16 07:31:37.022926,13.15
6335aa8a-ae53-4f61-b108-8928bf7aa439,32341,20,29,1,3,1.0,0.0,75,264,75_264,6.781370517532855,2026-09-16 07:31:37.022926,8.016666666666667
98b00072-2a20-47a2-a65d-9d6e66c930b5,25472,13,23,1,4,2.0,1.52,74,75,74_75,12.51984207290762,2026-09-16 07:31:37.022926,18.483333333333334
0b6cdd9c-221c-4244-ad28-cb10289249a2,21604,14,20,1,1,1.0,7.97,244,161,244_161,31.42208364445251,2026-09-16 07:31:37.022926,30.066666666666663
9c3d019d-dd90-4763-8581-0ae93506f974,23747,8,22,1,3,1.0,0.65,74,74,74_74,5.984081733623817,2026-09-16 07:31:37.022926,5.616666666666666
d1663901-78f0-4335-ac5f-f38117d99cb7,22509,8,21,1,2,1.0,1.36,74,43,74_43,11.912936133164557,2026-09-16 07:31:37.022926,6.233333333333333
2593035c-9d93-4660-9d54-dc1a5565f5d3,25931,17,23,1,4,1.0,3.84,74,239,74_239,23.492089574835315,2026-09-16 07:31:37.022926,28.616666666666667
9ea742b9-a315-40bb-911b-4d7a43794aed,1135,12,2,1,4,1.0,1.25,74,166,74_166,8.641683864559782,2026-09-16 07:31:37.022926,10.366666666666667
ab0947c9-3050-467d-a27e-cb27eacc253a,21597,14,20,1,1,1.0,0.95,74,42,74_42,7.182688980724647,2026-09-16 07:31:37.022926,8.216666666666667
65b7df7a-918d-4518-8f21-05c19ca18e52,12977,7,13,1,1,1.0,12.47,89,233,89_233,35.45953493483173,2026-09-16 07:31:37.022926,58.85
b87a3f8c-4a25-4c90-9fce-e9602042a39d,17905,20,16,1,4,2.0,13.94,130,97,130_97,32.614075306233055,2026-09-16 07:31:37.022926,36.9
f4b863d1-ca28-4154-9a51-efb4dd1c50b6,15382,0,15,1,3,1.0,1.56,95,196,95_196,8.547101559302554,2026-09-16 07:31:37.022926,7.616666666666666
8baf1146-f3c3-4b93-8a4a-9e5aa9091d51,5482,16,6,1,1,1.0,4.94,75,48,75_48,25.21899108202787,2026-09-16 07:31:37.022926,18.75
89cf7804-1209-4ce4-96dc-6b67a7ac06de,13391,13,13,1,1,1.0,1.77,74,116,74_116,13.398973594977425,2026-09-16 07:31:37.022926,11.183333333333334
0fd5d194-987d-4dce-8e17-dbe140e96188,23823,9,22,1,3,1.0,1.94,236,166,236_166,13.640179034845431,2026-09-16 07:31:37.022926,11.9
6c0d3968-36ad-47b8-addd-b8ba4e51324b,9405,19,9,1,4,1.0,0.91,75,236,75_236,6.538473395241627,2026-09-16 07:31:37.022926,6.95
1289e3bd-d572-47cf-b7de-d708cd20041d,8517,8,9,1,4,1.0,1.55,74,75,74_75,12.491496174167176,2026-09-16 07:31:37.022926,13.033333333333331
ca4c8d97-8065-4b41-823d-86c96f482cca,12944,7,13,1,1,1.0,1.76,42,166,42_166,11.640938321046598,2026-09-16 07:31:37.022926,11.233333333333333
113b2c14-8186-4dc6-83bb-ed01675918db,32318,20,29,1,3,1.0,0.51,97,189,97_189,8.854852408273842,2026-09-16 07:31:37.022926,9.5
78182a26-f810-4af7-b020-c301832ff487,31935,17,29,1,3,1.0,0.0,75,263,75_263,12.681528856352118,2026-09-16 07:31:37.022926,16.416666666666668
a2fb9806-619e-4f3e-a044-77d75c405c83,31323,9,29,1,3,1.0,4.45,74,163,74_163,33.90054032993422,2026-09-16 07:31:37.022926,29.283333333333335
2e90f7fb-6987-4773-b7b9-f70d99410261,17376,14,16,1,4,1.0,1.99,166,74,166_74,14.973254071056575,2026-09-16 07:31:37.022926,16.016666666666666
1c2e895b-3fd2-450c-a9d3-199bdf4d31d0,27761,7,26,1,0,1.0,1.1,75,41,75_41,6.375286104492511,2026-09-16 07:31:37.022926,3.3
9784c793-3e50-40d0-90e3-0a7c53d727e7,7052,21,7,1,2,2.0,4.83,74,243,74_243,16.05295181258668,2026-09-16 07:31:37.022926,12.733333333333333
a4c0a776-df26-48c9-b612-336e1e9dac20,15213,19,14,1,2,1.0,1.08,65,97,65_97,11.524318012542414,2026-09-16 07:31:37.022926,8.75
891fd766-bb2a-4244-89d8-3f11f591d025,14981,17,14,1,2,1.0,1.82,66,97,66_97,16.19204121953949,2026-09-16 07:31:37.022926,15.583333333333334
dcd3e0ad-2f92-462d-9735-d9a41759fd8c,30492,16,28,1,2,1.0,1.89,74,236,74_236,17.903159634605885,2026-09-16 07:31:37.022926,20.916666666666668
9895cd5d-a05b-4025-b4c7-ce7fd81c6fac,11748,7,12,1,0,1.0,1.32,74,43,74_43,10.290555186113021,2026-09-16 07:31:37.022926,7.85
7cc81ac8-6c43-4150-a001-a971e1036594,9826,10,10,1,5,5.0,3.51,166,238,166_238,17.012722721585096,2026-09-16 07:31:37.022926,9.866666666666667
668cce40-e519-4476-9d1a-b7682ec5de40,8717,11,9,1,4,1.0,4.02,97,225,97_225,27.15969250864263,2026-09-16 07:31:37.022926,37.81666666666667
26b965d3-f476-4ccd-b643-a90ae2e76500,24925,22,22,1,3,1.0,2.68,74,151,74_151,13.62420153105403,2026-09-16 07:31:37.022926,14.766666666666667
395ba280-1b4e-4a1d-8d1e-11f1ba7ec89f,23836,9,22,1,3,1.0,1.47,75,74,75_74,9.025319206980857,2026-09-16 07:31:37.022926,7.866666666666666
c3e91eae-e2f6-468e-a981-61ce364b96ea,2120,13,3,1,5,1.0,6.77,65,230,65_230,35.00700559015412,2026-09-16 07:31:37.022926,31.533333333333335
9310c5c8-cc9f-4077-9c10-7c958b6f01fa,19658,18,18,1,6,1.0,1.84,43,239,43_239,9.827388261785504,2026-09-16 07:31:37.022926,8.7
d12be542-9cd8-4fe6-ad7d-cc6952c44ebb,8813,12,9,1,4,1.0,2.3,74,116,74_116,16.445799019751348,2026-09-16 07:31:37.022926,13.616666666666667
20823426-f83f-4541-afb6-97464698c7e0,7207,7,8,1,3,5.0,1.61,74,152,74_152,11.79162590139367,2026-09-16 07:31:37.022926,10.833333333333334
0f0354a7-db37-4248-9ec6-8f1f9cfce4b5,30177,13,28,1,2,1.0,2.26,75,237,75_237,29.746600275971595,2026-09-16 07:31:37.022926,30.833333333333332
5f5811ad-394c-4dc8-bbba-c22c53a4cc26,24248,14,23,1,4,1.0,1.69,43,262,43_262,13.959524034177264,2026-09-16 07:31:37.022926,15.35
e749ed34-0f77-480a-b04d-ae43e137ced1,3836,10,5,1,0,1.0,9.4,244,162,244_162,33.12716648509495,2026-09-16 07:31:37.022926,26.166666666666668
5a12293c-f9ee-43cd-a6bc-b1961d9cf988,24963,23,22,1,3,1.0,14.72,65,151,65_151,31.25985005856904,2026-09-16 07:31:37.022926,42.233333333333334
758b41eb-4d4b-440c-9f06-01a5cb97beca,14971,17,14,1,2,2.0,2.88,66,148,66_148,18.81890091229157,2026-09-16 07:31:37.022926,20.166666666666668
29be6852-911c-4102-b2c3-4872acfb6880,28750,11,27,1,1,1.0,3.4,130,218,130_218,27.448300355360544,2026-09-16 07:31:37.022926,25.583333333333332
e7406970-d505-4474-b6dd-3458c6c719a8,3408,19,4,1,6,1.0,1.98,74,263,74_263,10.754300289590258,2026-09-16 07:31:37.022926,6.966666666666667
dece7458-1592-442f-8a3e-05851a58191c,25114,8,23,1,4,1.0,1.76,95,160,95_160,13.039374432680793,2026-09-16 07:31:37.022926,12.983333333333333
e067c7f3-9dbc-4b5b-9642-ca0abe17ceef,9991,12,10,1,5,2.0,2.23,41,116,41_116,12.201513208689102,2026-09-16 07:31:37.022926,12.433333333333334
3a4c0fad-67ae-418c-a74c-fb143600d4ad,6718,17,7,1,2,2.0,3.0,97,61,97_61,20.834053865574152,2026-09-16 07:31:37.022926,20.033333333333335
dcecc87c-6592-45f3-997e-0fc84848cb16,28699,11,27,1,1,2.0,2.05,74,116,74_116,20.16289201762462,2026-09-16 07:31:37.022926,13.9
31b52346-c478-4bea-a3f7-21305eec39f7,8513,7,9,1,4,1.0,1.74,74,236,74_236,12.612109765493846,2026-09-16 07:31:37.022926,8.8
ae39c587-6851-4aee-bdd8-5025e2fd82ab,7777,15,8,1,3,1.0,0.55,65,34,65_34,7.864842458481289,2026-09-16 07:31:37.022926,6.816666666666666
89a2129e-d6a4-4334-848a-bd91c19e86aa,33081,14,30,1,4,1.0,0.1,95,95,95_95,2.3499453519979756,2026-09-16 07:31:37.022926,0.25
6cf16a99-5536-4c3c-9108-a95df98d6a50,25917,17,23,1,4,1.0,1.72,74,236,74_236,13.263762727331198,2026-09-16 07:31:37.022926,11.683333333333334
d404f57b-ee42-4644-81ba-f0ab0c2c597f,16283,17,15,1,3,1.0,2.2,41,247,41_247,14.863240416813554,2026-09-16 07:31:37.022926,11.583333333333334
838c18b4-4fdf-476d-9558-3d868e2ce4b0,25617,15,23,1,4,1.0,3.13,97,89,97_89,24.396968758679346,2026-09-16 07:31:37.022926,30.15
82680594-c264-4415-98a1-8d6b550f3b76,13446,14,13,1,1,1.0,1.16,75,74,75_74,7.517617776989066,2026-09-16 07:31:37.022926,4.283333333333333
6e6e955d-84e0-404f-a893-08931ba4c41c,14810,16,14,1,2,1.0,3.57,66,113,66_113,24.041127160128756,2026-09-16 07:31:37.022926,20.333333333333332
e7be7212-9242-4a89-8f4f-625105e2aed5,12751,19,12,1,0,1.0,2.83,130,10,130_10,15.883639023716318,2026-09-16 07:31:37.022926,15.966666666666669
83337083-4419-4b3c-9bb0-f1255a706cfa,25046,7,23,1,4,1.0,0.95,75,74,75_74,8.835898566750044,2026-09-16 07:31:37.022926,9.166666666666666
42d86f66-417d-4766-b385-6460e6e9856d,9579,22,9,1,4,1.0,4.22,74,143,74_143,18.92705509764564,2026-09-16 07:31:37.022926,17.133333333333333
96f3bdfc-59d9-4093-b1eb-87f577db09bf,4695,22,5,1,0,2.0,7.34,97,162,97_162,27.242030327160283,2026-09-16 07:31:37.022926,20.116666666666667
b984373b-70cd-48f5-add6-5b52dc65bc60,5296,14,6,1,1,1.0,0.85,97,49,97_49,8.467361920300116,2026-09-16 07:31:37.022926,6.333333333333333
9c4b86ee-9019-40f1-8971-42d73e113f11,32826,10,30,1,4,6.0,2.86,24,236,24_236,22.725786120360933,2026-09-16 07:31:37.022926,21.5
d0bf4c9e-4b7a-49fc-8875-3979a77a7fb9,20692,19,19,1,0,1.0,0.79,166,166,166_166,4.945261274791581,2026-09-16 07:31:37.022926,4.266666666666667
69e07ede-0cc8-4b50-859d-ee7d9dae06c5,29185,17,27,1,1,1.0,3.2,75,229,75_229,29.735637368848813,2026-09-16 07:31:37.022926,36.166666666666664
e6c01ec3-f23d-43bf-887e-0ca14cb94a86,18605,16,17,1,5,1.0,3.0,166,239,166_239,16.26552572680023,2026-09-16 07:31:37.022926,16.55
865cacae-2011-41c9-8c5e-2aedd5823745,21663,15,20,1,1,1.0,0.79,7,7,7_7,6.662513248864877,2026-09-16 07:31:37.022926,5.966666666666667
94a3a677-efc6-49b4-b753-6ed368c3c63e,6985,19,7,1,2,1.0,0.79,129,260,129_260,6.61726366246723,2026-09-16 07:31:37.022926,6.0
ee780625-d921-4fea-9171-aa9e79d4a2db,15137,18,14,1,2,1.0,0.0,193,193,193_193,1.3334863785461768,2026-09-16 07:31:37.022926,0.2
0ad2efd7-6f82-4c17-bcb0-51870cd23b8a,27104,16,24,1,5,1.0,4.48,195,188,195_188,28.223104637685314,2026-09-16 07:31:37.022926,26.216666666666665
bdb86dad-0641-4cf4-850e-d97c7a58ec4a,985,10,2,1,4,1.0,0.46,134,130,134_130,2.749105776877236,2026-09-16 07:31:37.022926,3.6333333333333337
a415cb1a-043a-4e3b-a3af-63413bbec34e,15289,21,14,1,2,1.0,3.4,65,228,65_228,17.378202960270983,2026-09-16 07:31:37.022926,20.583333333333332
4e270ecd-0acd-43b9-91a1-f85d0cb92a5e,2135,13,3,1,5,1.0,3.91,74,223,74_223,17.354739413861946,2026-09-16 07:31:37.022926,10.616666666666667
f2213c1f-c7cc-466b-ac91-09b58e6ac2ce,29021,15,27,1,1,1.0,1.74,95,95,95_95,16.76460390230712,2026-09-16 07:31:37.022926,13.716666666666669
3c8ac2fc-27c1-4783-9b10-9244f7618b8a,5934,1,7,1,2,1.0,0.55,92,92,92_92,3.9502672855016705,2026-09-16 07:31:37.022926,3.6333333333333337
5b791333-dc4e-4e48-bf8a-ce769603625d,12212,14,12,1,0,1.0,3.1,74,244,74_244,21.409568459994375,2026-09-16 07:31:37.022926,20.95
5c6b63cd-f00a-4cc9-b435-a5fd25e111cb,7550,11,8,1,3,1.0,1.36,75,263,75_263,10.679335457521649,2026-09-16 07:31:37.022926,16.716666666666665
5f1f6d11-b9ac-42ae-8051-73d586ded8fe,18892,21,17,1,5,1.0,2.58,166,42,166_42,12.341193400642336,2026-09-16 07:31:37.022926,14.916666666666666
8d100f98-477d-406b-9ce2-f45595bc430c,20402,14,19,1,0,1.0,3.02,74,262,74_262,17.625406612733595,2026-09-16 07:31:37.022926,18.466666666666665
9e4f3821-2d31-45b3-854c-804457ad7c81,8125,19,8,1,3,1.0,5.54,66,68,66_68,23.907104020874915,2026-09-16 07:31:37.022926,26.0
8646d5f8-eaf1-44d0-8881-c004e2ff692b,19838,23,18,1,6,2.0,0.5,130,130,130_130,3.3248781114244577,2026-09-16 07:31:37.022926,0.1666666666666666
7181eb56-9cbe-471f-b74f-034e0408f836,31449,11,29,1,3,1.0,6.3,75,68,75_68,31.7094649819344,2026-09-16 07:31:37.022926,51.06666666666667
f9e090f9-f72c-45f5-9a9d-ad36c98a5421,33505,18,30,1,4,1.0,2.36,74,236,74_236,20.160871563330996,2026-09-16 07:31:37.022926,21.983333333333334
5fc2ecf0-6804-429f-a06f-84b0a6fafc6a,21207,9,20,1,1,6.0,4.14,74,243,74_243,17.896248733392667,2026-09-16 07:31:37.022926,13.95
841a785c-466c-47a0-a2da-0f0e65e49c25,13055,8,13,1,1,1.0,1.37,74,75,74_75,12.475611181992477,2026-09-16 07:31:37.022926,10.05
918d8954-4495-4a1a-a674-6e1366617f29,28288,22,26,1,0,1.0,0.0,75,112,75_112,8.96177962614604,2026-09-16 07:31:37.022926,26.866666666666667
8201e9cf-794e-4ac2-b5da-b04ed2e703af,32843,11,30,1,4,1.0,2.05,43,237,43_237,21.068179821621758,2026-09-16 07:31:37.022926,39.61666666666667
fd053419-6c0d-4945-a13f-23249f2cd641,15596,8,15,1,3,1.0,1.94,74,152,74_152,13.900636786701876,2026-09-16 07:31:37.022926,11.133333333333333
97ad1cd2-f1cd-4122-8cb8-f7d8ee2da2cb,33694,20,30,1,4,1.0,1.64,223,223,223_223,12.67294128655399,2026-09-16 07:31:37.022926,7.416666666666667
d2f67369-fa97-4a22-8271-30fd30b55075,29497,20,27,1,1,1.0,2.0,74,236,74_236,10.478426861343204,2026-09-16 07:31:37.022926,10.516666666666667
3a1dff00-16af-41d4-919c-4f4dc8b08a9a,5972,6,7,1,2,1.0,0.69,74,74,74_74,5.550806725108043,2026-09-16 07:31:37.022926,5.45
89ce5dac-b428-4b02-8afd-3eb8f69e230b,33374,17,30,1,4,1.0,3.07,166,142,166_142,28.018688857240022,2026-09-16 07:31:37.022926,23.85
b8d0e7ec-c3ca-454f-a7c0-87a102bb6dae,15988,14,15,1,3,1.0,1.3,75,74,75_74,7.52227620684082,2026-09-16 07:31:37.022926,6.933333333333334
faba0a61-38d3-404d-a0f1-e1c1f8fd09e2,31115,6,29,1,3,1.0,2.96,75,161,75_161,20.96072851100399,2026-09-16 07:31:37.022926,16.866666666666667
0d6308c7-e04c-45de-a55c-9f412e2f52f1,8823,12,9,1,4,1.0,2.5,43,163,43_163,18.531476032687948,2026-09-16 07:31:37.022926,19.35
a4036e05-f231-4ceb-8bc2-74ccf0e8df72,2599,20,3,1,5,1.0,1.62,41,74,41_74,9.802066695538292,2026-09-16 07:31:37.022926,10.4
8d986039-73d1-4b34-8309-63c7abda3f80,6045,7,7,1,2,1.0,1.65,74,75,74_75,12.056822812498742,2026-09-16 07:31:37.022926,8.533333333333333
efe6ac0c-cd8b-4039-ab86-44d8ec373636,32510,21,29,1,3,1.0,0.0,82,82,82_82,13.912048875263865,2026-09-16 07:31:37.022926,0.05
a0c272cc-5aad-4db7-901a-02f634209e52,19350,13,18,1,6,1.0,4.0,116,43,116_43,19.321268239941798,2026-09-16 07:31:37.022926,18.05
f5a9d86b-8653-4e50-8608-ddf106db01b5,25744,16,23,1,4,5.0,1.38,75,74,75_74,8.33572927224242,2026-09-16 07:31:37.022926,7.65
409ede1c-c815-471f-8f29-1abe74d381a1,6276,11,7,1,2,1.0,3.6,74,239,74_239,21.96232966445814,2026-09-16 07:31:37.022926,23.4
8b873027-bbbf-49ff-a334-100ab406a97b,9547,21,9,1,4,1.0,1.41,97,181,97_181,10.974950479017334,2026-09-16 07:31:37.022926,10.033333333333331
90d01b8c-9da6-47d7-a6ea-310651aa91ad,689,20,1,1,3,1.0,1.67,75,238,75_238,7.810430402581215,2026-09-16 07:31:37.022926,8.066666666666666
d5b854e2-432c-480c-b4f3-717d3af09cf0,16779,0,16,1,4,1.0,1.42,55,55,55_55,6.891677648722655,2026-09-16 07:31:37.022926,8.383333333333333
4687e144-c68a-48d3-b7e0-0c0592614935,20711,19,19,1,0,1.0,1.09,97,61,97_61,13.176975912850983,2026-09-16 07:31:37.022926,13.85
5682edb1-e1d0-476a-a43e-e38d6b409cad,34808,22,31,1,5,1.0,1.51,74,75,74_75,8.691741195369582,2026-09-16 07:31:37.022926,6.466666666666667
8fb81f3f-3d49-4da6-977d-7efa91be4602,20917,23,19,1,0,1.0,2.91,66,45,66_45,13.229710091682117,2026-09-16 07:31:37.022926,14.333333333333334
9b560bb6-8811-41d8-a661-5321675fddbd,30021,10,28,1,2,5.0,0.88,75,74,75_74,8.330805095804498,2026-09-16 07:31:37.022926,7.316666666666666
9a35e068-705c-4d3b-a3ec-07d05f952cbf,29734,7,28,1,2,1.0,1.72,74,75,74_75,17.635263712329007,2026-09-16 07:31:37.022926,23.916666666666668
95c482d6-889a-4ec7-8015-3e986b772249,9628,23,9,1,4,1.0,5.42,75,249,75_249,22.21104001428395,2026-09-16 07:31:37.022926,26.7
586fdb29-e80c-43c2-b3f9-3269b325d3c0,11279,16,11,1,6,1.0,3.0,74,239,74_239,16.28156666485764,2026-09-16 07:31:37.022926,16.483333333333334
a735ce55-52eb-4c2f-a684-8495eafc4b36,34476,17,31,1,5,1.0,2.83,74,237,74_237,19.896912317625983,2026-09-16 07:31:37.022926,17.933333333333334
c8705c1c-874d-4ed2-b6c3-75a622cac07f,12565,17,12,1,0,2.0,1.81,43,237,43_237,13.299444643742037,2026-09-16 07:31:37.022926,14.283333333333331
9f50021f-7ff4-488a-937b-95ed35335c22,25154,8,23,1,4,1.0,3.4,24,237,24_237,21.450645002560094,2026-09-16 07:31:37.022926,18.4
b4e74aa8-24a7-4cae-b2c0-768ce5aa1089,2195,14,3,1,5,1.0,1.75,74,236,74_236,10.61383941208644,2026-09-16 07:31:37.022926,4.783333333333333
2adbceeb-bd93-4282-9ce7-a9584b6577ca,6582,15,7,1,2,1.0,2.52,74,237,74_237,20.068119781146617,2026-09-16 07:31:37.022926,19.5
96321633-2494-486b-9a48-e8f2c7be9735,23588,0,22,1,3,5.0,2.42,65,195,65_195,12.066766883560689,2026-09-16 07:31:37.022926,14.516666666666667
718802e3-30be-441b-846c-68bf25005333,3965,12,5,1,0,1.0,3.04,97,256,97_256,19.886680106458677,2026-09-16 07:31:37.022926,24.733333333333334
1e6421f3-8cbc-4328-adba-bd4ab404ac07,27647,4,25,1,6,1.0,2.76,34,36,34_36,13.075572869263818,2026-09-16 07:31:37.022926,17.633333333333333
ee4a118b-3e66-40da-9da7-cd2b31371667,13891,19,13,1,1,1.0,1.4,75,74,75_74,5.901104938644158,2026-09-16 07:31:37.022926,6.316666666666666
9ec1d5db-f796-4e8b-b783-4e345cb51c5f,25411,12,23,1,4,1.0,0.78,196,82,196_82,39.01442747723807,2026-09-16 07:31:37.022926,10.05
02006b51-9939-4b4a-be6e-e1f73371e875,5587,17,6,1,1,1.0,1.24,75,238,75_238,8.693241645190717,2026-09-16 07:31:37.022926,6.05
ee756492-828c-4587-96fe-552d7648a4ab,21788,16,20,1,1,1.0,1.7,74,236,74_236,12.357038127279457,2026-09-16 07:31:37.022926,10.833333333333334
99142365-8d06-4049-b577-05b5054caa70,17323,14,16,1,4,1.0,0.95,41,166,41_166,7.805818430403644,2026-09-16 07:31:37.022926,6.666666666666667
294d913d-5671-4d34-b585-9e19d20256a9,14732,15,14,1,2,1.0,3.64,82,138,82_138,11.114774743904311,2026-09-16 07:31:37.022926,9.883333333333333
9821cd04-1aa7-4ba2-acbf-e527b145b763,24140,13,22,1,3,1.0,0.91,41,42,41_42,6.799689783778281,2026-09-16 07:31:37.022926,4.983333333333333
80bb0809-277f-4206-86e2-f3861842fcdb,6080,8,7,1,2,1.0,9.24,74,88,74_88,24.72903361952262,2026-09-16 07:31:37.022926,58.4
79926608-5df6-4a29-a977-5bd90d14b8a3,12577,18,12,1,0,1.0,0.86,43,75,43_75,6.440338535087465,2026-09-16 07:31:37.022926,5.966666666666667
6828aa42-518d-4bc3-a48f-42dd712cf4ef,20531,17,19,1,0,1.0,1.94,82,129,82_129,12.514561718147139,2026-09-16 07:31:37.022926,23.55
10339e6f-3adc-4d37-acb3-63b15d417ff1,29988,10,28,1,2,1.0,4.2,74,140,74_140,32.67216507801001,2026-09-16 07:31:37.022926,39.05
a5465518-ebfc-4302-8c2c-955c1ec5c63a,15725,10,15,1,3,1.0,1.54,74,166,74_166,11.697639157417461,2026-09-16 07:31:37.022926,13.3
c1fbfd92-f700-4909-9b80-dd18db90c00b,3478,19,4,1,6,5.0,4.87,260,256,260_256,19.901008604296482,2026-09-16 07:31:37.022926,17.85
0b6b796d-afc8-457a-813c-bf75b85ec9a2,11906,9,12,1,0,2.0,0.58,74,42,74_42,4.790196592132886,2026-09-16 07:31:37.022926,4.283333333333333
df7a158c-54d6-4bf9-817a-563d3e7df561,33606,18,30,1,4,1.0,0.86,24,238,24_238,7.649378805153996,2026-09-16 07:31:37.022926,4.95
a95761b2-768c-4546-8b80-9f2d88f0546e,28384,7,27,1,1,1.0,2.23,244,243,244_243,18.103835766541227,2026-09-16 07:31:37.022926,5.8
f4f1edf1-ba48-4a93-84ad-2f728d4e4f96,32366,21,29,1,3,1.0,6.43,236,158,236_158,24.138797082021327,2026-09-16 07:31:37.022926,24.316666666666663
8cd3047b-f01b-4584-ad20-c30fb86aa4c5,14213,8,14,1,2,1.0,6.87,129,28,129_28,24.748414093026103,2026-09-16 07:31:37.022926,28.1
e69e7b79-40fb-40ad-b8bf-db2fa2a1bc04,15737,10,15,1,3,1.0,0.88,43,263,43_263,7.719786919243014,2026-09-16 07:31:37.022926,9.933333333333334
f9311ab0-9008-4015-96f2-3847acf36bd9,25210,9,23,1,4,1.0,1.94,24,236,24_236,13.480701729678955,2026-09-16 07:31:37.022926,9.533333333333331
c469a9d7-1307-488b-a225-b6044146a593,3893,10,5,1,0,1.0,1.77,43,239,43_239,10.253626428219714,2026-09-16 07:31:37.022926,8.316666666666666
f79e0f0b-03cf-4f5f-8d5c-18b1c72709a3,27722,22,25,1,6,1.0,1.06,260,129,260_129,6.882194846470311,2026-09-16 07:31:37.022926,10.616666666666667
790b06ff-e394-4e96-8714-76bbd6aecdda,889,8,2,1,4,1.0,3.73,42,75,42_75,18.57669800547296,2026-09-16 07:31:37.022926,12.883333333333333
fec46b8e-d4d6-42fc-b1ff-f50d0eb99428,18452,13,17,1,5,1.0,3.49,82,258,82_258,18.223806563666813,2026-09-16 07:31:37.022926,24.533333333333335
a10342a7-800b-4c37-b122-1706a6c2309b,19519,16,18,1,6,2.0,1.36,65,181,65_181,12.22078748989057,2026-09-16 07:31:37.022926,9.233333333333333
5e93dd5b-4815-4dec-b5a5-ef2adc859f16,9437,19,10,1,5,1.0,0.35,75,75,75_75,3.091146216268177,2026-09-16 07:31:37.022926,3.316666666666667
5d6334c5-6420-40e0-828a-3881e40ac5f0,2962,11,5,1,0,1.0,2.58,166,244,166_244,14.160401386103965,2026-09-16 07:31:37.022926,13.933333333333334
84683bd4-66eb-4cb7-8884-70517060f761,9999,13,10,1,5,1.0,5.05,7,43,7_43,23.390161025649014,2026-09-16 07:31:37.022926,26.033333333333335
b282e533-55a3-4e55-bc9d-c6cdaae406be,1694,20,2,1,4,1.0,1.4,25,181,25_181,8.403654975640206,2026-09-16 07:31:37.022926,6.7
61cda6c9-2325-470b-9957-72cd46008bd5,28740,11,27,1,1,1.0,1.96,43,237,43_237,22.585443812838154,2026-09-16 07:31:37.022926,23.133333333333333
11da14d6-e4ac-46b9-88dc-903583f48114,34351,15,31,1,5,1.0,2.82,42,244,42_244,18.368374527454687,2026-09-16 07:31:37.022926,10.35
330d3b0c-b6a1-40c8-b7ec-2016f673664c,962,9,2,1,4,1.0,2.26,166,74,166_74,12.788647636605951,2026-09-16 07:31:37.022926,19.433333333333337
fa4a5b44-d784-426c-b0f3-f52e5c5bdd19,29117,15,27,1,1,1.0,0.2,82,82,82_82,3.124700928045347,2026-09-16 07:31:37.022926,55.43333333333333
53d9196c-2047-463e-83f6-35a6236f0ca8,21774,16,20,1,1,1.0,2.52,74,151,74_151,17.094728093064255,2026-09-16 07:31:37.022926,19.75
909efc72-ac7c-4cee-a9cc-b28655413c54,8329,21,8,1,3,1.0,1.06,95,95,95_95,6.696720100783433,2026-09-16 07:31:37.022926,6.216666666666667
9c6dca33-97f9-4544-911e-658bd68853a3,13375,13,13,1,1,1.0,2.95,95,28,95_28,14.89894447650982,2026-09-16 07:31:37.022926,12.583333333333334
888f89b8-455f-4e60-bd20-44d126398fe6,15453,7,15,1,3,1.0,1.47,166,43,166_43,12.10326397515972,2026-09-16 07:31:37.022926,20.183333333333337
205a4ea5-e262-4201-82ae-21a1dc5a3b79,27133,17,24,1,5,2.0,1.4,256,112,256_112,9.071262785026137,2026-09-16 07:31:37.022926,10.416666666666666
ca7ac44b-6329-4198-ad36-67ea375c5719,8533,8,9,1,4,1.0,2.87,74,141,74_141,18.353901352280243,2026-09-16 07:31:37.022926,20.15
782d8674-a163-4d00-a92a-bddfd943f112,11352,18,11,1,6,1.0,1.95,75,239,75_239,10.89900167958774,2026-09-16 07:31:37.022926,12.0
8f52bf27-cb79-45bc-978e-6cfdde5d27d0,16502,19,15,1,3,1.0,1.96,75,239,75_239,10.527175950752197,2026-09-16 07:31:37.022926,9.633333333333333
358dd552-462e-4311-90d2-40f76e49a1c1,18850,20,17,1,5,1.0,2.93,66,256,66_256,14.35559797243802,2026-09-16 07:31:37.022926,20.116666666666667
61d079ba-889a-46aa-9b72-296e9b0c27d0,32296,20,29,1,3,1.0,0.85,130,197,130_197,7.614132032150295,2026-09-16 07:31:37.022926,4.75
9453ad3c-cec5-4420-ae62-661cbbd1ee01,15731,10,15,1,3,1.0,6.08,41,18,41_18,24.61744773429188,2026-09-16 07:31:37.022926,30.75
cf567937-e681-4527-a3d1-92a4b7995147,26447,1,24,1,5,1.0,3.01,95,82,95_82,15.259385423958767,2026-09-16 07:31:37.022926,13.966666666666669
83efdbe9-fc8a-49f3-b30a-a272dfcbbfd3,23602,3,22,1,3,1.0,8.98,82,28,82_28,21.307620989016247,2026-09-16 07:31:37.022926,15.816666666666666
2c84fc81-1848-4f40-b270-398f15179ccf,4536,18,5,1,0,1.0,2.24,74,24,74_24,14.168593142121804,2026-09-16 07:31:37.022926,17.533333333333335
fa803f30-293d-4611-92e0-f378b6571ef3,19898,7,19,1,0,1.0,25.9,195,132,195_132,42.46987732262047,2026-09-16 07:31:37.022926,37.0
cceba5bb-fb22-4ecb-ade9-6f4469c960cd,25038,6,23,1,4,1.0,4.07,116,43,116_43,15.172631702297915,2026-09-16 07:31:37.022926,18.283333333333335
ff321a8c-f797-4e84-8254-82e0c93823f2,22940,14,21,1,2,1.0,3.74,97,85,97_85,26.464045092901586,2026-09-16 07:31:37.022926,25.4
e6f105b0-85e4-44f5-bb7b-ed307f262141,3244,16,4,1,6,1.0,17.0,74,132,74_132,38.05601641576368,2026-09-16 07:31:37.022926,43.96666666666667
ddf365ae-665b-4e91-91cf-38df09bbd500,13935,19,13,1,1,1.0,3.0,74,264,74_264,18.35064543319235,2026-09-16 07:31:37.022926,18.383333333333333
b86a8e2e-2187-4e5f-a1f5-36cba6e47e34,15643,9,15,1,3,1.0,2.0,74,166,74_166,13.46735094920497,2026-09-16 07:31:37.022926,11.166666666666666
463c44b0-1cd7-4569-8175-6633c827d056,212,5,1,1,3,2.0,3.82,47,213,47_213,15.322248936894518,2026-09-16 07:31:37.022926,10.7
c44fcabb-e7a7-42d6-9c87-d8bcf60624bf,1203,14,2,1,4,1.0,1.3,97,49,97_49,10.093279448463328,2026-09-16 07:31:37.022926,8.133333333333333
5d0f6efd-8824-4b86-9d4d-4fd298d11408,13293,12,13,1,1,3.0,3.09,74,141,74_141,20.587557493002173,2026-09-16 07:31:37.022926,18.583333333333332
37744359-ed6f-46a6-9cd8-436960bf6233,12381,16,12,1,0,1.0,1.07,166,238,166_238,6.403959068526852,2026-09-16 07:31:37.022926,5.916666666666667
5ae9a817-97ce-49fc-ad52-d316099043a4,19780,22,18,1,6,1.0,1.55,166,239,166_239,6.759542232355274,2026-09-16 07:31:37.022926,8.016666666666667
2894d4af-4a12-446b-a97d-5fd462d44845,3488,21,4,1,6,1.0,0.72,82,82,82_82,13.15562941276882,2026-09-16 07:31:37.022926,6.916666666666667
ba2e2511-2087-4a2a-9e98-415fe1c35812,11401,18,12,1,0,1.0,3.6,74,244,74_244,19.913449443409657,2026-09-16 07:31:37.022926,18.033333333333335
585845bb-bb76-4bc3-88d4-2f0bcfc3716a,28063,17,26,1,0,1.0,1.49,43,238,43_238,8.843220739618799,2026-09-16 07:31:37.022926,10.7
6b40d9f6-ef70-42b9-aaa8-6e0d86583530,16532,19,15,1,3,1.0,1.89,82,260,82_260,12.334148577178603,2026-09-16 07:31:37.022926,9.233333333333333
6dade1e8-70d3-4290-9b37-7c39908a99c2,10531,18,10,1,5,2.0,0.93,75,236,75_236,6.1574540268918705,2026-09-16 07:31:37.022926,4.9
34cf6edc-f300-4519-8558-05a2a43915f5,9643,0,10,1,5,1.0,0.51,255,112,255_112,3.6282910501943646,2026-09-16 07:31:37.022926,2.816666666666667
6807ffc7-d30c-424c-8f33-6edd8d58fd0b,28418,7,27,1,1,1.0,1.27,166,74,166_74,12.188336379282072,2026-09-16 07:31:37.022926,26.2
f7a4f7fd-4b3d-40ed-b3fe-e623bad826ec,19964,9,19,1,0,1.0,2.37,166,244,166_244,10.486207569395715,2026-09-16 07:31:37.022926,10.233333333333333
c58ece45-4d70-426c-b4da-822ab4c8f6fc,33649,20,30,1,4,1.0,1.02,166,238,166_238,6.782242344996959,2026-09-16 07:31:37.022926,5.733333333333333
65cd8a62-9378-4ce8-8923-24c49d15cd0e,7985,17,8,1,3,2.0,1.6,43,262,43_262,12.425174744170834,2026-09-16 07:31:37.022926,12.266666666666667
d00f12f7-19c8-4d26-b1e9-be90a2340e25,32397,21,29,1,3,1.0,1.32,74,41,74_41,9.036025941343516,2026-09-16 07:31:37.022926,8.616666666666667
51fc19ed-4f49-4489-b2d7-f98bf5113d74,30282,14,28,1,2,1.0,0.85,75,236,75_236,8.703428982239984,2026-09-16 07:31:37.022926,15.416666666666666
b8a1da01-43ee-47bc-831b-5c8cd514dd4e,8526,8,9,1,4,1.0,3.1,226,163,226_163,18.73942456132809,2026-09-16 07:31:37.022926,11.366666666666667
6b8d5066-0716-43db-bc85-19c6ae98b9d4,349,12,1,1,3,2.0,1.8,74,151,74_151,9.815853774340681,2026-09-16 07:31:37.022926,6.983333333333333
0e0eed1d-5259-42e6-9b42-526ad1140bcf,590,18,1,1,3,1.0,2.2,74,263,74_263,11.245218196151173,2026-09-16 07:31:37.022926,9.683333333333334
c6b5f0b4-7978-413b-bbbe-2c89bb9d3875,2660,23,3,1,5,1.0,1.72,74,236,74_236,8.320319901265275,2026-09-16 07:31:37.022926,7.35
75d2a64f-13e5-4a25-bbb1-ef3290937fd3,3949,11,5,1,0,1.0,2.29,74,263,74_263,14.530184570744613,2026-09-16 07:31:37.022926,10.783333333333331
48a76a9d-50d9-45df-9d85-63e5fc6df212,11425,18,11,1,6,1.0,2.6,65,225,65_225,21.52548156837431,2026-09-16 07:31:37.022926,16.983333333333334
e7215b7e-006c-4e38-abcc-5ed783f2fa1b,24857,20,22,1,3,1.0,2.68,134,197,134_197,13.152901354000395,2026-09-16 07:31:37.022926,29.616666666666667
e2596344-2445-4ace-8eed-bee38b224143,32168,19,29,1,3,1.0,2.62,75,142,75_142,17.5301433244457,2026-09-16 07:31:37.022926,16.9
462200eb-9e6a-4dcb-8275-df415886b5c6,29566,22,27,1,1,1.0,0.9,210,29,210_29,6.478330883371052,2026-09-16 07:31:37.022926,5.0
dfbaeaee-5915-46fc-b3a2-cbd5978fd750,14742,15,14,1,2,6.0,0.57,75,75,75_75,5.486829586240645,2026-09-16 07:31:37.022926,11.866666666666667
81977126-291b-4a4b-ad12-3b7ab85c03f6,17971,21,16,1,4,1.0,3.58,97,231,97_231,18.77224692558695,2026-09-16 07:31:37.022926,18.55
a22a8692-4bd7-4239-a8eb-de0359f24c7e,16140,16,15,1,3,1.0,2.25,42,236,42_236,15.609292296388892,2026-09-16 07:31:37.022926,13.216666666666669
8780fe18-1e26-4dc8-8fd6-30b18c78d93c,12670,18,12,1,0,1.0,2.63,43,42,43_42,15.128284447596165,2026-09-16 07:31:37.022926,12.35
d11b300a-724c-4506-b199-f9dadcdc7b86,913,8,2,1,4,1.0,1.07,75,263,75_263,6.301718760338364,2026-09-16 07:31:37.022926,6.4
389326e2-9d7c-44ae-9f8e-5b95f0183567,26279,21,23,1,4,1.0,0.79,7,226,7_226,5.6884243948976305,2026-09-16 07:31:37.022926,3.716666666666667
3b8d54fc-a473-41f0-8f51-873a9381c763,29144,17,27,1,1,1.0,0.8,43,151,43_151,6.885506293338026,2026-09-16 07:31:37.022926,6.916666666666667
69d7d653-84f4-4b82-9a28-14694c240d50,34004,9,31,1,5,1.0,0.0,92,92,92_92,1.690607942628369,2026-09-16 07:31:37.022926,0.0833333333333333
f2d47d06-ae02-4392-811b-1752accc06b3,34044,10,1,2,6,1.0,3.63,74,239,74_239,16.921058488457128,2026-09-16 07:31:37.022926,15.85
e08a8fa6-2d11-4e92-b235-afc8a2854e22,30255,13,28,1,2,1.0,1.54,24,75,24_75,16.33873050124725,2026-09-16 07:31:37.022926,14.55
dd9b3702-1253-497e-94c6-1f302ffc4bd1,19561,16,18,1,6,1.0,2.06,134,196,134_196,11.232555996183788,2026-09-16 07:31:37.022926,10.533333333333331
019796d8-6836-44f2-87de-c7539ef65282,25595,14,23,1,4,1.0,0.85,236,75,236_75,7.0694045554360425,2026-09-16 07:31:37.022926,9.016666666666667
90f2b15b-4b67-4c1d-a4fc-ea5871168109,27545,23,24,1,5,1.0,0.38,106,106,106_106,3.106137450876548,2026-09-16 07:31:37.022926,1.2
4d623635-bf9d-46eb-8531-cc7236bd1ff9,10703,0,11,1,6,1.0,1.66,65,49,65_49,9.448122849774306,2026-09-16 07:31:37.022926,11.05
421c6b79-1be1-4596-9d5a-b63c77d46968,632,18,1,1,3,1.0,1.36,74,75,74_75,6.645475230887739,2026-09-16 07:31:37.022926,5.366666666666666
cf604a03-d1fa-48be-a2ec-029aaa8bbf3e,28170,18,26,1,0,1.0,0.63,134,134,134_134,5.040894927210229,2026-09-16 07:31:37.022926,6.1
7ec7ebe6-26a6-4d5f-afd4-ecca7fdfc87a,34845,23,31,1,5,1.0,1.5,129,260,129_260,9.955850281662638,2026-09-16 07:31:37.022926,6.4
a0a04994-3955-4b58-a64f-ed9582d75cf8,19965,9,19,1,0,3.0,5.17,195,164,195_164,24.903255373972886,2026-09-16 07:31:37.022926,30.933333333333337
fb8bfba8-dcc3-4d38-8f62-f4377554d74f,31332,9,29,1,3,1.0,1.23,75,74,75_74,8.763264344487796,2026-09-16 07:31:37.022926,4.9
93396c83-f932-421c-bb15-37e618f431bf,20098,11,19,1,0,2.0,2.92,74,141,74_141,16.191157547469093,2026-09-16 07:31:37.022926,17.533333333333335
064401a0-d44a-41ce-8609-aa85b50fcbf3,10421,18,10,1,5,1.0,1.32,43,151,43_151,7.019495253796949,2026-09-16 07:31:37.022926,6.516666666666667
07237c8d-1f08-4d88-acde-c836ebdbcc4b,10682,0,11,1,6,1.0,4.17,255,61,255_61,17.7531645826283,2026-09-16 07:31:37.022926,24.65
d566a6e3-d144-4630-8d5e-fdd3c3bf7172,12710,19,12,1,0,1.0,1.6,43,263,43_263,9.854931218339324,2026-09-16 07:31:37.022926,10.816666666666666
7b6becb4-f71c-4fe3-b8da-9307beeba0ef,23006,15,21,1,2,1.0,1.7,75,238,75_238,13.366518278537603,2026-09-16 07:31:37.022926,15.35
c8362488-1442-4faf-9e06-295894c0b5e6,3368,18,4,1,6,1.0,1.7,74,236,74_236,9.066989922718045,2026-09-16 07:31:37.022926,9.9
04dbd645-4bf0-4ca4-83b0-4d725e129d8c,16171,16,15,1,3,1.0,0.67,223,223,223_223,5.5754528352615855,2026-09-16 07:31:37.022926,4.183333333333334
b1dff272-7369-46d0-baf7-21c9dfb912b8,32550,6,30,1,4,1.0,4.2,116,43,116_43,18.074739197106087,2026-09-16 07:31:37.022926,15.9
5fc339e4-a6d4-4c6c-a784-209cbfb34851,25659,15,23,1,4,1.0,3.58,82,138,82_138,11.384064047855027,2026-09-16 07:31:37.022926,9.3
0e8fc66a-3af7-4b7b-82fa-8da906eff5f0,32719,9,30,1,4,6.0,1.31,75,238,75_238,11.6029443345114,2026-09-16 07:31:37.022926,8.266666666666667
75d8ae8d-07ef-4e68-ba72-fdcf4bc2f557,30483,16,28,1,2,1.0,0.73,97,97,97_97,9.275058173416046,2026-09-16 07:31:37.022926,9.733333333333333
467811f2-2c45-4baa-858b-5469f4cbba01,18424,13,17,1,5,2.0,0.81,33,25,33_25,5.822656063436844,2026-09-16 07:31:37.022926,9.0
fd68cefe-bf6d-4993-9480-9e7d941b8078,33266,16,30,1,4,1.0,2.51,75,42,75_42,22.541998749535445,2026-09-16 07:31:37.022926,20.75
984649cf-d461-4ca2-9516-4777a4823557,29378,19,27,1,1,1.0,1.2,74,74,74_74,10.252118500800528,2026-09-16 07:31:37.022926,6.033333333333333
f55fc8b9-33e3-43fe-be30-8c7aa1068efe,18317,11,17,1,5,1.0,1.19,226,145,226_145,7.3546051999644595,2026-09-16 07:31:37.022926,5.883333333333334
d622795e-fa4d-4bfc-a46c-1742c85856f7,25531,14,23,1,4,1.0,5.68,75,68,75_68,30.48739110336895,2026-09-16 07:31:37.022926,23.566666666666663
b34c3383-3d16-422b-9664-f33936530612,10661,23,10,1,5,1.0,5.1,255,161,255_161,19.163561831630343,2026-09-16 07:31:37.022926,22.716666666666665
3329de49-11e9-4839-8d91-d473396fee26,7764,15,8,1,3,1.0,1.23,74,75,74_75,8.967739092234417,2026-09-16 07:31:37.022926,9.316666666666666
1fdaddda-76f2-4978-8172-9b3c1c8d656e,19410,13,19,1,0,5.0,3.74,129,138,129_138,9.38737319952536,2026-09-16 07:31:37.022926,8.566666666666666
fe016752-77ef-4b54-ab48-907c4482565d,30325,15,28,1,2,1.0,1.58,95,135,95_135,15.273064243023455,2026-09-16 07:31:37.022926,22.166666666666668
bba9e5e7-7d14-4be0-8193-164e562c7572,17523,16,16,1,4,1.0,0.78,95,95,95_95,6.691977147112455,2026-09-16 07:31:37.022926,7.383333333333334
37b13fbd-382e-41d4-9745-5335adbdd44c,31802,16,29,1,3,1.0,6.67,24,223,24_223,31.993184227277386,2026-09-16 07:31:37.022926,45.266666666666666
79aa9ce1-4daa-4a12-8fc8-f1574f91b948,4811,7,6,1,1,5.0,0.89,74,74,74_74,7.045360848200719,2026-09-16 07:31:37.022926,5.866666666666666
bab5fa17-0950-4dc3-b371-735a8006f14a,23452,20,21,1,2,4.0,5.7,264,264,264_264,22.971675600513148,2026-09-16 07:31:37.022926,15.966666666666669
faec6cbf-4a76-4366-a5fe-318b132ed033,6329,11,7,1,2,2.0,0.0,75,236,75_236,11.142669304310951,2026-09-16 07:31:37.022926,13.3
228c396b-83c6-428a-88e5-60edb1a8d3d5,30135,12,28,1,2,6.0,1.38,75,238,75_238,12.991401859087679,2026-09-16 07:31:37.022926,8.366666666666667
52dfc31b-c195-4d40-8f04-9582e0be1cc6,27742,2,26,1,0,1.0,0.0,82,82,82_82,1.627299663152729,2026-09-16 07:31:37.022926,0.1
ff72f0a1-8b3b-4bb7-9f05-eb3ab070d8a2,8127,19,8,1,3,1.0,1.58,43,74,43_74,9.503737269459926,2026-09-16 07:31:37.022926,10.133333333333333
a2d4d4ae-2221-4151-bf5a-45bbf2120b6c,25504,13,23,1,4,1.0,2.13,74,116,74_116,15.92805969813954,2026-09-16 07:31:37.022926,13.666666666666666
340c9a5c-15ce-46aa-aead-5d09e9b6a8b2,23999,11,22,1,3,5.0,2.35,74,151,74_151,17.221704053688555,2026-09-16 07:31:37.022926,21.483333333333334
84ac908b-c8e8-4fa8-b04f-4d9bb1acedde,20304,14,20,1,1,1.0,1.38,74,75,74_75,11.00855683795465,2026-09-16 07:31:37.022926,6.55
a5d38b3e-bdbb-47fa-93c1-21eac6a0ea86,6589,15,7,1,2,1.0,1.14,43,236,43_236,9.256937317090019,2026-09-16 07:31:37.022926,10.616666666666667
0ef96c60-cdbb-442b-b6b1-7ef67b6fd11c,25357,11,23,1,4,1.0,5.33,95,138,95_138,14.678219854026944,2026-09-16 07:31:37.022926,13.983333333333333
53e033e6-1152-41f9-8504-001e6bb5d1b4,13009,8,13,1,1,1.0,1.27,43,238,43_238,10.28766645036256,2026-09-16 07:31:37.022926,7.95
b84335ef-e358-4c6b-9df5-c135caee60a3,27002,15,24,1,5,2.0,4.16,166,141,166_141,22.663043717876924,2026-09-16 07:31:37.022926,36.18333333333333
d0854a39-98fa-43b8-a5a7-0658be2771b3,4806,7,6,1,1,2.0,8.08,41,138,41_138,23.032768066536153,2026-09-16 07:31:37.022926,24.433333333333337
c6a46976-5b35-43db-aaa8-75c4dcc22cd1,3155,15,4,1,6,2.0,2.21,74,236,74_236,11.136529025941444,2026-09-16 07:31:37.022926,10.616666666666667
91547653-d3c3-4d71-b051-cbf579f9ac9c,7601,12,8,1,3,1.0,1.0,43,236,43_236,7.993760398677784,2026-09-16 07:31:37.022926,10.55
8d2e0539-2fcb-4c41-8cd0-ca424dcb9a16,2571,20,3,1,5,1.0,0.97,74,41,74_41,6.3152306987115425,2026-09-16 07:31:37.022926,7.083333333333333
27701f03-2ea4-4e36-a309-1d0cc237a7cb,2940,10,4,1,6,5.0,1.45,24,238,24_238,7.654011776320208,2026-09-16 07:31:37.022926,9.3
f228c4b1-f538-4009-bd31-dd96c5f22773,17937,20,16,1,4,1.0,3.41,41,244,41_244,15.648108243732153,2026-09-16 07:31:37.022926,19.533333333333335
f0c2e500-2ce2-4f09-af6b-00ca9eb4fb6f,17205,12,16,1,4,1.0,2.63,74,238,74_238,17.162790868581155,2026-09-16 07:31:37.022926,16.633333333333333
f800bbff-3e1d-4480-ba8b-94ebada1cf35,4861,8,6,1,1,1.0,6.52,33,170,33_170,25.554884480130273,2026-09-16 07:31:37.022926,20.866666666666667
4237913d-0f1e-4555-8641-5a47bdeb4d99,2079,12,3,1,5,2.0,3.15,74,43,74_43,17.293962484281497,2026-09-16 07:31:37.022926,17.283333333333335
c37e5408-8f53-4c23-a150-efabc3ce4af9,6794,16,7,1,2,1.0,6.2,75,186,75_186,28.56224078545139,2026-09-16 07:31:37.022926,27.05
2ee08cf9-9d15-4ea5-8b58-17b6cc256e3b,3955,12,5,1,0,1.0,0.72,75,75,75_75,5.824758755634641,2026-09-16 07:31:37.022926,5.066666666666666
d25d06c0-84dd-4d09-ab47-c29e79357a8f,22261,23,20,1,1,1.0,0.0,130,130,130_130,1.255829952769221,2026-09-16 07:31:37.022926,0.2333333333333333
38ba4179-6fd6-453a-ad0e-4a547bb9929d,5236,13,6,1,1,1.0,2.0,74,116,74_116,14.071080448806871,2026-09-16 07:31:37.022926,12.666666666666666
26b5adf5-e8cf-4066-ab05-297ed0565907,14775,15,14,1,2,2.0,0.43,43,75,43_75,8.06983120257078,2026-09-16 07:31:37.022926,11.016666666666667
4b0628ea-30d6-4d9a-b098-45d5c305918a,12148,13,12,1,0,1.0,1.36,82,260,82_260,11.031866274151618,2026-09-16 07:31:37.022926,7.5
365ae159-3fa1-457c-a178-ca2f22c72432,13942,19,13,1,1,1.0,0.0,75,41,75_41,9.923131221478258,2026-09-16 07:31:37.022926,4.583333333333333
57153882-f002-42cf-9501-d38b5e8740fe,24833,20,22,1,3,1.0,4.1,97,228,97_228,21.642272878496815,2026-09-16 07:31:37.022926,22.083333333333332
5d3dd860-658d-4ddb-8068-c8cb18ac151a,18236,9,17,1,5,2.0,0.8,166,238,166_238,4.340240880758324,2026-09-16 07:31:37.022926,5.533333333333333
473deea3-5b2f-4bc5-9a06-8678a02f91d0,5935,0,7,1,2,1.0,1.24,75,238,75_238,6.4005342775029535,2026-09-16 07:31:37.022926,6.316666666666666
c49b4728-fdfd-4e13-9885-cfbf63a0e5aa,20999,7,20,1,1,1.0,1.58,41,238,41_238,11.0341284493764,2026-09-16 07:31:37.022926,8.633333333333333
8015d4b7-0247-44b4-90a2-deff6ab90a6c,19731,20,18,1,6,1.0,1.16,74,75,74_75,6.371537304990128,2026-09-16 07:31:37.022926,5.516666666666667
e183a2aa-04dd-4d9d-9437-74bf3fdf4300,21625,16,20,1,1,2.0,1.19,97,49,97_49,11.059689788549777,2026-09-16 07:31:37.022926,11.183333333333334
a0974ec4-b310-4d0d-b556-e0dc4a50730f,29714,7,28,1,2,1.0,2.72,74,262,74_262,24.230938796907527,2026-09-16 07:31:37.022926,27.266666666666666
269ac6b3-8cb3-47c2-a16b-1314802838b6,17929,20,16,1,4,1.0,1.57,74,236,74_236,8.481490099071616,2026-09-16 07:31:37.022926,6.05
6b943bfd-b20d-43a0-bcef-40e9804e5560,21421,12,20,1,1,2.0,2.1,74,263,74_263,15.278068751499903,2026-09-16 07:31:37.022926,16.266666666666666
a2c6147b-f5b8-4fb5-9929-b0ce3fd03879,8309,21,8,1,3,1.0,0.0,198,198,198_198,6.960748774036801,2026-09-16 07:31:37.022926,0.0833333333333333
9c17cfa7-5e77-4d3a-91f0-be2994a884fe,29198,17,27,1,1,1.0,1.27,75,263,75_263,12.471291140505532,2026-09-16 07:31:37.022926,7.366666666666666
4490a93f-46eb-487c-b50b-87411b5f8171,31041,23,28,1,2,1.0,1.99,181,190,181_190,11.392964694645304,2026-09-16 07:31:37.022926,11.383333333333333
48725b85-51ca-4387-ba23-6c1839614764,10837,8,12,1,0,1.0,1.6,75,41,75_41,11.338633956829923,2026-09-16 07:31:37.022926,7.583333333333333
b9de7386-61eb-468b-85a0-18276293870a,14326,9,14,1,2,1.0,1.3,74,43,74_43,10.741817461133857,2026-09-16 07:31:37.022926,11.116666666666667
a977e11b-9e9a-4884-b129-07aa4f27982f,23126,16,21,1,2,1.0,0.53,95,95,95_95,4.917416913612,2026-09-16 07:31:37.022926,9.166666666666666
89ae047a-45ac-4daa-8629-fd328c8d1c45,12259,14,12,1,0,1.0,1.57,43,74,43_74,11.58930465256273,2026-09-16 07:31:37.022926,14.85
8fdefc3b-be13-4186-a4a6-dba694656a3f,25758,16,23,1,4,1.0,1.85,43,239,43_239,11.70659308440132,2026-09-16 07:31:37.022926,10.733333333333333
e5b868a8-b6c9-410c-a269-06dbb4a6d54b,20514,17,19,1,0,1.0,5.25,97,228,97_228,29.998630720106796,2026-09-16 07:31:37.022926,25.55
1f6ffd99-922b-48c6-b878-0fdf30f3abb7,26903,14,24,1,5,2.0,1.66,74,236,74_236,10.567444719283865,2026-09-16 07:31:37.022926,7.966666666666667
ff38e8e1-ae1d-438d-bc4f-28a3a10633b2,17295,14,16,1,4,1.0,0.45,41,42,41_42,4.1983295419169675,2026-09-16 07:31:37.022926,2.45
0b8f2f3c-79f7-4e65-a2f1-bcc91d2b0277,4572,19,5,1,0,1.0,2.42,74,238,74_238,13.612020871772746,2026-09-16 07:31:37.022926,12.883333333333333
076108ae-3ad4-460e-9a9c-b4644d4a3d14,11878,9,12,1,0,2.0,2.3,74,236,74_236,15.67552116535727,2026-09-16 07:31:37.022926,29.316666666666663
8453beba-9ea2-4fc6-8775-01052283f963,9456,19,9,1,4,1.0,2.3,74,236,74_236,13.32615263065032,2026-09-16 07:31:37.022926,9.233333333333333
e5fbfd42-fbf9-4435-85ca-27d0b3606dfd,10776,5,11,1,6,1.0,0.0,82,264,82_264,0.07395354317362479,2026-09-16 07:31:37.022926,0.0166666666666666
155b9c02-9444-4e68-96f4-5c8a28c1db32,17238,13,16,1,4,1.0,3.78,82,138,82_138,10.084776102656313,2026-09-16 07:31:37.022926,9.316666666666666
9d0335a3-24a1-4700-8406-d4363fac1093,8902,13,9,1,4,6.0,1.32,75,74,75_74,7.233926243279171,2026-09-16 07:31:37.022926,7.766666666666667
531b1e0d-df95-46c1-bab1-d6d55c98283e,6221,10,7,1,2,1.0,3.87,43,107,43_107,22.24084523335348,2026-09-16 07:31:37.022926,24.816666666666663
03204d5d-3e70-46ac-ab4a-c5af7a7a6451,12966,7,13,1,1,1.0,3.26,43,162,43_162,18.335411411494274,2026-09-16 07:31:37.022926,22.2
7cd02ad5-5a3c-4055-88e9-c1cf6f2007d9,19123,7,18,1,6,1.0,3.41,74,140,74_140,13.761869721126484,2026-09-16 07:31:37.022926,17.233333333333334
a18116ad-d96e-469a-ad44-bae0f8974742,1241,14,3,1,5,1.0,1.23,74,75,74_75,6.6283432258774075,2026-09-16 07:31:37.022926,5.65
1d61871a-a737-4ad9-b94f-af21e5abaf22,9759,8,10,1,5,4.0,0.78,166,166,166_166,4.297263277328945,2026-09-16 07:31:37.022926,5.083333333333333
27dc67a0-a257-4b25-bc3f-7240a9dd216f,11071,13,11,1,6,1.0,3.93,75,233,75_233,19.97636273210642,2026-09-16 07:31:37.022926,22.383333333333333
3773aa43-70fb-4e33-810e-9b7579268954,21299,10,20,1,1,1.0,2.64,75,143,75_143,16.817345206749323,2026-09-16 07:31:37.022926,13.533333333333331
e56133d8-e2c1-47b5-81a4-484cb764c771,14664,14,14,1,2,2.0,6.4,75,260,75_260,31.64389641495641,2026-09-16 07:31:37.022926,33.9
f94c4384-1a5a-4d49-a5c2-bc021c53fbe3,6283,11,7,1,2,1.0,1.91,41,151,41_151,13.318680267389642,2026-09-16 07:31:37.022926,14.833333333333334
841e46e7-ba2e-40b5-a49b-5607553a3fe6,22765,11,21,1,2,2.0,6.73,74,138,74_138,15.320897581603157,2026-09-16 07:31:37.022926,12.333333333333334
69a8ee28-cbb9-4a44-9d49-3021941cfb91,2104,12,3,1,5,2.0,5.26,74,143,74_143,22.866909619082886,2026-09-16 07:31:37.022926,23.95
61e1ae2f-74aa-4949-827b-b6bcc50ca3ae,27085,16,24,1,5,1.0,1.65,97,97,97_97,14.194624584086382,2026-09-16 07:31:37.022926,12.55
34c685b8-565e-4999-a639-6cdd8dea5131,15751,9,15,1,3,1.0,1.88,74,236,74_236,14.437470574107055,2026-09-16 07:31:37.022926,11.916666666666666
9bfe554b-cc0a-45fd-9ff8-305f0e504fe5,13722,17,13,1,1,1.0,1.51,97,106,97_106,13.741758992956875,2026-09-16 07:31:37.022926,14.966666666666669
d533b0f6-6be9-40b3-b34c-eb538e594536,17737,18,16,1,4,1.0,2.14,74,263,74_263,14.64532013599169,2026-09-16 07:31:37.022926,16.55
0f274bb6-45d9-4a11-a105-a4235cc427c8,1509,17,2,1,4,1.0,1.9,74,236,74_236,11.564251667303527,2026-09-16 07:31:37.022926,10.583333333333334
d716aa69-6fef-46b3-8f44-39c668d8883c,27190,17,24,1,5,1.0,12.74,95,263,95_263,42.021613251734806,2026-09-16 07:31:37.022926,28.916666666666668
1329fb87-4a38-4ce0-ae9e-b2c1c111b519,17149,11,16,1,4,1.0,0.0,112,112,112_112,2.859202524412554,2026-09-16 07:31:37.022926,4.05
c4b112a7-2f58-4bf5-9ff6-91adaa36b371,18030,22,16,1,4,1.0,4.35,74,143,74_143,19.512200284211584,2026-09-16 07:31:37.022926,20.416666666666668
15f583f7-ed5c-4157-b586-6b8547b2fb14,5962,6,7,1,2,1.0,1.27,74,75,74_75,7.631671953173646,2026-09-16 07:31:37.022926,8.516666666666667
91464333-4d3c-4514-b3a1-bf5ab744d051,15308,21,14,1,2,1.0,1.53,95,134,95_134,8.034558243875257,2026-09-16 07:31:37.022926,11.85
be0a7410-2302-40e3-a217-635ccb99ae94,25591,14,23,1,4,1.0,0.0,75,74,75_74,6.781522086361573,2026-09-16 07:31:37.022926,10.75
73791d30-5480-4856-b515-5fb795263461,1649,19,2,1,4,1.0,2.0,130,28,130_28,10.228720484933,2026-09-16 07:31:37.022926,9.833333333333334
5a6edf86-6cbe-4198-b7b0-aef5462afdec,31816,16,29,1,3,5.0,3.33,75,230,75_230,32.027439610555284,2026-09-16 07:31:37.022926,47.78333333333333
5042fb22-c401-4081-b433-71de4a9782c7,8991,14,9,1,4,1.0,1.61,166,42,166_42,12.775807397043586,2026-09-16 07:31:37.022926,8.95
0847ba42-aaf2-4858-8895-b0b72a1c4f24,11329,17,11,1,6,1.0,0.9,264,263,264_263,6.6624251174844895,2026-09-16 07:31:37.022926,5.783333333333333
4a1d99c8-8c70-4bdf-a75f-b48b8f3f195f,6087,8,7,1,2,1.0,2.06,74,236,74_236,16.274543425697946,2026-09-16 07:31:37.022926,18.583333333333332
3156b12a-40ef-4f62-88f2-2c94461a8a85,15110,18,14,1,2,1.0,3.7,74,142,74_142,22.548270131438095,2026-09-16 07:31:37.022926,21.366666666666667
748b5e60-c8d3-460a-a995-c11907b01f25,2988,12,4,1,6,1.0,6.17,130,132,130_132,21.32480548882914,2026-09-16 07:31:37.022926,26.35
55993bfd-6c36-4054-aa8d-1b16f616995f,15007,17,14,1,2,1.0,2.39,75,163,75_163,18.80418197252428,2026-09-16 07:31:37.022926,18.3
4efe02cd-2957-4aea-b3ec-f2fed84714f2,27615,2,25,1,6,1.0,1.04,210,29,210_29,5.6956458319644065,2026-09-16 07:31:37.022926,6.083333333333333
b9e3af3e-3b56-4aa4-b8a9-37e7e88f5e78,26754,12,24,1,5,1.0,3.45,41,69,41_69,18.37045878573664,2026-09-16 07:31:37.022926,22.2
4653bfb0-2ca4-49b1-a41f-c5123345976f,4316,16,5,1,0,1.0,1.82,43,239,43_239,11.251994500314732,2026-09-16 07:31:37.022926,8.5
029e072a-4582-49d4-99fc-814ba1801def,6702,16,7,1,2,1.0,2.37,43,239,43_239,16.007686461642088,2026-09-16 07:31:37.022926,13.983333333333333
9b7014e8-a76c-4bbc-8dcd-013dbb8fb361,20397,15,19,1,0,1.0,1.2,74,264,74_264,11.11860036215308,2026-09-16 07:31:37.022926,12.983333333333333
66e8a358-2fd3-492d-8071-7fe0bf243037,31269,9,29,1,3,2.0,2.15,95,135,95_135,16.00734787466908,2026-09-16 07:31:37.022926,13.766666666666667
85ff023e-f642-4968-ad69-1beff607cdd6,18512,14,17,1,5,1.0,1.67,260,7,260_7,10.803649179816475,2026-09-16 07:31:37.022926,8.4
15efeb17-4b62-49e4-9ec1-d5ca721ea7f7,29050,16,27,1,1,1.0,1.03,74,75,74_75,12.080902563584448,2026-09-16 07:31:37.022926,8.083333333333334
5ffa0ed7-9034-4628-8700-0036821dc92a,28098,17,26,1,0,1.0,1.62,43,263,43_263,10.80918333677055,2026-09-16 07:31:37.022926,9.716666666666669
fd65d9d8-48c6-433d-89b2-8eaf28117c9a,21866,17,20,1,1,2.0,1.13,43,263,43_263,9.860766054857564,2026-09-16 07:31:37.022926,6.433333333333334
ec11d358-ccba-46a1-bc69-881acd9e6383,21582,14,20,1,1,1.0,0.75,129,260,129_260,6.458426589242077,2026-09-16 07:31:37.022926,7.05
85274890-5926-437b-9d31-8035bb20be63,21197,9,20,1,1,3.0,1.02,166,151,166_151,6.266595749908932,2026-09-16 07:31:37.022926,7.2
ec76f1fd-2cac-47ec-bc97-5bf704142d16,7848,16,8,1,3,6.0,3.03,75,229,75_229,19.733425303428213,2026-09-16 07:31:37.022926,16.8
0943cd83-7903-426d-9db9-f6c26f77b57a,4807,7,6,1,1,3.0,1.98,166,42,166_42,15.162132595849053,2026-09-16 07:31:37.022926,16.033333333333335
35ffbc8f-11a9-4e75-aeb1-abe09f6d21d4,5805,20,6,1,1,1.0,1.78,75,263,75_263,10.998169451141544,2026-09-16 07:31:37.022926,9.166666666666666
db6b4358-874f-4f80-8725-774e2c17ca3b,21645,15,20,1,1,1.0,1.76,74,24,74_24,13.5953997980737,2026-09-16 07:31:37.022926,13.116666666666667
d3b06f63-637c-4054-afa2-5b980e00b3d7,12912,5,13,1,1,1.0,1.31,129,70,129_70,5.634499278776321,2026-09-16 07:31:37.022926,8.183333333333334
ea5a0972-d33b-4b5d-9d1d-f755bc6b76ce,20807,21,19,1,0,1.0,0.66,43,236,43_236,4.166194731913405,2026-09-16 07:31:37.022926,3.3666666666666667
67ca2e48-eb6b-4daa-b328-dbc5d5a2c5f1,19889,6,19,1,0,2.0,2.3,70,223,70_223,8.175146530760276,2026-09-16 07:31:37.022926,9.7
d2294aa2-2028-470c-bb63-209d6f3c16e7,2225,14,3,1,5,1.0,0.28,75,74,75_74,2.3510445962051167,2026-09-16 07:31:37.022926,2.1333333333333333
8a3cabc3-86e3-4815-a180-2cd583fefea4,34194,14,31,1,5,1.0,0.0,130,130,130_130,3.0402725264105492,2026-09-16 07:31:37.022926,0.1333333333333333
979d8bc6-2e09-4afc-ac55-7401ff1477c9,23406,19,21,1,2,1.0,0.8,210,210,210_210,5.868840893426026,2026-09-16 07:31:37.022926,6.333333333333333
e024eea3-3165-4ba5-aeeb-dce371b63f0b,12748,19,12,1,0,1.0,0.9,74,264,74_264,7.7480032143877535,2026-09-16 07:31:37.022926,8.05
10a2d7a4-5a38-46fd-ad69-358d65cb1484,2986,12,4,1,6,1.0,1.18,74,41,74_41,7.280049204148776,2026-09-16 07:31:37.022926,6.816666666666666
8297de8c-1674-472b-87df-251e84979793,12103,12,12,1,0,1.0,9.95,24,231,24_231,29.83058472888963,2026-09-16 07:31:37.022926,42.233333333333334
0f599ca8-e53c-4819-86a8-74f8b92452bc,11909,9,12,1,0,1.0,5.21,74,233,74_233,21.770330466072856,2026-09-16 07:31:37.022926,20.45
44d2364d-ce99-44ea-968c-02664b213bb6,26360,22,23,1,4,1.0,10.69,66,238,66_238,32.674245028164364,2026-09-16 07:31:37.022926,45.916666666666664
f255ec9b-73d0-4620-9193-4eae15023749,12115,12,12,1,0,1.0,0.03,74,74,74_74,1.9117422443366066,2026-09-16 07:31:37.022926,0.25
80e8e637-6bab-4bfb-ab9b-5e0a1e9ba7fa,10598,21,10,1,5,1.0,0.95,75,75,75_75,6.0714236860100135,2026-09-16 07:31:37.022926,6.5
5edde17f-29fe-4c9b-81ae-36e682712361,32772,10,30,1,4,1.0,4.36,41,50,41_50,27.13188880816879,2026-09-16 07:31:37.022926,15.683333333333334
0f6821b7-bd37-4d27-8099-6f3c91406a47,23712,7,22,1,3,1.0,1.34,74,75,74_75,12.188952554608898,2026-09-16 07:31:37.022926,12.433333333333334
88f81b89-f74f-4f01-9f11-94d59291057f,11298,17,11,1,6,1.0,19.05,263,132,263_132,42.045363164390366,2026-09-16 07:31:37.022926,43.8
f5c9976f-1d35-4a78-88c8-3ef3fb8136f4,8697,10,9,1,4,1.0,5.9,130,56,130_56,22.937093155921122,2026-09-16 07:31:37.022926,22.666666666666668
59bad083-3859-4a7f-a3ae-b0209827599a,2338,16,3,1,5,1.0,2.95,55,123,55_123,15.591056616612713,2026-09-16 07:31:37.022926,12.666666666666666
43512439-5b55-45f3-bf78-6be6b5fa745a,17218,12,16,1,4,1.0,3.11,74,239,74_239,20.30972563921087,2026-09-16 07:31:37.022926,22.066666666666663
e514a19b-b3a5-44a1-8b41-e0a40597cd31,17908,20,16,1,4,5.0,2.05,97,17,97_17,14.837407392865954,2026-09-16 07:31:37.022926,14.683333333333334
7bda2558-db52-4309-a2e0-58032eba5a5c,22425,8,21,1,2,1.0,1.39,74,75,74_75,12.685814696625126,2026-09-16 07:31:37.022926,19.25
fe30d556-22d3-47b3-bca7-09a1795b2dce,33921,3,31,1,5,6.0,0.14,157,157,157_157,0.7377213137855075,2026-09-16 07:31:37.022926,0.1666666666666666
4ac53274-d76e-4d3d-8583-9187ea008c34,31529,12,29,1,3,2.0,1.42,43,237,43_237,16.001791916820423,2026-09-16 07:31:37.022926,17.666666666666668
b3e5b40b-267a-4088-bab9-bbf526c30393,15936,13,15,1,3,1.0,1.41,130,28,130_28,10.777122307838706,2026-09-16 07:31:37.022926,8.75
f4f232ea-3554-4a30-9739-763f383170d7,30676,18,28,1,2,1.0,1.03,97,33,97_33,12.894188827107394,2026-09-16 07:31:37.022926,11.283333333333331
f5ca038f-c901-4752-93ae-75d9c8d929ff,13034,8,13,1,1,1.0,0.5,24,151,24_151,4.296610984803056,2026-09-16 07:31:37.022926,2.566666666666667
f7b496f2-295f-44a7-b8bf-4328d22e53a0,33391,17,30,1,4,1.0,1.0,97,189,97_189,15.056300900379103,2026-09-16 07:31:37.022926,34.416666666666664
c654d232-8166-492d-827e-03fd4fbc1458,3904,11,5,1,0,2.0,1.36,74,75,74_75,10.07137268759364,2026-09-16 07:31:37.022926,5.783333333333333
537e5725-ec35-4ef8-8884-d044455586ac,12254,14,12,1,0,1.0,1.84,74,236,74_236,13.738089879809152,2026-09-16 07:31:37.022926,13.233333333333333
9fb1901b-0799-4fee-b420-164b1c1f5ba4,32830,11,30,1,4,1.0,0.11,129,129,129_129,1.824856781085491,2026-09-16 07:31:37.022926,14.866666666666667
c881f09a-ec7f-46c0-99ad-d90b146a5069,1600,18,2,1,4,1.0,4.4,180,82,180_82,23.460668919822854,2026-09-16 07:31:37.022926,25.766666666666666
ab05afed-352b-48b5-a1f3-c874885f6c86,21447,12,20,1,1,1.0,0.1,75,264,75_264,0.5278085529784303,2026-09-16 07:31:37.022926,2.6666666666666665
1bb237ca-0272-4d94-ba1a-dc95679cc1d3,17806,18,16,1,4,1.0,0.46,33,33,33_33,4.180726466486256,2026-09-16 07:31:37.022926,4.8
50bcdaed-5563-43b9-9b16-5ac92b9d50e0,2060,11,3,1,5,1.0,2.35,166,236,166_236,12.041458243300843,2026-09-16 07:31:37.022926,13.3
14eab99f-4dbe-4dd5-9e2a-8347e682b6d5,33522,18,30,1,4,1.0,1.3,75,264,75_264,11.58121421335246,2026-09-16 07:31:37.022926,8.533333333333333
03a03dbb-5872-46f1-96eb-9604bb4836f3,8090,18,9,1,4,1.0,2.26,74,24,74_24,15.053578894419926,2026-09-16 07:31:37.022926,16.533333333333335
9ecfe344-a69a-4a13-818a-135a208a17b4,8521,8,9,1,4,1.0,0.48,75,75,75_75,4.637340461047993,2026-09-16 07:31:37.022926,5.766666666666667
f4714367-2767-4568-82f8-ebc25ec42acb,28397,7,27,1,1,1.0,1.57,74,75,74_75,18.954660178973153,2026-09-16 07:31:37.022926,28.133333333333333
87e41ee1-c389-4e4b-b55b-e76b60e99985,16574,19,15,1,3,1.0,1.1,108,108,108_108,5.35863524773219,2026-09-16 07:31:37.022926,0.15
3c85e255-5c6c-4a1b-a9d1-ff8ea2fa8b61,9894,11,10,1,5,1.0,1.76,74,152,74_152,10.643614780232845,2026-09-16 07:31:37.022926,10.183333333333334
da7517ad-bb15-4ab7-9743-38f3b2b8b311,12535,17,12,1,0,1.0,1.42,75,263,75_263,10.75850281049169,2026-09-16 07:31:37.022926,9.933333333333334
31b79ad8-5232-4ecb-8ee8-7c66e373f1af,257,7,1,1,3,4.0,0.92,166,166,166_166,4.916894247171021,2026-09-16 07:31:37.022926,4.433333333333334
65bda5fe-33a3-4497-947a-cbe744454b4d,19039,1,18,1,6,1.0,0.08,255,255,255_255,0.23459181435099358,2026-09-16 07:31:37.022926,1.0833333333333333
844155fe-9e69-49b7-9025-784314c7120c,31462,10,29,1,3,1.0,2.82,74,238,74_238,24.265165026459908,2026-09-16 07:31:37.022926,42.56666666666667
602b84d3-63fb-4ce0-820a-0ddc4eeb88c9,4800,8,6,1,1,1.0,2.03,74,166,74_166,14.378449433061304,2026-09-16 07:31:37.022926,14.583333333333334
56b84bde-8c84-452c-a095-e81ea9569696,13751,17,13,1,1,1.0,2.08,74,116,74_116,15.225047382031953,2026-09-16 07:31:37.022926,12.683333333333334
1872e3d1-f4c6-4bb5-b0a0-f8e7d0fd3a2f,33857,0,31,1,5,1.0,2.7,130,95,130_95,15.40066421572053,2026-09-16 07:31:37.022926,13.75
4add6549-2a2b-48a7-9b2b-2201bd857c78,4689,22,5,1,0,1.0,1.57,152,244,152_244,6.986778168932935,2026-09-16 07:31:37.022926,8.083333333333334
3d60e5b2-627b-49e9-95e5-3542bf423fdd,13018,8,13,1,1,1.0,2.34,74,238,74_238,16.506519002808595,2026-09-16 07:31:37.022926,23.183333333333337
58ccb70a-4809-4ced-99ae-2545039f94ef,5495,16,6,1,1,1.0,1.37,74,75,74_75,9.98139735854314,2026-09-16 07:31:37.022926,9.233333333333333
4d820a9d-4ad7-422b-92be-aa44498a3f3d,17488,17,16,1,4,2.0,5.17,97,112,97_112,27.193709072058304,2026-09-16 07:31:37.022926,34.11666666666667
a44ecc7e-9459-4609-b29e-d463b553ee84,23993,11,22,1,3,1.0,3.1,166,236,166_236,20.640963412390963,2026-09-16 07:31:37.022926,18.95
0f309044-d83b-4034-88b9-15efca9246fb,31588,13,29,1,3,1.0,0.76,166,41,166_41,7.0198034664271365,2026-09-16 07:31:37.022926,5.066666666666666
dc950327-e7d0-44b9-b1d3-bdc4ccd112dd,18648,16,17,1,5,1.0,1.8,264,69,264_69,11.392036489404601,2026-09-16 07:31:37.022926,12.583333333333334
7b7c8799-9d3c-4bf8-afda-3cb6d9fd240e,17633,17,16,1,4,1.0,2.13,43,41,43_41,14.638674742907819,2026-09-16 07:31:37.022926,15.866666666666667
7bfd2ccd-2256-4259-82ba-42bea16bfb3a,8424,4,9,1,4,1.0,9.14,191,132,191_132,19.792787447845456,2026-09-16 07:31:37.022926,17.1
600d3c49-52e4-47d8-ad5d-611557fb0e66,28989,15,27,1,1,1.0,2.16,97,71,97_71,26.25091403794216,2026-09-16 07:31:37.022926,35.1
b26ca9d0-a130-4062-a8fc-5eac84e346e3,24071,12,22,1,3,2.0,1.23,74,41,74_41,9.619988663790059,2026-09-16 07:31:37.022926,9.783333333333331
21e8cb06-e109-4f92-8de4-b41104410b5d,3453,21,4,1,6,2.0,2.39,74,262,74_262,13.75582100940434,2026-09-16 07:31:37.022926,10.883333333333333
dbd029f7-a0ef-4554-b1e5-02c26647494f,323,10,1,1,3,2.0,1.32,74,41,74_41,7.930605302209742,2026-09-16 07:31:37.022926,8.65
b9dbd897-8f76-4cd3-95d1-326d421d5409,1650,19,2,1,4,1.0,1.37,43,263,43_263,8.129292523053692,2026-09-16 07:31:37.022926,6.183333333333334
1242d16b-2a44-4f77-a039-bca3d9522852,21174,9,20,1,1,1.0,0.57,166,166,166_166,3.456643242310809,2026-09-16 07:31:37.022926,5.083333333333333
95037280-3486-44d7-8227-76f0341ed008,4854,8,6,1,1,1.0,0.88,223,223,223_223,5.982712801043591,2026-09-16 07:31:37.022926,6.6
a84ee41b-cd9a-4701-b019-55d6af22a3f8,2803,7,4,1,6,1.0,13.8,195,150,195_150,31.81295783365991,2026-09-16 07:31:37.022926,21.166666666666668
aa8a9208-5ca7-4c6b-8152-953f36cc8964,16815,6,16,1,4,1.0,0.79,74,74,74_74,5.926962842136654,2026-09-16 07:31:37.022926,4.65
68763186-4d2b-4412-b9b9-2d7e27212866,984,10,2,1,4,1.0,1.44,74,75,74_75,8.102497468242708,2026-09-16 07:31:37.022926,7.6
e5bcdb0e-132d-4f47-8905-5abb14601d88,5331,14,6,1,1,1.0,2.36,75,239,75_239,16.316603254152906,2026-09-16 07:31:37.022926,14.5
95ed7ee1-ac1a-4027-9472-7c528dfbf618,33573,19,30,1,4,1.0,0.6,42,42,42_42,4.703565786671587,2026-09-16 07:31:37.022926,3.55
d13c458d-6a17-4afb-a918-3c82cb7fd676,33691,20,30,1,4,1.0,1.06,95,196,95_196,8.307466268960384,2026-09-16 07:31:37.022926,8.35
25901d20-6348-4226-bb66-24466db3ea0b,5150,12,6,1,1,6.0,7.58,75,232,75_232,28.18769912634958,2026-09-16 07:31:37.022926,24.416666666666668
3c1d5644-9e93-4bf5-b934-99ec1c9b6e0a,17801,18,16,1,4,1.0,0.72,210,210,210_210,5.968236727225466,2026-09-16 07:31:37.022926,5.383333333333334
76f8a311-92e8-41f1-80c9-8f25104f017f,22397,6,21,1,2,2.0,0.8,74,74,74_74,5.96847626231282,2026-09-16 07:31:37.022926,5.033333333333333
1ccfb7c9-714b-4df9-ad73-dfb965776862,12368,16,12,1,0,1.0,2.51,236,161,236_161,21.135373632750124,2026-09-16 07:31:37.022926,16.316666666666666
e097ee12-5b70-4a98-b857-dfd5040e528e,22607,9,21,1,2,1.0,2.11,75,42,75_42,12.563645896412304,2026-09-16 07:31:37.022926,10.1
533a6705-27c5-41a8-a548-934f6177b2a9,33255,16,30,1,4,1.0,2.7,75,142,75_142,23.73460962825891,2026-09-16 07:31:37.022926,22.566666666666663
d12cc4ad-27ab-4001-aa18-f3652466c1da,27306,19,24,1,5,1.0,2.7,41,244,41_244,14.93659238588754,2026-09-16 07:31:37.022926,13.483333333333333
087f5569-2fdb-4ace-8e56-a958c0aec1d9,14837,16,14,1,2,1.0,8.17,244,141,244_141,29.812101474462484,2026-09-16 07:31:37.022926,22.483333333333334
0b4e0b1a-bf09-46be-9090-71e72cd5eabf,944,9,2,1,4,2.0,10.85,33,239,33_239,30.551679325031824,2026-09-16 07:31:37.022926,37.416666666666664
313f40a3-85ec-4a0a-a29a-f371d9729bea,31528,12,29,1,3,2.0,1.35,74,43,74_43,15.308815906294331,2026-09-16 07:31:37.022926,16.716666666666665
54de34a4-22ad-4bc3-9d70-d085677e09b9,4504,18,5,1,0,1.0,0.8,95,95,95_95,6.07506387586327,2026-09-16 07:31:37.022926,3.8833333333333337
5ea14785-4f19-4440-98ba-8279770d0748,33,0,1,1,3,1.0,0.69,25,106,25_106,6.037513731273541,2026-09-16 07:31:37.022926,5.283333333333333
fcffe1bf-998b-4078-865a-4ef2c8f3ba6a,15984,14,15,1,3,1.0,1.09,75,43,75_43,8.241391419727483,2026-09-16 07:31:37.022926,7.283333333333333
0c65e019-9442-4979-a011-74880762abcf,1446,17,2,1,4,2.0,1.31,65,97,65_97,11.307032678863294,2026-09-16 07:31:37.022926,11.45
4cf3f24c-bba9-4939-b3db-8ae33adf999e,1977,9,3,1,5,1.0,0.81,74,75,74_75,5.419455865515542,2026-09-16 07:31:37.022926,2.9166666666666665
569f0a3c-249e-4299-b7fc-37310196b595,15852,12,15,1,3,2.0,2.11,75,141,75_141,15.40023607100326,2026-09-16 07:31:37.022926,20.216666666666665
d65ae081-477e-4c0a-a29c-36231dfe3af5,21972,18,20,1,1,1.0,3.86,82,138,82_138,11.597968130883805,2026-09-16 07:31:37.022926,9.383333333333333
a4425fec-b176-4210-9bb5-f77acf59b1bf,25164,8,23,1,4,1.0,1.03,75,74,75_74,6.233779022158797,2026-09-16 07:31:37.022926,9.116666666666667
0d860b8a-a4bd-440e-94cd-e69733397cc8,29979,10,28,1,2,1.0,0.58,74,74,74_74,5.9956883709748405,2026-09-16 07:31:37.022926,5.466666666666667
03d01b46-c74b-4812-be92-c15b8be155eb,16071,15,15,1,3,1.0,3.89,82,138,82_138,11.938792374052563,2026-09-16 07:31:37.022926,10.2
1eb2f77e-5fd4-47b3-adcf-480503ab7176,23528,22,21,1,2,1.0,15.0,95,244,95_244,32.331081095189816,2026-09-16 07:31:37.022926,24.866666666666667
06dad704-ad88-46a5-870a-7dbecef48506,23257,18,21,1,2,1.0,1.2,65,49,65_49,12.272586156898043,2026-09-16 07:31:37.022926,10.5
7b4ad7f2-276b-4140-9dec-e43fb09a1aa2,24782,19,22,1,3,1.0,0.98,134,28,134_28,6.212512769015926,2026-09-16 07:31:37.022926,6.35
cea7ad1b-0340-4a44-855f-55a2c69ef283,15922,13,15,1,3,1.0,2.66,74,238,74_238,18.036385035977432,2026-09-16 07:31:37.022926,16.916666666666668
10d55da5-dd31-495f-af60-332bc23bfae7,14838,16,14,1,2,1.0,1.4,74,166,74_166,10.58149460550478,2026-09-16 07:31:37.022926,10.5
5162ea76-8982-4a7e-bc75-6880bcd0bfd5,34264,14,31,1,5,1.0,4.95,74,243,74_243,18.62854785406786,2026-09-16 07:31:37.022926,15.783333333333331
d415129f-4acb-4b84-bc88-303a05ca3c61,29459,20,27,1,1,1.0,1.53,95,95,95_95,10.848519773467242,2026-09-16 07:31:37.022926,14.15
93718f09-0d7f-4be4-84ed-83dee5f855b3,2930,10,4,1,6,1.0,1.92,74,166,74_166,10.38055643857804,2026-09-16 07:31:37.022926,9.883333333333333
18acab55-de27-492f-b50c-1c9f0abe54d4,92,1,1,1,3,1.0,1.99,74,116,74_116,10.159852719152477,2026-09-16 07:31:37.022926,10.65
1121cea2-0642-497d-bdcc-347ecf007a69,21983,18,20,1,1,1.0,1.39,75,74,75_74,6.7179568103747025,2026-09-16 07:31:37.022926,5.45
7dec30cb-404d-4642-8f3a-a73f5b52443b,14170,7,14,1,2,1.0,1.3,74,75,74_75,10.072918080111585,2026-09-16 07:31:37.022926,9.116666666666667
a25a479e-bdfc-494e-986f-4526156d498f,12005,10,12,1,0,1.0,1.57,130,10,130_10,10.633801299460135,2026-09-16 07:31:37.022926,7.583333333333333
1018a965-3aa6-4019-9f2b-b944457f9ced,28093,17,26,1,0,1.0,3.76,82,138,82_138,10.365365856102516,2026-09-16 07:31:37.022926,13.383333333333333
0ed8da00-6091-4391-b514-6b0133b609ce,6780,17,7,1,2,2.0,1.11,196,95,196_95,8.58872997891176,2026-09-16 07:31:37.022926,7.616666666666666
407507a5-56c5-4558-90c7-2bcb4cb2eec2,26361,22,23,1,4,3.0,5.8,97,186,97_186,29.169059101782572,2026-09-16 07:31:37.022926,46.43333333333333
287f518d-e05e-4388-a5c5-af951f89447c,18493,14,17,1,5,1.0,1.16,82,82,82_82,8.952723666098107,2026-09-16 07:31:37.022926,10.433333333333334
bfe380e2-daf3-4400-b915-4470beceefed,24177,13,22,1,3,1.0,3.9,244,238,244_238,15.446563051216408,2026-09-16 07:31:37.022926,7.833333333333333
061b24ae-2c0a-4443-b61b-7fc5741a2a8c,22576,9,21,1,2,1.0,0.0,264,264,264_264,0.677072842125882,2026-09-16 07:31:37.022926,0.5
b3405f3f-6844-4656-999d-873fbba0c9c1,25532,14,23,1,4,2.0,1.5,43,262,43_262,12.619373062003653,2026-09-16 07:31:37.022926,13.133333333333333
d1a6450c-282c-408c-8df0-bb03bbcf9747,731,21,1,1,3,1.0,5.49,129,202,129_202,20.335330398435758,2026-09-16 07:31:37.022926,16.333333333333332
5d60ac23-9446-4a7c-9564-f5909ac082a1,29999,10,28,1,2,6.0,0.15,75,236,75_236,2.7817855936661955,2026-09-16 07:31:37.022926,0.7666666666666667
0497a844-05c9-4842-ac19-ccc266de37b0,3343,17,4,1,6,1.0,1.82,95,134,95_134,10.933707114473474,2026-09-16 07:31:37.022926,11.666666666666666
d8d985b6-1a6b-4f4e-a8b0-a160aa706d67,29192,17,27,1,1,1.0,1.42,65,33,65_33,14.396892149133157,2026-09-16 07:31:37.022926,28.683333333333337
b2fd785d-5887-4471-a1e1-6083572222a5,29701,7,28,1,2,2.0,0.66,74,74,74_74,6.329776945218965,2026-09-16 07:31:37.022926,5.916666666666667
84665519-335e-4e77-8483-116190a47767,28529,9,27,1,1,1.0,1.56,74,75,74_75,19.199820097439474,2026-09-16 07:31:37.022926,19.65
58b4b5b0-78ac-4a91-9ed5-afb7aee865e4,31217,8,29,1,3,1.0,0.89,95,95,95_95,8.285821770305077,2026-09-16 07:31:37.022926,4.266666666666667
eca2112f-936a-43d7-ad42-6200bccc2e82,3207,16,4,1,6,1.0,3.41,33,144,33_144,19.11180013072666,2026-09-16 07:31:37.022926,20.366666666666667
36f085e1-ead9-416f-901a-c096e7eff9c3,5690,18,6,1,1,1.0,2.86,74,262,74_262,18.31432747509293,2026-09-16 07:31:37.022926,15.466666666666669
47c673b0-b276-447c-af91-4147f5a21d82,7523,11,8,1,3,6.0,4.65,75,137,75_137,23.081717793634752,2026-09-16 07:31:37.022926,16.7
fb472da9-a07d-4edd-b3ed-268fa3d2282c,883,8,2,1,4,1.0,1.39,74,75,74_75,7.899458132013016,2026-09-16 07:31:37.022926,6.116666666666666
ce2b922d-00c4-4849-87f5-7c431a03f95f,7399,9,8,1,3,1.0,1.13,74,75,74_75,10.246134491014145,2026-09-16 07:31:37.022926,16.9
321efa6b-cab5-4b07-9f5f-57d6184ea08e,31963,17,29,1,3,1.0,1.8,116,42,116_42,13.631168371225723,2026-09-16 07:31:37.022926,14.983333333333333
66cc9bc0-d0ef-430f-a858-50c36ce84fcd,7072,21,7,1,2,1.0,14.57,130,144,130_144,30.375556202668243,2026-09-16 07:31:37.022926,38.233333333333334
a46d705b-009b-4e9a-a719-601fb6d00748,7402,10,8,1,3,1.0,3.0,74,238,74_238,19.117613065358096,2026-09-16 07:31:37.022926,19.95
08869b8b-88e4-41b0-bbe9-51a8e90e3c62,24546,17,22,1,3,1.0,1.02,82,129,82_129,9.995317275886721,2026-09-16 07:31:37.022926,8.1
4cfcb042-b42a-4132-b090-ba3727078853,11033,13,11,1,6,1.0,3.9,74,142,74_142,19.648011653452524,2026-09-16 07:31:37.022926,20.216666666666665
50757407-ed21-46ec-bc75-fce977e52a14,29716,7,28,1,2,5.0,1.29,74,75,74_75,18.33449069891103,2026-09-16 07:31:37.022926,24.05
1c33fed3-c528-4da5-ad2f-f239bd01f699,2899,6,4,1,6,1.0,1.55,166,238,166_238,6.884424995480549,2026-09-16 07:31:37.022926,9.833333333333334
a8df2339-1376-4821-a97a-80ba4e9d4025,23385,19,21,1,2,1.0,1.22,25,40,25_40,8.805221750112334,2026-09-16 07:31:37.022926,8.8
8eedf95d-19ce-4f53-850a-73123d56f5a1,10306,17,10,1,5,1.0,2.33,43,142,43_142,13.18036832874974,2026-09-16 07:31:37.022926,14.366666666666667
